{"time":"2026-04-16 09:30:55","label":"request_start","context":{"uri":"/?action=auth_bootstrap_status","method":"GET","sapi":"cli-server","php_version":"8.1.34"}}
{"time":"2026-04-16 09:30:55","label":"request_start","context":{"uri":"/?action=auth_bootstrap_status","method":"GET","sapi":"cli-server","php_version":"8.1.34"}}
{"time":"2026-04-16 09:30:55","label":"request_start","context":{"uri":"/?action=events_list&limit=1","method":"GET","sapi":"cli-server","php_version":"8.1.34"}}
{"time":"2026-04-16 09:30:55","label":"request_start","context":{"uri":"/?action=event_popup","method":"GET","sapi":"cli-server","php_version":"8.1.34"}}
{"time":"2026-04-16 09:30:55","label":"request_start","context":{"uri":"/?action=counter","method":"GET","sapi":"cli-server","php_version":"8.1.34"}}
{"time":"2026-04-16 09:30:55","label":"request_start","context":{"uri":"/?action=submit_lead","method":"POST","sapi":"cli-server","php_version":"8.1.34"}}
{"time":"2026-04-16 09:30:55","label":"request_start","context":{"uri":"/?action=auth_login","method":"POST","sapi":"cli-server","php_version":"8.1.34"}}
{"time":"2026-04-16 09:30:56","label":"request_start","context":{"uri":"/?action=auth_bootstrap_status","method":"GET","sapi":"cli-server","php_version":"8.1.34"}}
{"time":"2026-04-16 09:42:30","label":"request_start","context":{"uri":"/?action=auth_bootstrap_status","method":"GET","sapi":"cli-server","php_version":"8.1.34"}}
{"time":"2026-04-16 09:42:30","label":"request_start","context":{"uri":"/?action=auth_bootstrap_status","method":"GET","sapi":"cli-server","php_version":"8.1.34"}}
{"time":"2026-04-16 09:42:30","label":"request_start","context":{"uri":"/?action=events_list&limit=1","method":"GET","sapi":"cli-server","php_version":"8.1.34"}}
{"time":"2026-04-16 09:42:30","label":"request_start","context":{"uri":"/?action=event_popup","method":"GET","sapi":"cli-server","php_version":"8.1.34"}}
{"time":"2026-04-16 09:42:31","label":"request_start","context":{"uri":"/?action=counter","method":"GET","sapi":"cli-server","php_version":"8.1.34"}}
{"time":"2026-04-16 09:42:31","label":"request_start","context":{"uri":"/?action=submit_lead","method":"POST","sapi":"cli-server","php_version":"8.1.34"}}
{"time":"2026-04-16 09:42:31","label":"request_start","context":{"uri":"/?action=auth_login","method":"POST","sapi":"cli-server","php_version":"8.1.34"}}
{"time":"2026-04-16 09:42:53","label":"request_start","context":{"uri":"/index.php","method":"POST","sapi":"cli-server","php_version":"8.1.34"}}
{"time":"2026-04-16 09:42:54","label":"request_start","context":{"uri":"/index.php","method":"POST","sapi":"cli-server","php_version":"8.1.34"}}
{"time":"2026-04-16 09:42:54","label":"request_start","context":{"uri":"/index.php","method":"POST","sapi":"cli-server","php_version":"8.1.34"}}
{"time":"2026-04-16 09:42:54","label":"request_start","context":{"uri":"/index.php?action=events_list","method":"GET","sapi":"cli-server","php_version":"8.1.34"}}
{"time":"2026-04-16 09:42:55","label":"request_start","context":{"uri":"/index.php","method":"POST","sapi":"cli-server","php_version":"8.1.34"}}
{"time":"2026-04-16 09:42:55","label":"request_start","context":{"uri":"/index.php","method":"POST","sapi":"cli-server","php_version":"8.1.34"}}
{"time":"2026-04-16 09:42:55","label":"request_start","context":{"uri":"/index.php","method":"POST","sapi":"cli-server","php_version":"8.1.34"}}
{"time":"2026-04-16 09:42:55","label":"request_start","context":{"uri":"/index.php?action=admin_cash_summary&ledgerDate=2026-04-16&token=eyJhbGciOiJIUzI1NiIsInR5cCI6IkpXVCJ9.eyJzdWIiOiI5MDAwMDAwMDAxIiwicm9sZSI6ImFkbWluIiwibmFtZSI6IlRlc3QgQWRtaW4iLCJpYXQiOjE3NzYzMzI1NzQsImV4cCI6MTc3NjM2MTM3NH0.VzG2wk3UBm9HIF8Dei-mHPYWHP6O-JuSzUWroP-UKZg","method":"GET","sapi":"cli-server","php_version":"8.1.34"}}
{"time":"2026-04-16 09:42:55","label":"request_start","context":{"uri":"/index.php","method":"POST","sapi":"cli-server","php_version":"8.1.34"}}
{"time":"2026-04-16 09:42:55","label":"request_start","context":{"uri":"/index.php?action=superadmin_cash_dashboard&token=eyJhbGciOiJIUzI1NiIsInR5cCI6IkpXVCJ9.eyJzdWIiOiI5MzcxNTE5OTk5Iiwicm9sZSI6InN1cGVyYWRtaW4iLCJuYW1lIjoiU3VwZXIgQWRtaW4iLCJpYXQiOjE3NzYzMzI1NzQsImV4cCI6MTc3NjM2MTM3NH0.vW7SoPY_kKUvsn9Q0ohjIvBjZLjbofUHpdsMr_tkZK4","method":"GET","sapi":"cli-server","php_version":"8.1.34"}}
{"time":"2026-04-16 09:42:56","label":"request_start","context":{"uri":"/index.php?action=event_guest_report&eventId=dj-raj-2026-apr&token=eyJhbGciOiJIUzI1NiIsInR5cCI6IkpXVCJ9.eyJzdWIiOiI5MDAwMDAwMDAxIiwicm9sZSI6ImFkbWluIiwibmFtZSI6IlRlc3QgQWRtaW4iLCJpYXQiOjE3NzYzMzI1NzQsImV4cCI6MTc3NjM2MTM3NH0.VzG2wk3UBm9HIF8Dei-mHPYWHP6O-JuSzUWroP-UKZg","method":"GET","sapi":"cli-server","php_version":"8.1.34"}}
{"time":"2026-04-16 09:42:56","label":"request_start","context":{"uri":"/index.php?action=event_transactions_report&eventId=dj-raj-2026-apr&token=eyJhbGciOiJIUzI1NiIsInR5cCI6IkpXVCJ9.eyJzdWIiOiI5MDAwMDAwMDAxIiwicm9sZSI6ImFkbWluIiwibmFtZSI6IlRlc3QgQWRtaW4iLCJpYXQiOjE3NzYzMzI1NzQsImV4cCI6MTc3NjM2MTM3NH0.VzG2wk3UBm9HIF8Dei-mHPYWHP6O-JuSzUWroP-UKZg","method":"GET","sapi":"cli-server","php_version":"8.1.34"}}
{"time":"2026-04-16 09:42:56","label":"request_start","context":{"uri":"/index.php","method":"POST","sapi":"cli-server","php_version":"8.1.34"}}
{"time":"2026-04-16 09:42:57","label":"request_start","context":{"uri":"/backend/api_settings.php","method":"POST","sapi":"cli-server","php_version":"8.1.34"}}
{"time":"2026-04-16 09:42:57","label":"request_start","context":{"uri":"/?action=auth_list_users","method":"GET","sapi":"cli-server","php_version":"8.1.34"}}
{"time":"2026-04-16 09:44:00","label":"request_start","context":{"uri":"/?action=auth_login","method":"POST","sapi":"cli-server","php_version":"8.1.34"}}
{"time":"2026-04-16 09:44:01","label":"request_start","context":{"uri":"/?action=auth_list_users&token=eyJhbGciOiJIUzI1NiIsInR5cCI6IkpXVCJ9.eyJzdWIiOiI5MzcxNTE5OTk5Iiwicm9sZSI6InN1cGVyYWRtaW4iLCJuYW1lIjoiU3VwZXIgQWRtaW4iLCJpYXQiOjE3NzYzMzI2NDAsImV4cCI6MTc3NjM2MTQ0MH0.uV88xCSk51Xz_OS92DWeOiNh2ikPlEaoIhKrYgbB7Tc","method":"GET","sapi":"cli-server","php_version":"8.1.34"}}
{"time":"2026-04-16 09:44:01","label":"request_start","context":{"uri":"/?action=admin_menu_editor_load&sheetType=food&token=eyJhbGciOiJIUzI1NiIsInR5cCI6IkpXVCJ9.eyJzdWIiOiI5MzcxNTE5OTk5Iiwicm9sZSI6InN1cGVyYWRtaW4iLCJuYW1lIjoiU3VwZXIgQWRtaW4iLCJpYXQiOjE3NzYzMzI2NDAsImV4cCI6MTc3NjM2MTQ0MH0.uV88xCSk51Xz_OS92DWeOiNh2ikPlEaoIhKrYgbB7Tc","method":"GET","sapi":"cli-server","php_version":"8.1.34"}}
{"time":"2026-04-16 09:44:01","label":"request_start","context":{"uri":"/?action=events_list&limit=5","method":"GET","sapi":"cli-server","php_version":"8.1.34"}}
{"time":"2026-04-16 09:44:01","label":"request_start","context":{"uri":"/?action=event_guest_report&eventId=dj-raj-2026-apr&token=eyJhbGciOiJIUzI1NiIsInR5cCI6IkpXVCJ9.eyJzdWIiOiI5MzcxNTE5OTk5Iiwicm9sZSI6InN1cGVyYWRtaW4iLCJuYW1lIjoiU3VwZXIgQWRtaW4iLCJpYXQiOjE3NzYzMzI2NDAsImV4cCI6MTc3NjM2MTQ0MH0.uV88xCSk51Xz_OS92DWeOiNh2ikPlEaoIhKrYgbB7Tc","method":"GET","sapi":"cli-server","php_version":"8.1.34"}}
{"time":"2026-04-16 09:44:01","label":"request_start","context":{"uri":"/?action=event_transactions_report&eventId=dj-raj-2026-apr&token=eyJhbGciOiJIUzI1NiIsInR5cCI6IkpXVCJ9.eyJzdWIiOiI5MzcxNTE5OTk5Iiwicm9sZSI6InN1cGVyYWRtaW4iLCJuYW1lIjoiU3VwZXIgQWRtaW4iLCJpYXQiOjE3NzYzMzI2NDAsImV4cCI6MTc3NjM2MTQ0MH0.uV88xCSk51Xz_OS92DWeOiNh2ikPlEaoIhKrYgbB7Tc","method":"GET","sapi":"cli-server","php_version":"8.1.34"}}
{"time":"2026-04-16 09:44:02","label":"request_start","context":{"uri":"/?action=admin_cash_summary&ledgerDate=2026-04-16&token=eyJhbGciOiJIUzI1NiIsInR5cCI6IkpXVCJ9.eyJzdWIiOiI5MzcxNTE5OTk5Iiwicm9sZSI6InN1cGVyYWRtaW4iLCJuYW1lIjoiU3VwZXIgQWRtaW4iLCJpYXQiOjE3NzYzMzI2NDAsImV4cCI6MTc3NjM2MTQ0MH0.uV88xCSk51Xz_OS92DWeOiNh2ikPlEaoIhKrYgbB7Tc","method":"GET","sapi":"cli-server","php_version":"8.1.34"}}
{"time":"2026-04-16 09:44:02","label":"request_start","context":{"uri":"/?action=superadmin_cash_dashboard&token=eyJhbGciOiJIUzI1NiIsInR5cCI6IkpXVCJ9.eyJzdWIiOiI5MzcxNTE5OTk5Iiwicm9sZSI6InN1cGVyYWRtaW4iLCJuYW1lIjoiU3VwZXIgQWRtaW4iLCJpYXQiOjE3NzYzMzI2NDAsImV4cCI6MTc3NjM2MTQ0MH0.uV88xCSk51Xz_OS92DWeOiNh2ikPlEaoIhKrYgbB7Tc","method":"GET","sapi":"cli-server","php_version":"8.1.34"}}
{"time":"2026-04-16 09:44:02","label":"request_start","context":{"uri":"/backend/api_settings.php","method":"POST","sapi":"cli-server","php_version":"8.1.34"}}
{"time":"2026-04-16 09:45:10","label":"request_start","context":{"uri":"/?action=auth_login","method":"POST","sapi":"cli-server","php_version":"8.1.34"}}
{"time":"2026-04-16 09:45:10","label":"request_start","context":{"uri":"/api_settings.php","method":"POST","sapi":"cli-server","php_version":"8.1.34"}}
{"time":"2026-04-16 09:45:49","label":"request_start","context":{"uri":"/?action=auth_login","method":"POST","sapi":"cli-server","php_version":"8.1.34"}}
{"time":"2026-04-16 09:45:50","label":"request_start","context":{"uri":"/?action=admin_menu_editor_load","method":"POST","sapi":"cli-server","php_version":"8.1.34"}}
{"time":"2026-04-16 09:45:51","label":"request_start","context":{"uri":"/backend/api_settings.php","method":"POST","sapi":"cli-server","php_version":"8.1.34"}}
{"time":"2026-04-16 09:46:24","label":"request_start","context":{"uri":"/?action=auth_login","method":"POST","sapi":"cli-server","php_version":"8.1.34"}}
{"time":"2026-04-16 09:46:24","label":"request_start","context":{"uri":"/backend/api_settings.php","method":"POST","sapi":"cli-server","php_version":"8.1.34"}}
{"time":"2026-04-16 10:09:01","label":"request_start","context":{"uri":"/?action=auth_bootstrap_status","method":"GET","sapi":"cli-server","php_version":"8.1.34"}}
{"time":"2026-04-16 10:09:33","label":"request_start","context":{"uri":"/?action=auth_bootstrap_status","method":"GET","sapi":"cli-server","php_version":"8.1.34"}}
{"time":"2026-04-16 10:09:33","label":"request_start","context":{"uri":"/?action=auth_login","method":"POST","sapi":"cli-server","php_version":"8.1.34"}}
{"time":"2026-04-16 10:09:34","label":"request_start","context":{"uri":"/?action=auth_create_user","method":"POST","sapi":"cli-server","php_version":"8.1.34"}}
{"time":"2026-04-16 10:09:34","label":"request_start","context":{"uri":"/?action=auth_set_user_permissions","method":"POST","sapi":"cli-server","php_version":"8.1.34"}}
{"time":"2026-04-16 10:09:34","label":"request_start","context":{"uri":"/?action=auth_set_user_status","method":"POST","sapi":"cli-server","php_version":"8.1.34"}}
{"time":"2026-04-16 10:09:35","label":"request_start","context":{"uri":"/?action=auth_set_user_status","method":"POST","sapi":"cli-server","php_version":"8.1.34"}}
{"time":"2026-04-16 10:09:35","label":"request_start","context":{"uri":"/?action=auth_reset_password","method":"POST","sapi":"cli-server","php_version":"8.1.34"}}
{"time":"2026-04-16 10:09:35","label":"request_start","context":{"uri":"/?action=auth_login","method":"POST","sapi":"cli-server","php_version":"8.1.34"}}
{"time":"2026-04-16 10:09:35","label":"request_start","context":{"uri":"/?action=auth_change_password","method":"POST","sapi":"cli-server","php_version":"8.1.34"}}
{"time":"2026-04-16 10:09:36","label":"request_start","context":{"uri":"/?action=auth_login","method":"POST","sapi":"cli-server","php_version":"8.1.34"}}
{"time":"2026-04-16 10:09:36","label":"request_start","context":{"uri":"/?action=auth_set_api_settings","method":"POST","sapi":"cli-server","php_version":"8.1.34"}}
{"time":"2026-04-16 10:09:36","label":"request_start","context":{"uri":"/?action=admin_create_event","method":"POST","sapi":"cli-server","php_version":"8.1.34"}}
{"time":"2026-04-16 10:09:36","label":"request_start","context":{"uri":"/?action=admin_update_event","method":"POST","sapi":"cli-server","php_version":"8.1.34"}}
{"time":"2026-04-16 10:09:37","label":"request_start","context":{"uri":"/?action=admin_toggle_event","method":"POST","sapi":"cli-server","php_version":"8.1.34"}}
{"time":"2026-04-16 10:09:37","label":"request_start","context":{"uri":"/?action=admin_toggle_event","method":"POST","sapi":"cli-server","php_version":"8.1.34"}}
{"time":"2026-04-16 10:09:37","label":"request_start","context":{"uri":"/?action=admin_list_events","method":"POST","sapi":"cli-server","php_version":"8.1.34"}}
{"time":"2026-04-16 10:10:23","label":"request_start","context":{"uri":"/?action=auth_bootstrap_status","method":"GET","sapi":"cli-server","php_version":"8.1.34"}}
{"time":"2026-04-16 10:10:23","label":"request_start","context":{"uri":"/?action=auth_login","method":"POST","sapi":"cli-server","php_version":"8.1.34"}}
{"time":"2026-04-16 10:10:24","label":"request_start","context":{"uri":"/?action=auth_create_user","method":"POST","sapi":"cli-server","php_version":"8.1.34"}}
{"time":"2026-04-16 10:10:24","label":"request_start","context":{"uri":"/?action=auth_set_user_permissions","method":"POST","sapi":"cli-server","php_version":"8.1.34"}}
{"time":"2026-04-16 10:10:24","label":"request_start","context":{"uri":"/?action=auth_set_user_status","method":"POST","sapi":"cli-server","php_version":"8.1.34"}}
{"time":"2026-04-16 10:10:24","label":"request_start","context":{"uri":"/?action=auth_set_user_status","method":"POST","sapi":"cli-server","php_version":"8.1.34"}}
{"time":"2026-04-16 10:10:25","label":"request_start","context":{"uri":"/?action=auth_reset_password","method":"POST","sapi":"cli-server","php_version":"8.1.34"}}
{"time":"2026-04-16 10:10:25","label":"request_start","context":{"uri":"/?action=auth_login","method":"POST","sapi":"cli-server","php_version":"8.1.34"}}
{"time":"2026-04-16 10:10:25","label":"request_start","context":{"uri":"/?action=auth_change_password","method":"POST","sapi":"cli-server","php_version":"8.1.34"}}
{"time":"2026-04-16 10:10:25","label":"request_start","context":{"uri":"/?action=auth_login","method":"POST","sapi":"cli-server","php_version":"8.1.34"}}
{"time":"2026-04-16 10:10:26","label":"request_start","context":{"uri":"/?action=auth_set_api_settings","method":"POST","sapi":"cli-server","php_version":"8.1.34"}}
{"time":"2026-04-16 10:10:26","label":"request_start","context":{"uri":"/?action=admin_create_event","method":"POST","sapi":"cli-server","php_version":"8.1.34"}}
{"time":"2026-04-16 10:10:26","label":"request_start","context":{"uri":"/?action=admin_update_event","method":"POST","sapi":"cli-server","php_version":"8.1.34"}}
{"time":"2026-04-16 10:10:26","label":"request_start","context":{"uri":"/?action=admin_toggle_event","method":"POST","sapi":"cli-server","php_version":"8.1.34"}}
{"time":"2026-04-16 10:10:26","label":"request_start","context":{"uri":"/?action=admin_toggle_event","method":"POST","sapi":"cli-server","php_version":"8.1.34"}}
{"time":"2026-04-16 10:10:26","label":"request_start","context":{"uri":"/?action=admin_list_events&token=eyJhbGciOiJIUzI1NiIsInR5cCI6IkpXVCJ9.eyJzdWIiOiI5NTIxNjUzMDAxIiwicm9sZSI6ImFkbWluIiwibmFtZSI6IkRVTU1ZIEUyRSBVU0VSIiwiaWF0IjoxNzc2MzM0MjI1LCJleHAiOjE3NzYzNjMwMjV9.0GxBnAvg6K0hxbkul5GK-UoghIFzMSF0PX1qwmWaWSw","method":"GET","sapi":"cli-server","php_version":"8.1.34"}}
{"time":"2026-04-16 10:10:27","label":"request_start","context":{"uri":"/?action=event_guest_report&token=eyJhbGciOiJIUzI1NiIsInR5cCI6IkpXVCJ9.eyJzdWIiOiI5NTIxNjUzMDAxIiwicm9sZSI6ImFkbWluIiwibmFtZSI6IkRVTU1ZIEUyRSBVU0VSIiwiaWF0IjoxNzc2MzM0MjI1LCJleHAiOjE3NzYzNjMwMjV9.0GxBnAvg6K0hxbkul5GK-UoghIFzMSF0PX1qwmWaWSw&eventId=dummy-e2e-20260416154026","method":"GET","sapi":"cli-server","php_version":"8.1.34"}}
{"time":"2026-04-16 10:10:27","label":"request_start","context":{"uri":"/?action=admin_menu_editor_add_row","method":"POST","sapi":"cli-server","php_version":"8.1.34"}}
{"time":"2026-04-16 10:10:27","label":"request_start","context":{"uri":"/?action=admin_menu_editor_save_changes","method":"POST","sapi":"cli-server","php_version":"8.1.34"}}
{"time":"2026-04-16 10:10:27","label":"request_start","context":{"uri":"/?action=admin_menu_editor_set_visibility","method":"POST","sapi":"cli-server","php_version":"8.1.34"}}
{"time":"2026-04-16 10:10:27","label":"request_start","context":{"uri":"/?action=admin_menu_editor_set_visibility","method":"POST","sapi":"cli-server","php_version":"8.1.34"}}
{"time":"2026-04-16 10:10:27","label":"request_start","context":{"uri":"/?action=admin_menu_editor_delete_rows","method":"POST","sapi":"cli-server","php_version":"8.1.34"}}
{"time":"2026-04-16 10:10:28","label":"request_start","context":{"uri":"/?action=submit_lead","method":"POST","sapi":"cli-server","php_version":"8.1.34"}}
{"time":"2026-04-16 10:10:28","label":"request_start","context":{"uri":"/?action=verify&phone=9833670800","method":"GET","sapi":"cli-server","php_version":"8.1.34"}}
{"time":"2026-04-16 10:10:28","label":"request_start","context":{"uri":"/?action=redeem&token=eyJhbGciOiJIUzI1NiIsInR5cCI6IkpXVCJ9.eyJzdWIiOiI5NTIxNjUzMDAxIiwicm9sZSI6ImFkbWluIiwibmFtZSI6IkRVTU1ZIEUyRSBVU0VSIiwiaWF0IjoxNzc2MzM0MjI1LCJleHAiOjE3NzYzNjMwMjV9.0GxBnAvg6K0hxbkul5GK-UoghIFzMSF0PX1qwmWaWSw&phone=9833670800","method":"GET","sapi":"cli-server","php_version":"8.1.34"}}
{"time":"2026-04-16 10:10:28","label":"request_start","context":{"uri":"/?action=regen_coupon&token=eyJhbGciOiJIUzI1NiIsInR5cCI6IkpXVCJ9.eyJzdWIiOiI5NTIxNjUzMDAxIiwicm9sZSI6ImFkbWluIiwibmFtZSI6IkRVTU1ZIEUyRSBVU0VSIiwiaWF0IjoxNzc2MzM0MjI1LCJleHAiOjE3NzYzNjMwMjV9.0GxBnAvg6K0hxbkul5GK-UoghIFzMSF0PX1qwmWaWSw&phone=9833670800","method":"GET","sapi":"cli-server","php_version":"8.1.34"}}
{"time":"2026-04-16 10:10:28","label":"request_start","context":{"uri":"/?action=qr_scan_client","method":"POST","sapi":"cli-server","php_version":"8.1.34"}}
{"time":"2026-04-16 10:10:28","label":"request_start","context":{"uri":"/?action=qr_report&token=eyJhbGciOiJIUzI1NiIsInR5cCI6IkpXVCJ9.eyJzdWIiOiI5NTIxNjUzMDAxIiwicm9sZSI6ImFkbWluIiwibmFtZSI6IkRVTU1ZIEUyRSBVU0VSIiwiaWF0IjoxNzc2MzM0MjI1LCJleHAiOjE3NzYzNjMwMjV9.0GxBnAvg6K0hxbkul5GK-UoghIFzMSF0PX1qwmWaWSw","method":"GET","sapi":"cli-server","php_version":"8.1.34"}}
{"time":"2026-04-16 10:10:28","label":"request_start","context":{"uri":"/?action=admin_issue_cash_paid_pass","method":"POST","sapi":"cli-server","php_version":"8.1.34"}}
{"time":"2026-04-16 10:10:29","label":"request_start","context":{"uri":"/?action=admin_request_cash_handover","method":"POST","sapi":"cli-server","php_version":"8.1.34"}}
{"time":"2026-04-16 10:10:29","label":"request_start","context":{"uri":"/?action=superadmin_approve_cash_handover","method":"POST","sapi":"cli-server","php_version":"8.1.34"}}
{"time":"2026-04-16 10:11:16","label":"request_start","context":{"uri":"/?action=auth_bootstrap_status","method":"GET","sapi":"cli-server","php_version":"8.1.34"}}
{"time":"2026-04-16 10:11:17","label":"request_start","context":{"uri":"/?action=auth_login","method":"POST","sapi":"cli-server","php_version":"8.1.34"}}
{"time":"2026-04-16 10:11:17","label":"request_start","context":{"uri":"/?action=auth_create_user","method":"POST","sapi":"cli-server","php_version":"8.1.34"}}
{"time":"2026-04-16 10:11:17","label":"request_start","context":{"uri":"/?action=auth_set_user_permissions","method":"POST","sapi":"cli-server","php_version":"8.1.34"}}
{"time":"2026-04-16 10:11:18","label":"request_start","context":{"uri":"/?action=auth_set_user_status","method":"POST","sapi":"cli-server","php_version":"8.1.34"}}
{"time":"2026-04-16 10:11:18","label":"request_start","context":{"uri":"/?action=auth_set_user_status","method":"POST","sapi":"cli-server","php_version":"8.1.34"}}
{"time":"2026-04-16 10:11:18","label":"request_start","context":{"uri":"/?action=auth_reset_password","method":"POST","sapi":"cli-server","php_version":"8.1.34"}}
{"time":"2026-04-16 10:11:18","label":"request_start","context":{"uri":"/?action=auth_login","method":"POST","sapi":"cli-server","php_version":"8.1.34"}}
{"time":"2026-04-16 10:11:19","label":"request_start","context":{"uri":"/?action=auth_change_password","method":"POST","sapi":"cli-server","php_version":"8.1.34"}}
{"time":"2026-04-16 10:11:19","label":"request_start","context":{"uri":"/?action=auth_login","method":"POST","sapi":"cli-server","php_version":"8.1.34"}}
{"time":"2026-04-16 10:11:19","label":"request_start","context":{"uri":"/?action=auth_set_api_settings","method":"POST","sapi":"cli-server","php_version":"8.1.34"}}
{"time":"2026-04-16 10:11:19","label":"request_start","context":{"uri":"/?action=admin_create_event","method":"POST","sapi":"cli-server","php_version":"8.1.34"}}
{"time":"2026-04-16 10:11:19","label":"request_start","context":{"uri":"/?action=admin_update_event","method":"POST","sapi":"cli-server","php_version":"8.1.34"}}
{"time":"2026-04-16 10:11:20","label":"request_start","context":{"uri":"/?action=admin_toggle_event","method":"POST","sapi":"cli-server","php_version":"8.1.34"}}
{"time":"2026-04-16 10:11:20","label":"request_start","context":{"uri":"/?action=admin_toggle_event","method":"POST","sapi":"cli-server","php_version":"8.1.34"}}
{"time":"2026-04-16 10:11:20","label":"request_start","context":{"uri":"/?action=admin_list_events&token=eyJhbGciOiJIUzI1NiIsInR5cCI6IkpXVCJ9.eyJzdWIiOiI5Njg4NDU0MDAxIiwicm9sZSI6ImFkbWluIiwibmFtZSI6IkRVTU1ZIEUyRSBVU0VSIiwiaWF0IjoxNzc2MzM0Mjc5LCJleHAiOjE3NzYzNjMwNzl9.LMtf7YSjOGJwPfG-EtI2ErOzKmNITv3PjBGQuC0JRGg","method":"GET","sapi":"cli-server","php_version":"8.1.34"}}
{"time":"2026-04-16 10:11:20","label":"request_start","context":{"uri":"/?action=event_guest_report&token=eyJhbGciOiJIUzI1NiIsInR5cCI6IkpXVCJ9.eyJzdWIiOiI5Njg4NDU0MDAxIiwicm9sZSI6ImFkbWluIiwibmFtZSI6IkRVTU1ZIEUyRSBVU0VSIiwiaWF0IjoxNzc2MzM0Mjc5LCJleHAiOjE3NzYzNjMwNzl9.LMtf7YSjOGJwPfG-EtI2ErOzKmNITv3PjBGQuC0JRGg&eventId=dummy-e2e-20260416154119","method":"GET","sapi":"cli-server","php_version":"8.1.34"}}
{"time":"2026-04-16 10:11:20","label":"request_start","context":{"uri":"/?action=admin_menu_editor_add_row","method":"POST","sapi":"cli-server","php_version":"8.1.34"}}
{"time":"2026-04-16 10:11:21","label":"request_start","context":{"uri":"/?action=admin_menu_editor_save_changes","method":"POST","sapi":"cli-server","php_version":"8.1.34"}}
{"time":"2026-04-16 10:11:21","label":"request_start","context":{"uri":"/?action=admin_menu_editor_set_visibility","method":"POST","sapi":"cli-server","php_version":"8.1.34"}}
{"time":"2026-04-16 10:11:21","label":"request_start","context":{"uri":"/?action=admin_menu_editor_set_visibility","method":"POST","sapi":"cli-server","php_version":"8.1.34"}}
{"time":"2026-04-16 10:11:21","label":"request_start","context":{"uri":"/?action=admin_menu_editor_delete_rows","method":"POST","sapi":"cli-server","php_version":"8.1.34"}}
{"time":"2026-04-16 10:11:21","label":"request_start","context":{"uri":"/?action=submit_lead","method":"POST","sapi":"cli-server","php_version":"8.1.34"}}
{"time":"2026-04-16 10:11:21","label":"request_start","context":{"uri":"/?action=verify&phone=9817788114","method":"GET","sapi":"cli-server","php_version":"8.1.34"}}
{"time":"2026-04-16 10:11:22","label":"request_start","context":{"uri":"/?action=redeem&token=eyJhbGciOiJIUzI1NiIsInR5cCI6IkpXVCJ9.eyJzdWIiOiI5Njg4NDU0MDAxIiwicm9sZSI6ImFkbWluIiwibmFtZSI6IkRVTU1ZIEUyRSBVU0VSIiwiaWF0IjoxNzc2MzM0Mjc5LCJleHAiOjE3NzYzNjMwNzl9.LMtf7YSjOGJwPfG-EtI2ErOzKmNITv3PjBGQuC0JRGg&phone=9817788114","method":"GET","sapi":"cli-server","php_version":"8.1.34"}}
{"time":"2026-04-16 10:11:22","label":"request_start","context":{"uri":"/?action=regen_coupon&token=eyJhbGciOiJIUzI1NiIsInR5cCI6IkpXVCJ9.eyJzdWIiOiI5Njg4NDU0MDAxIiwicm9sZSI6ImFkbWluIiwibmFtZSI6IkRVTU1ZIEUyRSBVU0VSIiwiaWF0IjoxNzc2MzM0Mjc5LCJleHAiOjE3NzYzNjMwNzl9.LMtf7YSjOGJwPfG-EtI2ErOzKmNITv3PjBGQuC0JRGg&phone=9817788114","method":"GET","sapi":"cli-server","php_version":"8.1.34"}}
{"time":"2026-04-16 10:11:22","label":"request_start","context":{"uri":"/?action=qr_scan_client","method":"POST","sapi":"cli-server","php_version":"8.1.34"}}
{"time":"2026-04-16 10:11:22","label":"request_start","context":{"uri":"/?action=qr_report&token=eyJhbGciOiJIUzI1NiIsInR5cCI6IkpXVCJ9.eyJzdWIiOiI5Njg4NDU0MDAxIiwicm9sZSI6ImFkbWluIiwibmFtZSI6IkRVTU1ZIEUyRSBVU0VSIiwiaWF0IjoxNzc2MzM0Mjc5LCJleHAiOjE3NzYzNjMwNzl9.LMtf7YSjOGJwPfG-EtI2ErOzKmNITv3PjBGQuC0JRGg","method":"GET","sapi":"cli-server","php_version":"8.1.34"}}
{"time":"2026-04-16 10:11:22","label":"request_start","context":{"uri":"/?action=admin_issue_cash_paid_pass","method":"POST","sapi":"cli-server","php_version":"8.1.34"}}
{"time":"2026-04-16 10:11:22","label":"request_start","context":{"uri":"/?action=admin_request_cash_handover","method":"POST","sapi":"cli-server","php_version":"8.1.34"}}
{"time":"2026-04-16 10:11:23","label":"request_start","context":{"uri":"/?action=superadmin_approve_cash_handover","method":"POST","sapi":"cli-server","php_version":"8.1.34"}}
{"time":"2026-04-16 10:11:23","label":"request_start","context":{"uri":"/?action=admin_cash_summary&token=eyJhbGciOiJIUzI1NiIsInR5cCI6IkpXVCJ9.eyJzdWIiOiI5Njg4NDU0MDAxIiwicm9sZSI6ImFkbWluIiwibmFtZSI6IkRVTU1ZIEUyRSBVU0VSIiwiaWF0IjoxNzc2MzM0Mjc5LCJleHAiOjE3NzYzNjMwNzl9.LMtf7YSjOGJwPfG-EtI2ErOzKmNITv3PjBGQuC0JRGg&ledgerDate=2026-04-16","method":"GET","sapi":"cli-server","php_version":"8.1.34"}}
{"time":"2026-04-16 10:11:23","label":"request_start","context":{"uri":"/?action=superadmin_cash_dashboard&token=eyJhbGciOiJIUzI1NiIsInR5cCI6IkpXVCJ9.eyJzdWIiOiI5MzcxNTE5OTk5Iiwicm9sZSI6InN1cGVyYWRtaW4iLCJuYW1lIjoiU3VwZXIgQWRtaW4iLCJpYXQiOjE3NzYzMzQyNzcsImV4cCI6MTc3NjM2MzA3N30.THG5TejAuDjkeegf75BJf5T9ldiawMX2lUSJUd5EVdQ","method":"GET","sapi":"cli-server","php_version":"8.1.34"}}
{"time":"2026-04-16 10:11:23","label":"request_start","context":{"uri":"/?action=auth_me","method":"POST","sapi":"cli-server","php_version":"8.1.34"}}
{"time":"2026-04-16 10:11:23","label":"request_start","context":{"uri":"/?action=auth_logout","method":"POST","sapi":"cli-server","php_version":"8.1.34"}}
{"time":"2026-04-16 10:15:54","label":"request_start","context":{"uri":"/","method":"GET","sapi":"cli-server","php_version":"8.1.34"}}
{"time":"2026-04-16 10:15:55","label":"request_start","context":{"uri":"/favicon.ico","method":"GET","sapi":"cli-server","php_version":"8.1.34"}}
{"time":"2026-04-16 10:16:12","label":"request_start","context":{"uri":"/index.html","method":"GET","sapi":"cli-server","php_version":"8.1.34"}}
{"time":"2026-04-16 10:16:12","label":"request_start","context":{"uri":"/favicon.ico","method":"GET","sapi":"cli-server","php_version":"8.1.34"}}
{"time":"2026-04-16 10:30:10","label":"request_start","context":{"uri":"/?action=auth_bootstrap_status","method":"GET","sapi":"cli-server","php_version":"8.1.34"}}
{"time":"2026-04-16 10:30:10","label":"request_start","context":{"uri":"/?action=auth_login","method":"POST","sapi":"cli-server","php_version":"8.1.34"}}
{"time":"2026-04-16 10:30:11","label":"request_start","context":{"uri":"/?action=events_list&limit=1","method":"GET","sapi":"cli-server","php_version":"8.1.34"}}
{"time":"2026-04-16 10:31:17","label":"request_start","context":{"uri":"/","method":"GET","sapi":"cli-server","php_version":"8.1.34"}}
{"time":"2026-04-16 10:31:17","label":"request_start","context":{"uri":"/favicon.ico","method":"GET","sapi":"cli-server","php_version":"8.1.34"}}
{"time":"2026-04-16 10:35:13","label":"request_start","context":{"uri":"/?action=auth_login","method":"POST","sapi":"cli-server","php_version":"8.1.34"}}
{"time":"2026-04-16 10:35:17","label":"request_start","context":{"uri":"/?action=events_list&limit=20","method":"GET","sapi":"cli-server","php_version":"8.1.34"}}
{"time":"2026-04-16 10:37:51","label":"request_start","context":{"uri":"/","method":"POST","sapi":"cli-server","php_version":"8.1.34"}}
{"time":"2026-04-16 10:38:00","label":"request_start","context":{"uri":"/?action=auth_me&token=eyJhbGciOiJIUzI1NiIsInR5cCI6IkpXVCJ9.eyJzdWIiOiI5MzcxNTE5OTk5Iiwicm9sZSI6InN1cGVyYWRtaW4iLCJuYW1lIjoiU3VwZXIgQWRtaW4iLCJpYXQiOjE3NzYzMzU4NzEsImV4cCI6MTc3NjM2NDY3MX0.tYux-hdeUj9OqjfEsaxMZToiYz67TM_SP-FVSoZoNzg","method":"GET","sapi":"cli-server","php_version":"8.1.34"}}
{"time":"2026-04-16 10:38:09","label":"request_start","context":{"uri":"/?action=auth_me&token=eyJhbGciOiJIUzI1NiIsInR5cCI6IkpXVCJ9.eyJzdWIiOiI5MzcxNTE5OTk5Iiwicm9sZSI6InN1cGVyYWRtaW4iLCJuYW1lIjoiU3VwZXIgQWRtaW4iLCJpYXQiOjE3NzYzMzU4NzEsImV4cCI6MTc3NjM2NDY3MX0.tYux-hdeUj9OqjfEsaxMZToiYz67TM_SP-FVSoZoNzg","method":"GET","sapi":"cli-server","php_version":"8.1.34"}}
{"time":"2026-04-16 10:38:15","label":"request_start","context":{"uri":"/?action=auth_me&token=eyJhbGciOiJIUzI1NiIsInR5cCI6IkpXVCJ9.eyJzdWIiOiI5MzcxNTE5OTk5Iiwicm9sZSI6InN1cGVyYWRtaW4iLCJuYW1lIjoiU3VwZXIgQWRtaW4iLCJpYXQiOjE3NzYzMzU4NzEsImV4cCI6MTc3NjM2NDY3MX0.tYux-hdeUj9OqjfEsaxMZToiYz67TM_SP-FVSoZoNzg","method":"GET","sapi":"cli-server","php_version":"8.1.34"}}
{"time":"2026-04-16 10:40:10","label":"request_start","context":{"uri":"/?action=auth_login","method":"POST","sapi":"cli-server","php_version":"8.1.34"}}
{"time":"2026-04-16 10:40:10","label":"request_start","context":{"uri":"/?action=auth_list_users","method":"POST","sapi":"cli-server","php_version":"8.1.34"}}
{"time":"2026-04-16 10:40:11","label":"request_start","context":{"uri":"/?action=auth_login","method":"POST","sapi":"cli-server","php_version":"8.1.34"}}
{"time":"2026-04-16 10:40:11","label":"request_start","context":{"uri":"/?action=admin_menu_editor_load","method":"POST","sapi":"cli-server","php_version":"8.1.34"}}
{"time":"2026-04-16 10:42:30","label":"request_start","context":{"uri":"/?action=events_list&limit=3","method":"GET","sapi":"cli-server","php_version":"8.1.34"}}
{"time":"2026-04-16 10:42:30","label":"request_start","context":{"uri":"/?action=auth_login","method":"POST","sapi":"cli-server","php_version":"8.1.34"}}
{"time":"2026-04-16 10:42:32","label":"request_start","context":{"uri":"/?action=events_list&limit=20","method":"GET","sapi":"cli-server","php_version":"8.1.34"}}
{"time":"2026-04-16 10:43:30","label":"request_start","context":{"uri":"/","method":"POST","sapi":"cli-server","php_version":"8.1.34"}}
{"time":"2026-04-16 10:43:36","label":"request_start","context":{"uri":"/?action=auth_me&token=eyJhbGciOiJIUzI1NiIsInR5cCI6IkpXVCJ9.eyJzdWIiOiI5MzcxNTE5OTk5Iiwicm9sZSI6InN1cGVyYWRtaW4iLCJuYW1lIjoiU3VwZXIgQWRtaW4iLCJpYXQiOjE3NzYzMzYyMTEsImV4cCI6MTc3NjM2NTAxMX0.4hjK2dW-t6k5jJdiQ_-mFPb5BRox0j05s9-2uu5cQzM","method":"GET","sapi":"cli-server","php_version":"8.1.34"}}
{"time":"2026-04-16 10:43:38","label":"request_start","context":{"uri":"/?action=ensure_qr_sheet","method":"GET","sapi":"cli-server","php_version":"8.1.34"}}
{"time":"2026-04-16 10:43:38","label":"request_start","context":{"uri":"/?action=qr_report","method":"GET","sapi":"cli-server","php_version":"8.1.34"}}
{"time":"2026-04-16 10:44:08","label":"request_start","context":{"uri":"/?action=qr_report","method":"GET","sapi":"cli-server","php_version":"8.1.34"}}
{"time":"2026-04-16 10:44:38","label":"request_start","context":{"uri":"/?action=qr_report","method":"GET","sapi":"cli-server","php_version":"8.1.34"}}
{"time":"2026-04-16 10:45:38","label":"request_start","context":{"uri":"/?action=qr_report","method":"GET","sapi":"cli-server","php_version":"8.1.34"}}
{"time":"2026-04-16 10:45:44","label":"request_start","context":{"uri":"/?action=qr_report","method":"GET","sapi":"cli-server","php_version":"8.1.34"}}
{"time":"2026-04-16 10:46:29","label":"request_start","context":{"uri":"/?action=auth_me&token=eyJhbGciOiJIUzI1NiIsInR5cCI6IkpXVCJ9.eyJzdWIiOiI5MzcxNTE5OTk5Iiwicm9sZSI6InN1cGVyYWRtaW4iLCJuYW1lIjoiU3VwZXIgQWRtaW4iLCJpYXQiOjE3NzYzMzYyMTEsImV4cCI6MTc3NjM2NTAxMX0.4hjK2dW-t6k5jJdiQ_-mFPb5BRox0j05s9-2uu5cQzM","method":"GET","sapi":"cli-server","php_version":"8.1.34"}}
{"time":"2026-04-16 10:46:36","label":"request_start","context":{"uri":"/?action=auth_me&token=eyJhbGciOiJIUzI1NiIsInR5cCI6IkpXVCJ9.eyJzdWIiOiI5MzcxNTE5OTk5Iiwicm9sZSI6InN1cGVyYWRtaW4iLCJuYW1lIjoiU3VwZXIgQWRtaW4iLCJpYXQiOjE3NzYzMzYyMTEsImV4cCI6MTc3NjM2NTAxMX0.4hjK2dW-t6k5jJdiQ_-mFPb5BRox0j05s9-2uu5cQzM","method":"GET","sapi":"cli-server","php_version":"8.1.34"}}
{"time":"2026-04-16 10:46:38","label":"request_start","context":{"uri":"/?action=qr_report","method":"GET","sapi":"cli-server","php_version":"8.1.34"}}
{"time":"2026-04-16 10:47:38","label":"request_start","context":{"uri":"/?action=qr_report","method":"GET","sapi":"cli-server","php_version":"8.1.34"}}
{"time":"2026-04-16 10:48:38","label":"request_start","context":{"uri":"/?action=qr_report","method":"GET","sapi":"cli-server","php_version":"8.1.34"}}
{"time":"2026-04-16 10:49:38","label":"request_start","context":{"uri":"/?action=qr_report","method":"GET","sapi":"cli-server","php_version":"8.1.34"}}
{"time":"2026-04-16 10:50:27","label":"request_start","context":{"uri":"/?action=auth_me&token=eyJhbGciOiJIUzI1NiIsInR5cCI6IkpXVCJ9.eyJzdWIiOiI5MzcxNTE5OTk5Iiwicm9sZSI6InN1cGVyYWRtaW4iLCJuYW1lIjoiU3VwZXIgQWRtaW4iLCJpYXQiOjE3NzYzMzYyMTEsImV4cCI6MTc3NjM2NTAxMX0.4hjK2dW-t6k5jJdiQ_-mFPb5BRox0j05s9-2uu5cQzM","method":"GET","sapi":"cli-server","php_version":"8.1.34"}}
{"time":"2026-04-16 10:50:38","label":"request_start","context":{"uri":"/?action=qr_report","method":"GET","sapi":"cli-server","php_version":"8.1.34"}}
{"time":"2026-04-16 10:51:38","label":"request_start","context":{"uri":"/?action=qr_report","method":"GET","sapi":"cli-server","php_version":"8.1.34"}}
{"time":"2026-04-16 10:53:36","label":"request_start","context":{"uri":"/?action=qr_report","method":"GET","sapi":"cli-server","php_version":"8.1.34"}}
{"time":"2026-04-16 10:55:14","label":"request_start","context":{"uri":"/?action=qr_report","method":"GET","sapi":"cli-server","php_version":"8.1.34"}}
{"time":"2026-04-16 10:55:38","label":"request_start","context":{"uri":"/?action=qr_report","method":"GET","sapi":"cli-server","php_version":"8.1.34"}}
{"time":"2026-04-16 10:55:53","label":"request_start","context":{"uri":"/?action=qr_report","method":"GET","sapi":"cli-server","php_version":"8.1.34"}}
{"time":"2026-04-16 10:55:57","label":"request_start","context":{"uri":"/?action=events_list&limit=20","method":"GET","sapi":"cli-server","php_version":"8.1.34"}}
{"time":"2026-04-16 10:56:04","label":"request_start","context":{"uri":"/","method":"POST","sapi":"cli-server","php_version":"8.1.34"}}
{"time":"2026-04-16 10:56:12","label":"request_start","context":{"uri":"/?action=qr_report","method":"GET","sapi":"cli-server","php_version":"8.1.34"}}
{"time":"2026-04-16 10:56:32","label":"request_start","context":{"uri":"/?action=event_detail&eventId=dj-raj-2026-apr","method":"GET","sapi":"cli-server","php_version":"8.1.34"}}
{"time":"2026-04-16 10:56:38","label":"request_start","context":{"uri":"/?action=qr_report","method":"GET","sapi":"cli-server","php_version":"8.1.34"}}
{"time":"2026-04-16 10:56:50","label":"request_start","context":{"uri":"/?action=events_list&limit=20","method":"GET","sapi":"cli-server","php_version":"8.1.34"}}
{"time":"2026-04-16 10:57:01","label":"request_start","context":{"uri":"/?action=events_list&limit=20","method":"GET","sapi":"cli-server","php_version":"8.1.34"}}
{"time":"2026-04-16 10:57:19","label":"request_start","context":{"uri":"/?tab=AWGNK%20MENU&shape=grid","method":"GET","sapi":"cli-server","php_version":"8.1.34"}}
{"time":"2026-04-16 10:58:36","label":"request_start","context":{"uri":"/?action=qr_report","method":"GET","sapi":"cli-server","php_version":"8.1.34"}}
{"time":"2026-04-16 11:00:36","label":"request_start","context":{"uri":"/?action=qr_report","method":"GET","sapi":"cli-server","php_version":"8.1.34"}}
{"time":"2026-04-16 11:02:26","label":"request_start","context":{"uri":"/?tab=AWGNK%20MENU&shape=grid","method":"GET","sapi":"cli-server","php_version":"8.1.34"}}
{"time":"2026-04-16 11:02:36","label":"request_start","context":{"uri":"/?action=qr_report","method":"GET","sapi":"cli-server","php_version":"8.1.34"}}
{"time":"2026-04-16 11:02:50","label":"request_start","context":{"uri":"/?tab=BAR%20MENU%20NK&shape=grid","method":"GET","sapi":"cli-server","php_version":"8.1.34"}}
{"time":"2026-04-16 11:02:52","label":"request_start","context":{"uri":"/?tab=BAR%20MENU%20NK&shape=grid","method":"GET","sapi":"cli-server","php_version":"8.1.34"}}
{"time":"2026-04-16 11:02:54","label":"request_start","context":{"uri":"/?tab=BAR%20MENU%20NK&shape=grid","method":"GET","sapi":"cli-server","php_version":"8.1.34"}}
{"time":"2026-04-16 11:02:56","label":"request_start","context":{"uri":"/?tab=BAR%20MENU%20NK&shape=grid","method":"GET","sapi":"cli-server","php_version":"8.1.34"}}
{"time":"2026-04-16 11:03:38","label":"request_start","context":{"uri":"/?action=qr_report","method":"GET","sapi":"cli-server","php_version":"8.1.34"}}
{"time":"2026-04-16 11:03:43","label":"request_start","context":{"uri":"/","method":"POST","sapi":"cli-server","php_version":"8.1.34"}}
{"time":"2026-04-16 11:03:58","label":"request_start","context":{"uri":"/?action=auth_me&token=eyJhbGciOiJIUzI1NiIsInR5cCI6IkpXVCJ9.eyJzdWIiOiI5MzcxNTE5OTk5Iiwicm9sZSI6InN1cGVyYWRtaW4iLCJuYW1lIjoiU3VwZXIgQWRtaW4iLCJpYXQiOjE3NzYzMzc0MjMsImV4cCI6MTc3NjM2NjIyM30.4ZnrnrJ94Qq-Sz4_v25lmLm92I2EGS_ab9LujKpNVZk","method":"GET","sapi":"cli-server","php_version":"8.1.34"}}
{"time":"2026-04-16 11:04:49","label":"request_start","context":{"uri":"/?action=ensure_qr_sheet","method":"GET","sapi":"cli-server","php_version":"8.1.34"}}
{"time":"2026-04-16 11:04:49","label":"request_start","context":{"uri":"/?action=qr_report","method":"GET","sapi":"cli-server","php_version":"8.1.34"}}
{"time":"2026-04-16 11:04:58","label":"request_start","context":{"uri":"/?tab=AWGNK%20MENU&shape=grid","method":"GET","sapi":"cli-server","php_version":"8.1.34"}}
{"time":"2026-04-16 11:04:58","label":"request_start","context":{"uri":"/?tab=BAR%20MENU%20NK&shape=grid","method":"GET","sapi":"cli-server","php_version":"8.1.34"}}
{"time":"2026-04-16 11:05:49","label":"request_start","context":{"uri":"/?action=qr_report","method":"GET","sapi":"cli-server","php_version":"8.1.34"}}
{"time":"2026-04-16 11:06:50","label":"request_start","context":{"uri":"/?action=qr_report","method":"GET","sapi":"cli-server","php_version":"8.1.34"}}
{"time":"2026-04-16 11:07:50","label":"request_start","context":{"uri":"/?action=qr_report","method":"GET","sapi":"cli-server","php_version":"8.1.34"}}
{"time":"2026-04-16 11:08:04","label":"request_start","context":{"uri":"/","method":"POST","sapi":"cli-server","php_version":"8.1.34"}}
{"time":"2026-04-16 11:08:05","label":"request_start","context":{"uri":"/?action=auth_list_users&token=eyJhbGciOiJIUzI1NiIsInR5cCI6IkpXVCJ9.eyJzdWIiOiI5MzcxNTE5OTk5Iiwicm9sZSI6InN1cGVyYWRtaW4iLCJuYW1lIjoiU3VwZXIgQWRtaW4iLCJpYXQiOjE3NzYzMzc2ODQsImV4cCI6MTc3NjM2NjQ4NH0.BBlTzpFFNfzt6FBUzHQN9UYirYb0HBbkSr5KGSl41ZA","method":"GET","sapi":"cli-server","php_version":"8.1.34"}}
{"time":"2026-04-16 11:08:05","label":"request_start","context":{"uri":"/?action=admin_list_events&token=eyJhbGciOiJIUzI1NiIsInR5cCI6IkpXVCJ9.eyJzdWIiOiI5MzcxNTE5OTk5Iiwicm9sZSI6InN1cGVyYWRtaW4iLCJuYW1lIjoiU3VwZXIgQWRtaW4iLCJpYXQiOjE3NzYzMzc2ODQsImV4cCI6MTc3NjM2NjQ4NH0.BBlTzpFFNfzt6FBUzHQN9UYirYb0HBbkSr5KGSl41ZA","method":"GET","sapi":"cli-server","php_version":"8.1.34"}}
{"time":"2026-04-16 11:08:50","label":"request_start","context":{"uri":"/?action=qr_report","method":"GET","sapi":"cli-server","php_version":"8.1.34"}}
{"time":"2026-04-16 11:08:53","label":"request_start","context":{"uri":"/","method":"POST","sapi":"cli-server","php_version":"8.1.34"}}
{"time":"2026-04-16 11:08:53","label":"request_start","context":{"uri":"/?action=auth_list_users&token=eyJhbGciOiJIUzI1NiIsInR5cCI6IkpXVCJ9.eyJzdWIiOiI5MzcxNTE5OTk5Iiwicm9sZSI6InN1cGVyYWRtaW4iLCJuYW1lIjoiU3VwZXIgQWRtaW4iLCJpYXQiOjE3NzYzMzc3MzMsImV4cCI6MTc3NjM2NjUzM30.tIZWLA3QPOq6RIdcUalJvFApG4LlSC_3pQ8EgM7CldI","method":"GET","sapi":"cli-server","php_version":"8.1.34"}}
{"time":"2026-04-16 11:09:50","label":"request_start","context":{"uri":"/?action=qr_report","method":"GET","sapi":"cli-server","php_version":"8.1.34"}}
{"time":"2026-04-16 11:10:50","label":"request_start","context":{"uri":"/?action=qr_report","method":"GET","sapi":"cli-server","php_version":"8.1.34"}}
{"time":"2026-04-16 11:12:15","label":"request_start","context":{"uri":"/?action=qr_report","method":"GET","sapi":"cli-server","php_version":"8.1.34"}}
{"time":"2026-04-16 11:12:50","label":"request_start","context":{"uri":"/?action=qr_report","method":"GET","sapi":"cli-server","php_version":"8.1.34"}}
{"time":"2026-04-16 11:12:54","label":"request_start","context":{"uri":"/?tab=AWGNK%20MENU&shape=grid","method":"GET","sapi":"cli-server","php_version":"8.1.34"}}
{"time":"2026-04-16 11:12:54","label":"request_start","context":{"uri":"/?tab=AWGNK%20MENU&shape=grid","method":"GET","sapi":"cli-server","php_version":"8.1.34"}}
{"time":"2026-04-16 11:13:01","label":"request_start","context":{"uri":"/?tab=AWGNK%20MENU&shape=grid","method":"GET","sapi":"cli-server","php_version":"8.1.34"}}
{"time":"2026-04-16 11:13:01","label":"request_start","context":{"uri":"/?tab=AWGNK%20MENU&shape=grid","method":"GET","sapi":"cli-server","php_version":"8.1.34"}}
{"time":"2026-04-16 11:13:07","label":"request_start","context":{"uri":"/","method":"POST","sapi":"cli-server","php_version":"8.1.34"}}
{"time":"2026-04-16 11:13:07","label":"request_start","context":{"uri":"/","method":"POST","sapi":"cli-server","php_version":"8.1.34"}}
{"time":"2026-04-16 11:13:21","label":"request_start","context":{"uri":"/","method":"POST","sapi":"cli-server","php_version":"8.1.34"}}
{"time":"2026-04-16 11:13:37","label":"request_start","context":{"uri":"/","method":"POST","sapi":"cli-server","php_version":"8.1.34"}}
{"time":"2026-04-16 11:13:37","label":"request_start","context":{"uri":"/","method":"POST","sapi":"cli-server","php_version":"8.1.34"}}
{"time":"2026-04-16 11:14:00","label":"request_start","context":{"uri":"/","method":"POST","sapi":"cli-server","php_version":"8.1.34"}}
{"time":"2026-04-16 11:14:03","label":"request_start","context":{"uri":"/?action=qr_report","method":"GET","sapi":"cli-server","php_version":"8.1.34"}}
{"time":"2026-04-16 11:14:50","label":"request_start","context":{"uri":"/?action=qr_report","method":"GET","sapi":"cli-server","php_version":"8.1.34"}}
{"time":"2026-04-16 11:15:24","label":"request_start","context":{"uri":"/?action=auth_me&token=eyJhbGciOiJIUzI1NiIsInR5cCI6IkpXVCJ9.eyJzdWIiOiI5MzcxNTE5OTk5Iiwicm9sZSI6InN1cGVyYWRtaW4iLCJuYW1lIjoiU3VwZXIgQWRtaW4iLCJpYXQiOjE3NzYzMzc0MjMsImV4cCI6MTc3NjM2NjIyM30.4ZnrnrJ94Qq-Sz4_v25lmLm92I2EGS_ab9LujKpNVZk","method":"GET","sapi":"cli-server","php_version":"8.1.34"}}
{"time":"2026-04-16 11:15:26","label":"request_start","context":{"uri":"/?action=auth_me&token=eyJhbGciOiJIUzI1NiIsInR5cCI6IkpXVCJ9.eyJzdWIiOiI5MzcxNTE5OTk5Iiwicm9sZSI6InN1cGVyYWRtaW4iLCJuYW1lIjoiU3VwZXIgQWRtaW4iLCJpYXQiOjE3NzYzMzc0MjMsImV4cCI6MTc3NjM2NjIyM30.4ZnrnrJ94Qq-Sz4_v25lmLm92I2EGS_ab9LujKpNVZk","method":"GET","sapi":"cli-server","php_version":"8.1.34"}}
{"time":"2026-04-16 11:15:47","label":"request_start","context":{"uri":"/?tab=AWGNK%20MENU&shape=grid","method":"GET","sapi":"cli-server","php_version":"8.1.34"}}
{"time":"2026-04-16 11:15:47","label":"request_start","context":{"uri":"/?tab=AWGNK%20MENU&shape=grid","method":"GET","sapi":"cli-server","php_version":"8.1.34"}}
{"time":"2026-04-16 11:16:27","label":"request_start","context":{"uri":"/?tab=AWGNK%20MENU&shape=grid","method":"GET","sapi":"cli-server","php_version":"8.1.34"}}
{"time":"2026-04-16 11:16:28","label":"request_start","context":{"uri":"/?tab=AWGNK%20MENU&shape=grid","method":"GET","sapi":"cli-server","php_version":"8.1.34"}}
{"time":"2026-04-16 11:16:38","label":"request_start","context":{"uri":"/?tab=BAR%20MENU%20NK&shape=grid","method":"GET","sapi":"cli-server","php_version":"8.1.34"}}
{"time":"2026-04-16 11:16:44","label":"request_start","context":{"uri":"/?tab=BAR%20MENU%20NK&shape=grid","method":"GET","sapi":"cli-server","php_version":"8.1.34"}}
{"time":"2026-04-16 11:18:16","label":"request_start","context":{"uri":"/?tab=BAR%20MENU%20NK&shape=grid","method":"GET","sapi":"cli-server","php_version":"8.1.34"}}
{"time":"2026-04-16 11:18:18","label":"request_start","context":{"uri":"/?tab=AWGNK%20MENU&shape=grid","method":"GET","sapi":"cli-server","php_version":"8.1.34"}}
{"time":"2026-04-16 11:18:34","label":"request_start","context":{"uri":"/?tab=BAR%20MENU%20NK&shape=grid","method":"GET","sapi":"cli-server","php_version":"8.1.34"}}
{"time":"2026-04-16 11:18:35","label":"request_start","context":{"uri":"/?tab=AWGNK%20MENU&shape=grid","method":"GET","sapi":"cli-server","php_version":"8.1.34"}}
{"time":"2026-04-16 11:19:10","label":"request_start","context":{"uri":"/?tab=BAR%20MENU%20NK&shape=grid","method":"GET","sapi":"cli-server","php_version":"8.1.34"}}
{"time":"2026-04-16 11:19:20","label":"request_start","context":{"uri":"/?tab=AWGNK%20MENU&shape=grid","method":"GET","sapi":"cli-server","php_version":"8.1.34"}}
{"time":"2026-04-16 11:22:50","label":"request_start","context":{"uri":"/?tab=BAR%20MENU%20NK&shape=grid","method":"GET","sapi":"cli-server","php_version":"8.1.34"}}
{"time":"2026-04-16 11:22:51","label":"request_start","context":{"uri":"/?tab=AWGNK%20MENU&shape=grid","method":"GET","sapi":"cli-server","php_version":"8.1.34"}}
{"time":"2026-04-16 11:22:52","label":"request_start","context":{"uri":"/?action=events_list&limit=20","method":"GET","sapi":"cli-server","php_version":"8.1.34"}}
{"time":"2026-04-16 11:23:08","label":"request_start","context":{"uri":"/?tab=BAR%20MENU%20NK&shape=grid","method":"GET","sapi":"cli-server","php_version":"8.1.34"}}
{"time":"2026-04-16 11:23:43","label":"request_start","context":{"uri":"/?tab=BAR%20MENU%20NK&shape=grid","method":"GET","sapi":"cli-server","php_version":"8.1.34"}}
{"time":"2026-04-16 11:23:43","label":"request_start","context":{"uri":"/?tab=AWGNK%20MENU&shape=grid","method":"GET","sapi":"cli-server","php_version":"8.1.34"}}
{"time":"2026-04-16 11:26:02","label":"request_start","context":{"uri":"/","method":"POST","sapi":"cli-server","php_version":"8.1.34"}}
{"time":"2026-04-16 11:26:02","label":"request_start","context":{"uri":"/?action=auth_list_users&token=","method":"GET","sapi":"cli-server","php_version":"8.1.34"}}
{"time":"2026-04-16 11:26:03","label":"request_start","context":{"uri":"/","method":"POST","sapi":"cli-server","php_version":"8.1.34"}}
{"time":"2026-04-16 11:26:03","label":"request_start","context":{"uri":"/","method":"POST","sapi":"cli-server","php_version":"8.1.34"}}
{"time":"2026-04-16 11:42:53","label":"request_start","context":{"uri":"/","method":"POST","sapi":"cli-server","php_version":"8.1.34"}}
{"time":"2026-04-16 11:44:18","label":"request_start","context":{"uri":"/","method":"POST","sapi":"cli-server","php_version":"8.1.34"}}
{"time":"2026-04-16 11:49:11","label":"request_start","context":{"uri":"/?action=auth_me&token=eyJhbGciOiJIUzI1NiIsInR5cCI6IkpXVCJ9.eyJzdWIiOiI5MzcxNTE5OTk5Iiwicm9sZSI6InN1cGVyYWRtaW4iLCJuYW1lIjoiU3VwZXIgQWRtaW4iLCJpYXQiOjE3NzYzMzk3NzMsImV4cCI6MTc3NjM2ODU3M30.XDKngtz4rPiuapmJcJ1UlgfZUfPgbfRnk9vq6JuxaUA","method":"GET","sapi":"cli-server","php_version":"8.1.34"}}
{"time":"2026-04-16 11:50:42","label":"request_start","context":{"uri":"/?action=auth_me&token=eyJhbGciOiJIUzI1NiIsInR5cCI6IkpXVCJ9.eyJzdWIiOiI5MzcxNTE5OTk5Iiwicm9sZSI6InN1cGVyYWRtaW4iLCJuYW1lIjoiU3VwZXIgQWRtaW4iLCJpYXQiOjE3NzYzMzk3NzMsImV4cCI6MTc3NjM2ODU3M30.XDKngtz4rPiuapmJcJ1UlgfZUfPgbfRnk9vq6JuxaUA","method":"GET","sapi":"cli-server","php_version":"8.1.34"}}
{"time":"2026-04-16 11:51:35","label":"request_start","context":{"uri":"/","method":"POST","sapi":"cli-server","php_version":"8.1.34"}}
{"time":"2026-04-16 11:51:38","label":"request_start","context":{"uri":"/?action=auth_me&token=eyJhbGciOiJIUzI1NiIsInR5cCI6IkpXVCJ9.eyJzdWIiOiI5MzcxNTE5OTk5Iiwicm9sZSI6InN1cGVyYWRtaW4iLCJuYW1lIjoiU3VwZXIgQWRtaW4iLCJpYXQiOjE3NzYzNDAyOTUsImV4cCI6MTc3NjM2OTA5NX0.efTpGM15J8vjcc-wNe1X3nTbkk8kR4sSeQPXdsmykIg","method":"GET","sapi":"cli-server","php_version":"8.1.34"}}
{"time":"2026-04-16 11:53:07","label":"request_start","context":{"uri":"/?action=auth_me&token=eyJhbGciOiJIUzI1NiIsInR5cCI6IkpXVCJ9.eyJzdWIiOiI5MzcxNTE5OTk5Iiwicm9sZSI6InN1cGVyYWRtaW4iLCJuYW1lIjoiU3VwZXIgQWRtaW4iLCJpYXQiOjE3NzYzNDAyOTUsImV4cCI6MTc3NjM2OTA5NX0.efTpGM15J8vjcc-wNe1X3nTbkk8kR4sSeQPXdsmykIg","method":"GET","sapi":"cli-server","php_version":"8.1.34"}}
{"time":"2026-04-16 11:53:22","label":"request_start","context":{"uri":"/?action=ensure_qr_sheet","method":"GET","sapi":"cli-server","php_version":"8.1.34"}}
{"time":"2026-04-16 11:53:22","label":"request_start","context":{"uri":"/?action=qr_report","method":"GET","sapi":"cli-server","php_version":"8.1.34"}}
{"time":"2026-04-16 11:54:22","label":"request_start","context":{"uri":"/?action=qr_report","method":"GET","sapi":"cli-server","php_version":"8.1.34"}}
{"time":"2026-04-16 11:54:28","label":"request_start","context":{"uri":"/?action=qr_report","method":"GET","sapi":"cli-server","php_version":"8.1.34"}}
{"time":"2026-04-16 11:55:16","label":"request_start","context":{"uri":"/?action=auth_me&token=eyJhbGciOiJIUzI1NiIsInR5cCI6IkpXVCJ9.eyJzdWIiOiI5MzcxNTE5OTk5Iiwicm9sZSI6InN1cGVyYWRtaW4iLCJuYW1lIjoiU3VwZXIgQWRtaW4iLCJpYXQiOjE3NzYzNDAyOTUsImV4cCI6MTc3NjM2OTA5NX0.efTpGM15J8vjcc-wNe1X3nTbkk8kR4sSeQPXdsmykIg","method":"GET","sapi":"cli-server","php_version":"8.1.34"}}
{"time":"2026-04-16 11:55:22","label":"request_start","context":{"uri":"/?action=qr_report","method":"GET","sapi":"cli-server","php_version":"8.1.34"}}
{"time":"2026-04-16 11:56:22","label":"request_start","context":{"uri":"/?action=qr_report","method":"GET","sapi":"cli-server","php_version":"8.1.34"}}
{"time":"2026-04-16 11:57:22","label":"request_start","context":{"uri":"/?action=qr_report","method":"GET","sapi":"cli-server","php_version":"8.1.34"}}
{"time":"2026-04-16 11:58:20","label":"request_start","context":{"uri":"/?action=events_list&limit=20","method":"GET","sapi":"cli-server","php_version":"8.1.34"}}
{"time":"2026-04-16 11:58:23","label":"request_start","context":{"uri":"/?action=qr_report","method":"GET","sapi":"cli-server","php_version":"8.1.34"}}
{"time":"2026-04-16 11:58:27","label":"request_start","context":{"uri":"/","method":"POST","sapi":"cli-server","php_version":"8.1.34"}}
{"time":"2026-04-16 11:59:23","label":"request_start","context":{"uri":"/?action=qr_report","method":"GET","sapi":"cli-server","php_version":"8.1.34"}}
{"time":"2026-04-16 12:00:23","label":"request_start","context":{"uri":"/?action=qr_report","method":"GET","sapi":"cli-server","php_version":"8.1.34"}}
{"time":"2026-04-16 12:01:24","label":"request_start","context":{"uri":"/?action=qr_report","method":"GET","sapi":"cli-server","php_version":"8.1.34"}}
{"time":"2026-04-16 12:01:39","label":"request_start","context":{"uri":"/?action=auth_me&token=eyJhbGciOiJIUzI1NiIsInR5cCI6IkpXVCJ9.eyJzdWIiOiI5MzcxNTE5OTk5Iiwicm9sZSI6InN1cGVyYWRtaW4iLCJuYW1lIjoiU3VwZXIgQWRtaW4iLCJpYXQiOjE3NzYzNDAyOTUsImV4cCI6MTc3NjM2OTA5NX0.efTpGM15J8vjcc-wNe1X3nTbkk8kR4sSeQPXdsmykIg","method":"GET","sapi":"cli-server","php_version":"8.1.34"}}
{"time":"2026-04-16 12:02:23","label":"request_start","context":{"uri":"/?action=qr_report","method":"GET","sapi":"cli-server","php_version":"8.1.34"}}
{"time":"2026-04-16 12:03:23","label":"request_start","context":{"uri":"/?action=qr_report","method":"GET","sapi":"cli-server","php_version":"8.1.34"}}
{"time":"2026-04-16 12:04:24","label":"request_start","context":{"uri":"/?action=qr_report","method":"GET","sapi":"cli-server","php_version":"8.1.34"}}
{"time":"2026-04-16 12:05:25","label":"request_start","context":{"uri":"/?action=qr_report","method":"GET","sapi":"cli-server","php_version":"8.1.34"}}
{"time":"2026-04-16 12:06:26","label":"request_start","context":{"uri":"/?action=qr_report","method":"GET","sapi":"cli-server","php_version":"8.1.34"}}
{"time":"2026-04-16 12:07:19","label":"request_start","context":{"uri":"/?tab=AWGNK%20MENU&shape=grid","method":"GET","sapi":"cli-server","php_version":"8.1.34"}}
{"time":"2026-04-16 12:07:27","label":"request_start","context":{"uri":"/?action=qr_report","method":"GET","sapi":"cli-server","php_version":"8.1.34"}}
{"time":"2026-04-16 12:08:28","label":"request_start","context":{"uri":"/?action=qr_report","method":"GET","sapi":"cli-server","php_version":"8.1.34"}}
{"time":"2026-04-16 12:09:29","label":"request_start","context":{"uri":"/?action=qr_report","method":"GET","sapi":"cli-server","php_version":"8.1.34"}}
{"time":"2026-04-16 12:10:30","label":"request_start","context":{"uri":"/?action=qr_report","method":"GET","sapi":"cli-server","php_version":"8.1.34"}}
{"time":"2026-04-16 12:10:58","label":"request_start","context":{"uri":"/?action=auth_me&token=eyJhbGciOiJIUzI1NiIsInR5cCI6IkpXVCJ9.eyJzdWIiOiI5MzcxNTE5OTk5Iiwicm9sZSI6InN1cGVyYWRtaW4iLCJuYW1lIjoiU3VwZXIgQWRtaW4iLCJpYXQiOjE3NzYzNDAyOTUsImV4cCI6MTc3NjM2OTA5NX0.efTpGM15J8vjcc-wNe1X3nTbkk8kR4sSeQPXdsmykIg","method":"GET","sapi":"cli-server","php_version":"8.1.34"}}
{"time":"2026-04-16 12:11:22","label":"request_start","context":{"uri":"/?action=qr_report","method":"GET","sapi":"cli-server","php_version":"8.1.34"}}
{"time":"2026-04-16 12:11:41","label":"request_start","context":{"uri":"/?action=auth_me&token=eyJhbGciOiJIUzI1NiIsInR5cCI6IkpXVCJ9.eyJzdWIiOiI5MzcxNTE5OTk5Iiwicm9sZSI6InN1cGVyYWRtaW4iLCJuYW1lIjoiU3VwZXIgQWRtaW4iLCJpYXQiOjE3NzYzNDAyOTUsImV4cCI6MTc3NjM2OTA5NX0.efTpGM15J8vjcc-wNe1X3nTbkk8kR4sSeQPXdsmykIg","method":"GET","sapi":"cli-server","php_version":"8.1.34"}}
{"time":"2026-04-16 12:12:22","label":"request_start","context":{"uri":"/?action=qr_report","method":"GET","sapi":"cli-server","php_version":"8.1.34"}}
{"time":"2026-04-16 12:13:22","label":"request_start","context":{"uri":"/?action=qr_report","method":"GET","sapi":"cli-server","php_version":"8.1.34"}}
{"time":"2026-04-16 12:14:22","label":"request_start","context":{"uri":"/?action=qr_report","method":"GET","sapi":"cli-server","php_version":"8.1.34"}}
{"time":"2026-04-16 12:15:22","label":"request_start","context":{"uri":"/?action=qr_report","method":"GET","sapi":"cli-server","php_version":"8.1.34"}}
{"time":"2026-04-16 12:16:22","label":"request_start","context":{"uri":"/?action=qr_report","method":"GET","sapi":"cli-server","php_version":"8.1.34"}}
{"time":"2026-04-16 12:17:22","label":"request_start","context":{"uri":"/?action=qr_report","method":"GET","sapi":"cli-server","php_version":"8.1.34"}}
{"time":"2026-04-16 12:18:22","label":"request_start","context":{"uri":"/?action=qr_report","method":"GET","sapi":"cli-server","php_version":"8.1.34"}}
{"time":"2026-04-16 12:19:22","label":"request_start","context":{"uri":"/?action=qr_report","method":"GET","sapi":"cli-server","php_version":"8.1.34"}}
{"time":"2026-04-16 12:20:22","label":"request_start","context":{"uri":"/?action=qr_report","method":"GET","sapi":"cli-server","php_version":"8.1.34"}}
{"time":"2026-04-16 12:21:23","label":"request_start","context":{"uri":"/?action=qr_report","method":"GET","sapi":"cli-server","php_version":"8.1.34"}}
{"time":"2026-04-16 12:22:24","label":"request_start","context":{"uri":"/?action=qr_report","method":"GET","sapi":"cli-server","php_version":"8.1.34"}}
{"time":"2026-04-16 12:23:25","label":"request_start","context":{"uri":"/?action=qr_report","method":"GET","sapi":"cli-server","php_version":"8.1.34"}}
{"time":"2026-04-16 12:24:26","label":"request_start","context":{"uri":"/?action=qr_report","method":"GET","sapi":"cli-server","php_version":"8.1.34"}}
{"time":"2026-04-16 12:25:27","label":"request_start","context":{"uri":"/?action=qr_report","method":"GET","sapi":"cli-server","php_version":"8.1.34"}}
{"time":"2026-04-16 12:26:22","label":"request_start","context":{"uri":"/?action=qr_report","method":"GET","sapi":"cli-server","php_version":"8.1.34"}}
{"time":"2026-04-16 12:26:45","label":"request_start","context":{"uri":"/?action=events_list&limit=20","method":"GET","sapi":"cli-server","php_version":"8.1.34"}}
{"time":"2026-04-16 12:26:59","label":"request_start","context":{"uri":"/?action=events_list&limit=20","method":"GET","sapi":"cli-server","php_version":"8.1.34"}}
{"time":"2026-04-16 13:23:26","label":"request_start","context":{"uri":"/","method":"POST","sapi":"cli-server","php_version":"8.1.34"}}
{"time":"2026-04-16 13:23:26","label":"request_start","context":{"uri":"/","method":"POST","sapi":"cli-server","php_version":"8.1.34"}}
{"time":"2026-04-16 13:23:27","label":"request_start","context":{"uri":"/","method":"POST","sapi":"cli-server","php_version":"8.1.34"}}
{"time":"2026-04-16 13:23:27","label":"request_start","context":{"uri":"/","method":"POST","sapi":"cli-server","php_version":"8.1.34"}}
{"time":"2026-04-16 13:23:27","label":"request_start","context":{"uri":"/","method":"POST","sapi":"cli-server","php_version":"8.1.34"}}
{"time":"2026-04-16 13:23:27","label":"request_start","context":{"uri":"/","method":"POST","sapi":"cli-server","php_version":"8.1.34"}}
{"time":"2026-04-16 13:23:27","label":"request_start","context":{"uri":"/","method":"POST","sapi":"cli-server","php_version":"8.1.34"}}
{"time":"2026-04-16 13:23:28","label":"request_start","context":{"uri":"/","method":"POST","sapi":"cli-server","php_version":"8.1.34"}}
{"time":"2026-04-16 13:23:28","label":"request_start","context":{"uri":"/","method":"POST","sapi":"cli-server","php_version":"8.1.34"}}
{"time":"2026-04-16 13:23:28","label":"request_start","context":{"uri":"/","method":"POST","sapi":"cli-server","php_version":"8.1.34"}}
{"time":"2026-04-16 13:23:28","label":"request_start","context":{"uri":"/","method":"POST","sapi":"cli-server","php_version":"8.1.34"}}
{"time":"2026-04-16 13:23:28","label":"request_start","context":{"uri":"/","method":"POST","sapi":"cli-server","php_version":"8.1.34"}}
{"time":"2026-04-16 13:23:28","label":"request_start","context":{"uri":"/","method":"POST","sapi":"cli-server","php_version":"8.1.34"}}
{"time":"2026-04-16 13:23:29","label":"request_start","context":{"uri":"/","method":"POST","sapi":"cli-server","php_version":"8.1.34"}}
{"time":"2026-04-16 13:23:29","label":"request_start","context":{"uri":"/","method":"POST","sapi":"cli-server","php_version":"8.1.34"}}
{"time":"2026-04-16 13:23:52","label":"request_start","context":{"uri":"/","method":"POST","sapi":"cli-server","php_version":"8.1.34"}}
{"time":"2026-04-16 13:23:52","label":"request_start","context":{"uri":"/","method":"POST","sapi":"cli-server","php_version":"8.1.34"}}
{"time":"2026-04-16 13:23:52","label":"request_start","context":{"uri":"/","method":"POST","sapi":"cli-server","php_version":"8.1.34"}}
{"time":"2026-04-16 13:23:52","label":"request_start","context":{"uri":"/","method":"POST","sapi":"cli-server","php_version":"8.1.34"}}
{"time":"2026-04-16 13:23:52","label":"request_start","context":{"uri":"/","method":"POST","sapi":"cli-server","php_version":"8.1.34"}}
{"time":"2026-04-16 13:23:52","label":"request_start","context":{"uri":"/","method":"POST","sapi":"cli-server","php_version":"8.1.34"}}
{"time":"2026-04-16 13:23:52","label":"request_start","context":{"uri":"/","method":"POST","sapi":"cli-server","php_version":"8.1.34"}}
{"time":"2026-04-16 13:23:52","label":"request_start","context":{"uri":"/","method":"POST","sapi":"cli-server","php_version":"8.1.34"}}
{"time":"2026-04-16 13:23:53","label":"request_start","context":{"uri":"/","method":"POST","sapi":"cli-server","php_version":"8.1.34"}}
{"time":"2026-04-16 13:23:53","label":"request_start","context":{"uri":"/","method":"POST","sapi":"cli-server","php_version":"8.1.34"}}
{"time":"2026-04-16 13:23:53","label":"request_start","context":{"uri":"/","method":"POST","sapi":"cli-server","php_version":"8.1.34"}}
{"time":"2026-04-16 13:23:53","label":"request_start","context":{"uri":"/","method":"POST","sapi":"cli-server","php_version":"8.1.34"}}
{"time":"2026-04-16 13:23:53","label":"request_start","context":{"uri":"/","method":"POST","sapi":"cli-server","php_version":"8.1.34"}}
{"time":"2026-04-16 13:23:53","label":"request_start","context":{"uri":"/","method":"POST","sapi":"cli-server","php_version":"8.1.34"}}
{"time":"2026-04-16 13:23:53","label":"request_start","context":{"uri":"/","method":"POST","sapi":"cli-server","php_version":"8.1.34"}}
{"time":"2026-04-16 13:25:52","label":"request_start","context":{"uri":"/?action=verify&phone=9876543210","method":"GET","sapi":"cli-server","php_version":"8.1.34"}}
{"time":"2026-04-16 13:25:52","label":"request_start","context":{"uri":"/?action=redeem&phone=9876543210","method":"GET","sapi":"cli-server","php_version":"8.1.34"}}
{"time":"2026-04-16 13:30:53","label":"request_start","context":{"uri":"/","method":"POST","sapi":"cli-server","php_version":"8.1.34"}}
{"time":"2026-04-16 13:30:57","label":"request_start","context":{"uri":"/","method":"POST","sapi":"cli-server","php_version":"8.1.34"}}
{"time":"2026-04-16 13:31:19","label":"request_start","context":{"uri":"/","method":"POST","sapi":"cli-server","php_version":"8.1.34"}}
{"time":"2026-04-16 13:31:28","label":"request_start","context":{"uri":"/","method":"POST","sapi":"cli-server","php_version":"8.1.34"}}
{"time":"2026-04-16 13:31:38","label":"request_start","context":{"uri":"/","method":"POST","sapi":"cli-server","php_version":"8.1.34"}}
{"time":"2026-04-16 13:35:09","label":"request_start","context":{"uri":"/","method":"POST","sapi":"cli-server","php_version":"8.1.34"}}
{"time":"2026-04-16 13:35:14","label":"request_start","context":{"uri":"/?action=auth_me&token=eyJhbGciOiJIUzI1NiIsInR5cCI6IkpXVCJ9.eyJzdWIiOiI5MzcxNTE5OTk5Iiwicm9sZSI6InN1cGVyYWRtaW4iLCJuYW1lIjoiU3VwZXIgQWRtaW4iLCJpYXQiOjE3NzYzNDY1MTAsImV4cCI6MTc3NjM3NTMxMH0.2TOZ6afG5EX8o6i2IOA8Yrz142KnnKnfSWfNJVy3FgI","method":"GET","sapi":"cli-server","php_version":"8.1.34"}}
{"time":"2026-04-16 13:35:31","label":"request_start","context":{"uri":"/?action=auth_me&token=eyJhbGciOiJIUzI1NiIsInR5cCI6IkpXVCJ9.eyJzdWIiOiI5MzcxNTE5OTk5Iiwicm9sZSI6InN1cGVyYWRtaW4iLCJuYW1lIjoiU3VwZXIgQWRtaW4iLCJpYXQiOjE3NzYzNDY1MTAsImV4cCI6MTc3NjM3NTMxMH0.2TOZ6afG5EX8o6i2IOA8Yrz142KnnKnfSWfNJVy3FgI","method":"GET","sapi":"cli-server","php_version":"8.1.34"}}
{"time":"2026-04-16 13:35:33","label":"request_start","context":{"uri":"/?action=auth_me&token=eyJhbGciOiJIUzI1NiIsInR5cCI6IkpXVCJ9.eyJzdWIiOiI5MzcxNTE5OTk5Iiwicm9sZSI6InN1cGVyYWRtaW4iLCJuYW1lIjoiU3VwZXIgQWRtaW4iLCJpYXQiOjE3NzYzNDY1MTAsImV4cCI6MTc3NjM3NTMxMH0.2TOZ6afG5EX8o6i2IOA8Yrz142KnnKnfSWfNJVy3FgI","method":"GET","sapi":"cli-server","php_version":"8.1.34"}}
{"time":"2026-04-16 13:35:36","label":"request_start","context":{"uri":"/?action=auth_me&token=eyJhbGciOiJIUzI1NiIsInR5cCI6IkpXVCJ9.eyJzdWIiOiI5MzcxNTE5OTk5Iiwicm9sZSI6InN1cGVyYWRtaW4iLCJuYW1lIjoiU3VwZXIgQWRtaW4iLCJpYXQiOjE3NzYzNDY1MTAsImV4cCI6MTc3NjM3NTMxMH0.2TOZ6afG5EX8o6i2IOA8Yrz142KnnKnfSWfNJVy3FgI","method":"GET","sapi":"cli-server","php_version":"8.1.34"}}
{"time":"2026-04-16 13:35:38","label":"request_start","context":{"uri":"/?action=auth_me&token=eyJhbGciOiJIUzI1NiIsInR5cCI6IkpXVCJ9.eyJzdWIiOiI5MzcxNTE5OTk5Iiwicm9sZSI6InN1cGVyYWRtaW4iLCJuYW1lIjoiU3VwZXIgQWRtaW4iLCJpYXQiOjE3NzYzNDY1MTAsImV4cCI6MTc3NjM3NTMxMH0.2TOZ6afG5EX8o6i2IOA8Yrz142KnnKnfSWfNJVy3FgI","method":"GET","sapi":"cli-server","php_version":"8.1.34"}}
{"time":"2026-04-16 14:04:53","label":"request_start","context":{"uri":"/?action=auth_me&token=eyJhbGciOiJIUzI1NiIsInR5cCI6IkpXVCJ9.eyJzdWIiOiI5MzcxNTE5OTk5Iiwicm9sZSI6InN1cGVyYWRtaW4iLCJuYW1lIjoiU3VwZXIgQWRtaW4iLCJpYXQiOjE3NzYzNDY1MTAsImV4cCI6MTc3NjM3NTMxMH0.2TOZ6afG5EX8o6i2IOA8Yrz142KnnKnfSWfNJVy3FgI","method":"GET","sapi":"cli-server","php_version":"8.1.34"}}
{"time":"2026-04-16 14:04:59","label":"request_start","context":{"uri":"/","method":"POST","sapi":"cli-server","php_version":"8.1.34"}}
{"time":"2026-04-16 14:05:02","label":"request_start","context":{"uri":"/?action=auth_me&token=eyJhbGciOiJIUzI1NiIsInR5cCI6IkpXVCJ9.eyJzdWIiOiI5MzcxNTE5OTk5Iiwicm9sZSI6InN1cGVyYWRtaW4iLCJuYW1lIjoiU3VwZXIgQWRtaW4iLCJpYXQiOjE3NzYzNDgyOTksImV4cCI6MTc3NjM3NzA5OX0.9AT_FPb0IzcTJvMAnJKafVGlMSLKoa98blnw_oVlppA","method":"GET","sapi":"cli-server","php_version":"8.1.34"}}
{"time":"2026-04-16 14:05:04","label":"request_start","context":{"uri":"/?action=auth_me&token=eyJhbGciOiJIUzI1NiIsInR5cCI6IkpXVCJ9.eyJzdWIiOiI5MzcxNTE5OTk5Iiwicm9sZSI6InN1cGVyYWRtaW4iLCJuYW1lIjoiU3VwZXIgQWRtaW4iLCJpYXQiOjE3NzYzNDgyOTksImV4cCI6MTc3NjM3NzA5OX0.9AT_FPb0IzcTJvMAnJKafVGlMSLKoa98blnw_oVlppA","method":"GET","sapi":"cli-server","php_version":"8.1.34"}}
{"time":"2026-04-16 14:05:06","label":"request_start","context":{"uri":"/?action=auth_me&token=eyJhbGciOiJIUzI1NiIsInR5cCI6IkpXVCJ9.eyJzdWIiOiI5MzcxNTE5OTk5Iiwicm9sZSI6InN1cGVyYWRtaW4iLCJuYW1lIjoiU3VwZXIgQWRtaW4iLCJpYXQiOjE3NzYzNDgyOTksImV4cCI6MTc3NjM3NzA5OX0.9AT_FPb0IzcTJvMAnJKafVGlMSLKoa98blnw_oVlppA","method":"GET","sapi":"cli-server","php_version":"8.1.34"}}
{"time":"2026-04-16 14:05:09","label":"request_start","context":{"uri":"/?action=auth_me&token=eyJhbGciOiJIUzI1NiIsInR5cCI6IkpXVCJ9.eyJzdWIiOiI5MzcxNTE5OTk5Iiwicm9sZSI6InN1cGVyYWRtaW4iLCJuYW1lIjoiU3VwZXIgQWRtaW4iLCJpYXQiOjE3NzYzNDgyOTksImV4cCI6MTc3NjM3NzA5OX0.9AT_FPb0IzcTJvMAnJKafVGlMSLKoa98blnw_oVlppA","method":"GET","sapi":"cli-server","php_version":"8.1.34"}}
{"time":"2026-04-16 14:05:14","label":"request_start","context":{"uri":"/?action=auth_me&token=eyJhbGciOiJIUzI1NiIsInR5cCI6IkpXVCJ9.eyJzdWIiOiI5MzcxNTE5OTk5Iiwicm9sZSI6InN1cGVyYWRtaW4iLCJuYW1lIjoiU3VwZXIgQWRtaW4iLCJpYXQiOjE3NzYzNDgyOTksImV4cCI6MTc3NjM3NzA5OX0.9AT_FPb0IzcTJvMAnJKafVGlMSLKoa98blnw_oVlppA","method":"GET","sapi":"cli-server","php_version":"8.1.34"}}
{"time":"2026-04-16 14:17:21","label":"request_start","context":{"uri":"/?tab=AWGNK%20MENU&shape=grid","method":"GET","sapi":"cli-server","php_version":"8.1.34"}}
{"time":"2026-04-16 14:18:22","label":"request_start","context":{"uri":"/","method":"POST","sapi":"cli-server","php_version":"8.1.34"}}
{"time":"2026-04-16 14:18:23","label":"request_start","context":{"uri":"/","method":"POST","sapi":"cli-server","php_version":"8.1.34"}}
{"time":"2026-04-16 14:18:23","label":"request_start","context":{"uri":"/","method":"POST","sapi":"cli-server","php_version":"8.1.34"}}
{"time":"2026-04-16 14:18:23","label":"request_start","context":{"uri":"/","method":"POST","sapi":"cli-server","php_version":"8.1.34"}}
{"time":"2026-04-16 14:18:24","label":"request_start","context":{"uri":"/","method":"POST","sapi":"cli-server","php_version":"8.1.34"}}
{"time":"2026-04-16 14:18:24","label":"request_start","context":{"uri":"/","method":"POST","sapi":"cli-server","php_version":"8.1.34"}}
{"time":"2026-04-16 14:18:30","label":"request_start","context":{"uri":"/","method":"POST","sapi":"cli-server","php_version":"8.1.34"}}
{"time":"2026-04-16 14:18:57","label":"request_start","context":{"uri":"/","method":"POST","sapi":"cli-server","php_version":"8.1.34"}}
{"time":"2026-04-16 14:18:58","label":"request_start","context":{"uri":"/","method":"POST","sapi":"cli-server","php_version":"8.1.34"}}
{"time":"2026-04-16 14:18:58","label":"request_start","context":{"uri":"/","method":"POST","sapi":"cli-server","php_version":"8.1.34"}}
{"time":"2026-04-16 14:18:58","label":"request_start","context":{"uri":"/","method":"POST","sapi":"cli-server","php_version":"8.1.34"}}
{"time":"2026-04-16 14:18:58","label":"request_start","context":{"uri":"/","method":"POST","sapi":"cli-server","php_version":"8.1.34"}}
{"time":"2026-04-16 14:18:58","label":"request_start","context":{"uri":"/","method":"POST","sapi":"cli-server","php_version":"8.1.34"}}
{"time":"2026-04-16 14:26:20","label":"request_start","context":{"uri":"/","method":"POST","sapi":"cli-server","php_version":"8.1.34"}}
{"time":"2026-04-16 14:26:23","label":"request_start","context":{"uri":"/?action=auth_me&token=eyJhbGciOiJIUzI1NiIsInR5cCI6IkpXVCJ9.eyJzdWIiOiI5MzcxNTE5OTk5Iiwicm9sZSI6InN1cGVyYWRtaW4iLCJuYW1lIjoiU3VwZXIgQWRtaW4iLCJpYXQiOjE3NzYzNDk1ODAsImV4cCI6MTc3NjM3ODM4MH0.Q4bARangEXDG3c_uuJQnUJwO1EFoD53DfLsWtahx6iE","method":"GET","sapi":"cli-server","php_version":"8.1.34"}}
{"time":"2026-04-16 14:26:29","label":"request_start","context":{"uri":"/?action=auth_me&token=eyJhbGciOiJIUzI1NiIsInR5cCI6IkpXVCJ9.eyJzdWIiOiI5MzcxNTE5OTk5Iiwicm9sZSI6InN1cGVyYWRtaW4iLCJuYW1lIjoiU3VwZXIgQWRtaW4iLCJpYXQiOjE3NzYzNDk1ODAsImV4cCI6MTc3NjM3ODM4MH0.Q4bARangEXDG3c_uuJQnUJwO1EFoD53DfLsWtahx6iE","method":"GET","sapi":"cli-server","php_version":"8.1.34"}}
{"time":"2026-04-16 14:26:32","label":"request_start","context":{"uri":"/?action=auth_me&token=eyJhbGciOiJIUzI1NiIsInR5cCI6IkpXVCJ9.eyJzdWIiOiI5MzcxNTE5OTk5Iiwicm9sZSI6InN1cGVyYWRtaW4iLCJuYW1lIjoiU3VwZXIgQWRtaW4iLCJpYXQiOjE3NzYzNDk1ODAsImV4cCI6MTc3NjM3ODM4MH0.Q4bARangEXDG3c_uuJQnUJwO1EFoD53DfLsWtahx6iE","method":"GET","sapi":"cli-server","php_version":"8.1.34"}}
{"time":"2026-04-16 14:26:34","label":"request_start","context":{"uri":"/?action=auth_me&token=eyJhbGciOiJIUzI1NiIsInR5cCI6IkpXVCJ9.eyJzdWIiOiI5MzcxNTE5OTk5Iiwicm9sZSI6InN1cGVyYWRtaW4iLCJuYW1lIjoiU3VwZXIgQWRtaW4iLCJpYXQiOjE3NzYzNDk1ODAsImV4cCI6MTc3NjM3ODM4MH0.Q4bARangEXDG3c_uuJQnUJwO1EFoD53DfLsWtahx6iE","method":"GET","sapi":"cli-server","php_version":"8.1.34"}}
{"time":"2026-04-16 14:26:37","label":"request_start","context":{"uri":"/?action=auth_me&token=eyJhbGciOiJIUzI1NiIsInR5cCI6IkpXVCJ9.eyJzdWIiOiI5MzcxNTE5OTk5Iiwicm9sZSI6InN1cGVyYWRtaW4iLCJuYW1lIjoiU3VwZXIgQWRtaW4iLCJpYXQiOjE3NzYzNDk1ODAsImV4cCI6MTc3NjM3ODM4MH0.Q4bARangEXDG3c_uuJQnUJwO1EFoD53DfLsWtahx6iE","method":"GET","sapi":"cli-server","php_version":"8.1.34"}}
{"time":"2026-04-16 14:26:39","label":"request_start","context":{"uri":"/?action=auth_me&token=eyJhbGciOiJIUzI1NiIsInR5cCI6IkpXVCJ9.eyJzdWIiOiI5MzcxNTE5OTk5Iiwicm9sZSI6InN1cGVyYWRtaW4iLCJuYW1lIjoiU3VwZXIgQWRtaW4iLCJpYXQiOjE3NzYzNDk1ODAsImV4cCI6MTc3NjM3ODM4MH0.Q4bARangEXDG3c_uuJQnUJwO1EFoD53DfLsWtahx6iE","method":"GET","sapi":"cli-server","php_version":"8.1.34"}}
{"time":"2026-04-16 14:26:43","label":"request_start","context":{"uri":"/?action=auth_me&token=eyJhbGciOiJIUzI1NiIsInR5cCI6IkpXVCJ9.eyJzdWIiOiI5MzcxNTE5OTk5Iiwicm9sZSI6InN1cGVyYWRtaW4iLCJuYW1lIjoiU3VwZXIgQWRtaW4iLCJpYXQiOjE3NzYzNDk1ODAsImV4cCI6MTc3NjM3ODM4MH0.Q4bARangEXDG3c_uuJQnUJwO1EFoD53DfLsWtahx6iE","method":"GET","sapi":"cli-server","php_version":"8.1.34"}}
{"time":"2026-04-16 14:28:39","label":"request_start","context":{"uri":"/?tab=AWGNK%20MENU&shape=grid","method":"GET","sapi":"cli-server","php_version":"8.1.34"}}
{"time":"2026-04-16 14:28:40","label":"request_start","context":{"uri":"/?tab=AWGNK%20MENU&shape=grid","method":"GET","sapi":"cli-server","php_version":"8.1.34"}}
{"time":"2026-04-16 14:30:11","label":"request_start","context":{"uri":"/","method":"POST","sapi":"cli-server","php_version":"8.1.34"}}
{"time":"2026-04-16 14:30:11","label":"request_start","context":{"uri":"/","method":"POST","sapi":"cli-server","php_version":"8.1.34"}}
{"time":"2026-04-16 14:30:12","label":"request_start","context":{"uri":"/","method":"POST","sapi":"cli-server","php_version":"8.1.34"}}
{"time":"2026-04-16 14:30:12","label":"request_start","context":{"uri":"/","method":"POST","sapi":"cli-server","php_version":"8.1.34"}}
{"time":"2026-04-16 14:30:12","label":"request_start","context":{"uri":"/","method":"POST","sapi":"cli-server","php_version":"8.1.34"}}
{"time":"2026-04-16 14:33:38","label":"request_start","context":{"uri":"/","method":"POST","sapi":"cli-server","php_version":"8.1.34"}}
{"time":"2026-04-16 14:33:39","label":"request_start","context":{"uri":"/","method":"POST","sapi":"cli-server","php_version":"8.1.34"}}
{"time":"2026-04-16 14:33:39","label":"request_start","context":{"uri":"/","method":"POST","sapi":"cli-server","php_version":"8.1.34"}}
{"time":"2026-04-16 14:46:50","label":"request_start","context":{"uri":"/","method":"POST","sapi":"cli-server","php_version":"8.1.34"}}
{"time":"2026-04-16 14:46:50","label":"request_start","context":{"uri":"/","method":"POST","sapi":"cli-server","php_version":"8.1.34"}}
{"time":"2026-04-16 14:46:50","label":"request_start","context":{"uri":"/","method":"POST","sapi":"cli-server","php_version":"8.1.34"}}
{"time":"2026-04-16 14:46:51","label":"request_start","context":{"uri":"/","method":"POST","sapi":"cli-server","php_version":"8.1.34"}}
{"time":"2026-04-16 14:46:51","label":"request_start","context":{"uri":"/","method":"POST","sapi":"cli-server","php_version":"8.1.34"}}
{"time":"2026-04-16 14:47:44","label":"request_start","context":{"uri":"/","method":"POST","sapi":"cli-server","php_version":"8.1.34"}}
{"time":"2026-04-16 14:47:49","label":"request_start","context":{"uri":"/","method":"POST","sapi":"cli-server","php_version":"8.1.34"}}
{"time":"2026-04-16 14:47:51","label":"request_start","context":{"uri":"/?action=auth_me&token=eyJhbGciOiJIUzI1NiIsInR5cCI6IkpXVCJ9.eyJzdWIiOiI5MzcxNTE5OTk5Iiwicm9sZSI6InN1cGVyYWRtaW4iLCJuYW1lIjoiU3VwZXIgQWRtaW4iLCJpYXQiOjE3NzYzNTA4NjksImV4cCI6MTc3NjM3OTY2OX0.hbBMN1iz_hzjZN8xQoAhI-aUBjxlsSlEaYkauevQq1E","method":"GET","sapi":"cli-server","php_version":"8.1.34"}}
{"time":"2026-04-16 14:47:54","label":"request_start","context":{"uri":"/?action=auth_me&token=eyJhbGciOiJIUzI1NiIsInR5cCI6IkpXVCJ9.eyJzdWIiOiI5MzcxNTE5OTk5Iiwicm9sZSI6InN1cGVyYWRtaW4iLCJuYW1lIjoiU3VwZXIgQWRtaW4iLCJpYXQiOjE3NzYzNTA4NjksImV4cCI6MTc3NjM3OTY2OX0.hbBMN1iz_hzjZN8xQoAhI-aUBjxlsSlEaYkauevQq1E","method":"GET","sapi":"cli-server","php_version":"8.1.34"}}
{"time":"2026-04-16 15:12:59","label":"request_start","context":{"uri":"/","method":"POST","sapi":"cli-server","php_version":"8.1.34"}}
{"time":"2026-04-16 15:13:00","label":"request_start","context":{"uri":"/","method":"POST","sapi":"cli-server","php_version":"8.1.34"}}
{"time":"2026-04-16 15:13:00","label":"request_start","context":{"uri":"/","method":"POST","sapi":"cli-server","php_version":"8.1.34"}}
{"time":"2026-04-16 15:13:00","label":"request_start","context":{"uri":"/","method":"POST","sapi":"cli-server","php_version":"8.1.34"}}
{"time":"2026-04-16 15:13:00","label":"request_start","context":{"uri":"/","method":"POST","sapi":"cli-server","php_version":"8.1.34"}}
{"time":"2026-04-16 15:13:00","label":"request_start","context":{"uri":"/","method":"POST","sapi":"cli-server","php_version":"8.1.34"}}
{"time":"2026-04-16 15:13:05","label":"request_start","context":{"uri":"/","method":"POST","sapi":"cli-server","php_version":"8.1.34"}}
{"time":"2026-04-16 15:13:05","label":"request_start","context":{"uri":"/","method":"POST","sapi":"cli-server","php_version":"8.1.34"}}
{"time":"2026-04-16 15:13:05","label":"request_start","context":{"uri":"/","method":"POST","sapi":"cli-server","php_version":"8.1.34"}}
{"time":"2026-04-16 15:27:13","label":"request_start","context":{"uri":"/?action=auth_bootstrap_status","method":"GET","sapi":"cli-server","php_version":"8.1.34"}}
{"time":"2026-04-16 15:27:13","label":"request_start","context":{"uri":"/backend/?action=auth_bootstrap_status","method":"GET","sapi":"cli-server","php_version":"8.1.34"}}
{"time":"2026-04-16 15:29:53","label":"request_start","context":{"uri":"/?action=auth_bootstrap_status","method":"GET","sapi":"cli-server","php_version":"8.1.34"}}
{"time":"2026-04-16 15:30:23","label":"request_start","context":{"uri":"/?action=auth_bootstrap_status","method":"GET","sapi":"cli-server","php_version":"8.1.34"}}
{"time":"2026-04-16 15:30:23","label":"request_start","context":{"uri":"/","method":"POST","sapi":"cli-server","php_version":"8.1.34"}}
{"time":"2026-04-16 15:30:24","label":"request_start","context":{"uri":"/","method":"POST","sapi":"cli-server","php_version":"8.1.34"}}
{"time":"2026-04-16 15:30:24","label":"request_start","context":{"uri":"/","method":"POST","sapi":"cli-server","php_version":"8.1.34"}}
{"time":"2026-04-16 15:30:24","label":"request_start","context":{"uri":"/","method":"POST","sapi":"cli-server","php_version":"8.1.34"}}
{"time":"2026-04-16 15:30:36","label":"request_start","context":{"uri":"/?action=auth_bootstrap_status","method":"GET","sapi":"cli-server","php_version":"8.1.34"}}
{"time":"2026-04-16 15:30:36","label":"request_start","context":{"uri":"/","method":"POST","sapi":"cli-server","php_version":"8.1.34"}}
{"time":"2026-04-16 15:30:37","label":"request_start","context":{"uri":"/","method":"POST","sapi":"cli-server","php_version":"8.1.34"}}
{"time":"2026-04-16 15:30:37","label":"request_start","context":{"uri":"/","method":"POST","sapi":"cli-server","php_version":"8.1.34"}}
{"time":"2026-04-16 15:30:37","label":"request_start","context":{"uri":"/","method":"POST","sapi":"cli-server","php_version":"8.1.34"}}
{"time":"2026-04-16 15:30:37","label":"request_start","context":{"uri":"/","method":"POST","sapi":"cli-server","php_version":"8.1.34"}}
{"time":"2026-04-16 15:30:37","label":"request_start","context":{"uri":"/","method":"POST","sapi":"cli-server","php_version":"8.1.34"}}
{"time":"2026-04-16 15:30:37","label":"request_start","context":{"uri":"/","method":"POST","sapi":"cli-server","php_version":"8.1.34"}}
{"time":"2026-04-16 15:30:38","label":"request_start","context":{"uri":"/","method":"POST","sapi":"cli-server","php_version":"8.1.34"}}
{"time":"2026-04-16 15:30:38","label":"request_start","context":{"uri":"/","method":"POST","sapi":"cli-server","php_version":"8.1.34"}}
{"time":"2026-04-16 15:30:38","label":"request_start","context":{"uri":"/","method":"POST","sapi":"cli-server","php_version":"8.1.34"}}
{"time":"2026-04-16 15:30:38","label":"request_start","context":{"uri":"/?action=auth_list_users&token=eyJhbGciOiJIUzI1NiIsInR5cCI6IkpXVCJ9.eyJzdWIiOiI5MzcxNTE5OTk5Iiwicm9sZSI6InN1cGVyYWRtaW4iLCJuYW1lIjoiU3VwZXIgQWRtaW4iLCJpYXQiOjE3NzYzNTM0MzcsImV4cCI6MTc3NjM4MjIzN30.vdfKmOtA5HmwogdPIEv0OZAhLPvTLEvr5g_6-PBJqrM","method":"GET","sapi":"cli-server","php_version":"8.1.34"}}
{"time":"2026-04-16 15:30:38","label":"request_start","context":{"uri":"/","method":"POST","sapi":"cli-server","php_version":"8.1.34"}}
{"time":"2026-04-16 15:30:38","label":"request_start","context":{"uri":"/","method":"POST","sapi":"cli-server","php_version":"8.1.34"}}
{"time":"2026-04-16 15:30:38","label":"request_start","context":{"uri":"/","method":"POST","sapi":"cli-server","php_version":"8.1.34"}}
{"time":"2026-04-16 15:30:38","label":"request_start","context":{"uri":"/","method":"POST","sapi":"cli-server","php_version":"8.1.34"}}
{"time":"2026-04-16 15:30:39","label":"request_start","context":{"uri":"/","method":"POST","sapi":"cli-server","php_version":"8.1.34"}}
{"time":"2026-04-16 15:30:39","label":"request_start","context":{"uri":"/","method":"POST","sapi":"cli-server","php_version":"8.1.34"}}
{"time":"2026-04-16 15:30:39","label":"request_start","context":{"uri":"/","method":"POST","sapi":"cli-server","php_version":"8.1.34"}}
{"time":"2026-04-16 15:30:39","label":"request_start","context":{"uri":"/","method":"POST","sapi":"cli-server","php_version":"8.1.34"}}
{"time":"2026-04-16 15:30:39","label":"request_start","context":{"uri":"/","method":"POST","sapi":"cli-server","php_version":"8.1.34"}}
{"time":"2026-04-16 15:30:40","label":"request_start","context":{"uri":"/","method":"POST","sapi":"cli-server","php_version":"8.1.34"}}
{"time":"2026-04-16 15:30:40","label":"request_start","context":{"uri":"/","method":"POST","sapi":"cli-server","php_version":"8.1.34"}}
{"time":"2026-04-16 15:30:40","label":"request_start","context":{"uri":"/","method":"POST","sapi":"cli-server","php_version":"8.1.34"}}
{"time":"2026-04-16 15:30:40","label":"request_start","context":{"uri":"/","method":"POST","sapi":"cli-server","php_version":"8.1.34"}}
{"time":"2026-04-16 15:30:40","label":"request_start","context":{"uri":"/?action=&shape=grid&tab=AWGNK%20MENU","method":"GET","sapi":"cli-server","php_version":"8.1.34"}}
{"time":"2026-04-16 15:30:40","label":"request_start","context":{"uri":"/?action=&shape=grid&tab=BAR%20MENU%20NK","method":"GET","sapi":"cli-server","php_version":"8.1.34"}}
{"time":"2026-04-16 15:30:40","label":"request_start","context":{"uri":"/","method":"POST","sapi":"cli-server","php_version":"8.1.34"}}
{"time":"2026-04-16 15:30:40","label":"request_start","context":{"uri":"/?action=verify&phone=7655794315&token=eyJhbGciOiJIUzI1NiIsInR5cCI6IkpXVCJ9.eyJzdWIiOiI5MTQ1NTkzOTMyMCIsInJvbGUiOiJhZG1pbiIsIm5hbWUiOiJRQSBBZG1pbiIsImlhdCI6MTc3NjM1MzQzOCwiZXhwIjoxNzc2MzgyMjM4fQ.DUpgckY-vDcrZ0rCdDGoz7Ti-zRQTRcRPSMOBDVS3lM","method":"GET","sapi":"cli-server","php_version":"8.1.34"}}
{"time":"2026-04-16 15:30:41","label":"request_start","context":{"uri":"/?action=regen_coupon&phone=7655794315&token=eyJhbGciOiJIUzI1NiIsInR5cCI6IkpXVCJ9.eyJzdWIiOiI5MTQ1NTkzOTMyMCIsInJvbGUiOiJhZG1pbiIsIm5hbWUiOiJRQSBBZG1pbiIsImlhdCI6MTc3NjM1MzQzOCwiZXhwIjoxNzc2MzgyMjM4fQ.DUpgckY-vDcrZ0rCdDGoz7Ti-zRQTRcRPSMOBDVS3lM","method":"GET","sapi":"cli-server","php_version":"8.1.34"}}
{"time":"2026-04-16 15:30:41","label":"request_start","context":{"uri":"/?action=redeem&phone=7655794315&token=eyJhbGciOiJIUzI1NiIsInR5cCI6IkpXVCJ9.eyJzdWIiOiI5MTQ1NTkzOTMyMCIsInJvbGUiOiJhZG1pbiIsIm5hbWUiOiJRQSBBZG1pbiIsImlhdCI6MTc3NjM1MzQzOCwiZXhwIjoxNzc2MzgyMjM4fQ.DUpgckY-vDcrZ0rCdDGoz7Ti-zRQTRcRPSMOBDVS3lM","method":"GET","sapi":"cli-server","php_version":"8.1.34"}}
{"time":"2026-04-16 15:30:41","label":"request_start","context":{"uri":"/?action=counter","method":"GET","sapi":"cli-server","php_version":"8.1.34"}}
{"time":"2026-04-16 15:30:41","label":"request_start","context":{"uri":"/","method":"POST","sapi":"cli-server","php_version":"8.1.34"}}
{"time":"2026-04-16 15:30:41","label":"request_start","context":{"uri":"/?action=qr_report&token=eyJhbGciOiJIUzI1NiIsInR5cCI6IkpXVCJ9.eyJzdWIiOiI5MTQ1NTkzOTMyMCIsInJvbGUiOiJhZG1pbiIsIm5hbWUiOiJRQSBBZG1pbiIsImlhdCI6MTc3NjM1MzQzOCwiZXhwIjoxNzc2MzgyMjM4fQ.DUpgckY-vDcrZ0rCdDGoz7Ti-zRQTRcRPSMOBDVS3lM","method":"GET","sapi":"cli-server","php_version":"8.1.34"}}
{"time":"2026-04-16 15:30:41","label":"request_start","context":{"uri":"/?action=init_schema&token=eyJhbGciOiJIUzI1NiIsInR5cCI6IkpXVCJ9.eyJzdWIiOiI5MzcxNTE5OTk5Iiwicm9sZSI6InN1cGVyYWRtaW4iLCJuYW1lIjoiU3VwZXIgQWRtaW4iLCJpYXQiOjE3NzYzNTM0MzcsImV4cCI6MTc3NjM4MjIzN30.vdfKmOtA5HmwogdPIEv0OZAhLPvTLEvr5g_6-PBJqrM","method":"GET","sapi":"cli-server","php_version":"8.1.34"}}
{"time":"2026-04-16 15:30:41","label":"request_start","context":{"uri":"/?action=schema&token=eyJhbGciOiJIUzI1NiIsInR5cCI6IkpXVCJ9.eyJzdWIiOiI5MzcxNTE5OTk5Iiwicm9sZSI6InN1cGVyYWRtaW4iLCJuYW1lIjoiU3VwZXIgQWRtaW4iLCJpYXQiOjE3NzYzNTM0MzcsImV4cCI6MTc3NjM4MjIzN30.vdfKmOtA5HmwogdPIEv0OZAhLPvTLEvr5g_6-PBJqrM","method":"GET","sapi":"cli-server","php_version":"8.1.34"}}
{"time":"2026-04-16 15:30:41","label":"request_start","context":{"uri":"/?action=ensure_qr_sheet&token=eyJhbGciOiJIUzI1NiIsInR5cCI6IkpXVCJ9.eyJzdWIiOiI5MzcxNTE5OTk5Iiwicm9sZSI6InN1cGVyYWRtaW4iLCJuYW1lIjoiU3VwZXIgQWRtaW4iLCJpYXQiOjE3NzYzNTM0MzcsImV4cCI6MTc3NjM4MjIzN30.vdfKmOtA5HmwogdPIEv0OZAhLPvTLEvr5g_6-PBJqrM","method":"GET","sapi":"cli-server","php_version":"8.1.34"}}
{"time":"2026-04-16 15:30:42","label":"request_start","context":{"uri":"/?action=init_qr_sheet&token=eyJhbGciOiJIUzI1NiIsInR5cCI6IkpXVCJ9.eyJzdWIiOiI5MzcxNTE5OTk5Iiwicm9sZSI6InN1cGVyYWRtaW4iLCJuYW1lIjoiU3VwZXIgQWRtaW4iLCJpYXQiOjE3NzYzNTM0MzcsImV4cCI6MTc3NjM4MjIzN30.vdfKmOtA5HmwogdPIEv0OZAhLPvTLEvr5g_6-PBJqrM","method":"GET","sapi":"cli-server","php_version":"8.1.34"}}
{"time":"2026-04-16 15:30:42","label":"request_start","context":{"uri":"/?action=create_qr_sheet&token=eyJhbGciOiJIUzI1NiIsInR5cCI6IkpXVCJ9.eyJzdWIiOiI5MzcxNTE5OTk5Iiwicm9sZSI6InN1cGVyYWRtaW4iLCJuYW1lIjoiU3VwZXIgQWRtaW4iLCJpYXQiOjE3NzYzNTM0MzcsImV4cCI6MTc3NjM4MjIzN30.vdfKmOtA5HmwogdPIEv0OZAhLPvTLEvr5g_6-PBJqrM","method":"GET","sapi":"cli-server","php_version":"8.1.34"}}
{"time":"2026-04-16 15:30:42","label":"request_start","context":{"uri":"/?action=create_test_paid_tx&token=eyJhbGciOiJIUzI1NiIsInR5cCI6IkpXVCJ9.eyJzdWIiOiI5MzcxNTE5OTk5Iiwicm9sZSI6InN1cGVyYWRtaW4iLCJuYW1lIjoiU3VwZXIgQWRtaW4iLCJpYXQiOjE3NzYzNTM0MzcsImV4cCI6MTc3NjM4MjIzN30.vdfKmOtA5HmwogdPIEv0OZAhLPvTLEvr5g_6-PBJqrM","method":"GET","sapi":"cli-server","php_version":"8.1.34"}}
{"time":"2026-04-16 15:30:42","label":"request_start","context":{"uri":"/?action=seed_test_paid_tx&token=eyJhbGciOiJIUzI1NiIsInR5cCI6IkpXVCJ9.eyJzdWIiOiI5MzcxNTE5OTk5Iiwicm9sZSI6InN1cGVyYWRtaW4iLCJuYW1lIjoiU3VwZXIgQWRtaW4iLCJpYXQiOjE3NzYzNTM0MzcsImV4cCI6MTc3NjM4MjIzN30.vdfKmOtA5HmwogdPIEv0OZAhLPvTLEvr5g_6-PBJqrM","method":"GET","sapi":"cli-server","php_version":"8.1.34"}}
{"time":"2026-04-16 15:30:42","label":"request_start","context":{"uri":"/?action=download_qr_code&token=eyJhbGciOiJIUzI1NiIsInR5cCI6IkpXVCJ9.eyJzdWIiOiI5MzcxNTE5OTk5Iiwicm9sZSI6InN1cGVyYWRtaW4iLCJuYW1lIjoiU3VwZXIgQWRtaW4iLCJpYXQiOjE3NzYzNTM0MzcsImV4cCI6MTc3NjM4MjIzN30.vdfKmOtA5HmwogdPIEv0OZAhLPvTLEvr5g_6-PBJqrM","method":"GET","sapi":"cli-server","php_version":"8.1.34"}}
{"time":"2026-04-16 15:30:42","label":"request_start","context":{"uri":"/?action=qr_scan_report_html&token=eyJhbGciOiJIUzI1NiIsInR5cCI6IkpXVCJ9.eyJzdWIiOiI5MzcxNTE5OTk5Iiwicm9sZSI6InN1cGVyYWRtaW4iLCJuYW1lIjoiU3VwZXIgQWRtaW4iLCJpYXQiOjE3NzYzNTM0MzcsImV4cCI6MTc3NjM4MjIzN30.vdfKmOtA5HmwogdPIEv0OZAhLPvTLEvr5g_6-PBJqrM","method":"GET","sapi":"cli-server","php_version":"8.1.34"}}
{"time":"2026-04-16 15:30:42","label":"request_start","context":{"uri":"/?action=qr-scan-report-html&token=eyJhbGciOiJIUzI1NiIsInR5cCI6IkpXVCJ9.eyJzdWIiOiI5MzcxNTE5OTk5Iiwicm9sZSI6InN1cGVyYWRtaW4iLCJuYW1lIjoiU3VwZXIgQWRtaW4iLCJpYXQiOjE3NzYzNTM0MzcsImV4cCI6MTc3NjM4MjIzN30.vdfKmOtA5HmwogdPIEv0OZAhLPvTLEvr5g_6-PBJqrM","method":"GET","sapi":"cli-server","php_version":"8.1.34"}}
{"time":"2026-04-16 15:30:42","label":"request_start","context":{"uri":"/?action=migrate_events_sheet_format&token=eyJhbGciOiJIUzI1NiIsInR5cCI6IkpXVCJ9.eyJzdWIiOiI5MzcxNTE5OTk5Iiwicm9sZSI6InN1cGVyYWRtaW4iLCJuYW1lIjoiU3VwZXIgQWRtaW4iLCJpYXQiOjE3NzYzNTM0MzcsImV4cCI6MTc3NjM4MjIzN30.vdfKmOtA5HmwogdPIEv0OZAhLPvTLEvr5g_6-PBJqrM","method":"GET","sapi":"cli-server","php_version":"8.1.34"}}
{"time":"2026-04-16 15:30:42","label":"request_start","context":{"uri":"/?action=migrate_event_sheet_format&token=eyJhbGciOiJIUzI1NiIsInR5cCI6IkpXVCJ9.eyJzdWIiOiI5MzcxNTE5OTk5Iiwicm9sZSI6InN1cGVyYWRtaW4iLCJuYW1lIjoiU3VwZXIgQWRtaW4iLCJpYXQiOjE3NzYzNTM0MzcsImV4cCI6MTc3NjM4MjIzN30.vdfKmOtA5HmwogdPIEv0OZAhLPvTLEvr5g_6-PBJqrM","method":"GET","sapi":"cli-server","php_version":"8.1.34"}}
{"time":"2026-04-16 15:30:42","label":"request_start","context":{"uri":"/?action=reset_events_sheet_format&token=eyJhbGciOiJIUzI1NiIsInR5cCI6IkpXVCJ9.eyJzdWIiOiI5MzcxNTE5OTk5Iiwicm9sZSI6InN1cGVyYWRtaW4iLCJuYW1lIjoiU3VwZXIgQWRtaW4iLCJpYXQiOjE3NzYzNTM0MzcsImV4cCI6MTc3NjM4MjIzN30.vdfKmOtA5HmwogdPIEv0OZAhLPvTLEvr5g_6-PBJqrM","method":"GET","sapi":"cli-server","php_version":"8.1.34"}}
{"time":"2026-04-16 15:30:42","label":"request_start","context":{"uri":"/?action=reset_events_data&token=eyJhbGciOiJIUzI1NiIsInR5cCI6IkpXVCJ9.eyJzdWIiOiI5MzcxNTE5OTk5Iiwicm9sZSI6InN1cGVyYWRtaW4iLCJuYW1lIjoiU3VwZXIgQWRtaW4iLCJpYXQiOjE3NzYzNTM0MzcsImV4cCI6MTc3NjM4MjIzN30.vdfKmOtA5HmwogdPIEv0OZAhLPvTLEvr5g_6-PBJqrM","method":"GET","sapi":"cli-server","php_version":"8.1.34"}}
{"time":"2026-04-16 15:30:42","label":"request_start","context":{"uri":"/?action=seed_events_sample&token=eyJhbGciOiJIUzI1NiIsInR5cCI6IkpXVCJ9.eyJzdWIiOiI5MzcxNTE5OTk5Iiwicm9sZSI6InN1cGVyYWRtaW4iLCJuYW1lIjoiU3VwZXIgQWRtaW4iLCJpYXQiOjE3NzYzNTM0MzcsImV4cCI6MTc3NjM4MjIzN30.vdfKmOtA5HmwogdPIEv0OZAhLPvTLEvr5g_6-PBJqrM","method":"GET","sapi":"cli-server","php_version":"8.1.34"}}
{"time":"2026-04-16 15:30:42","label":"request_start","context":{"uri":"/?action=seed_event_sample&token=eyJhbGciOiJIUzI1NiIsInR5cCI6IkpXVCJ9.eyJzdWIiOiI5MzcxNTE5OTk5Iiwicm9sZSI6InN1cGVyYWRtaW4iLCJuYW1lIjoiU3VwZXIgQWRtaW4iLCJpYXQiOjE3NzYzNTM0MzcsImV4cCI6MTc3NjM4MjIzN30.vdfKmOtA5HmwogdPIEv0OZAhLPvTLEvr5g_6-PBJqrM","method":"GET","sapi":"cli-server","php_version":"8.1.34"}}
{"time":"2026-04-16 15:30:42","label":"request_start","context":{"uri":"/?action=seed_dj_events_apr_2026&token=eyJhbGciOiJIUzI1NiIsInR5cCI6IkpXVCJ9.eyJzdWIiOiI5MzcxNTE5OTk5Iiwicm9sZSI6InN1cGVyYWRtaW4iLCJuYW1lIjoiU3VwZXIgQWRtaW4iLCJpYXQiOjE3NzYzNTM0MzcsImV4cCI6MTc3NjM4MjIzN30.vdfKmOtA5HmwogdPIEv0OZAhLPvTLEvr5g_6-PBJqrM","method":"GET","sapi":"cli-server","php_version":"8.1.34"}}
{"time":"2026-04-16 15:30:42","label":"request_start","context":{"uri":"/?action=seed_dj_events&token=eyJhbGciOiJIUzI1NiIsInR5cCI6IkpXVCJ9.eyJzdWIiOiI5MzcxNTE5OTk5Iiwicm9sZSI6InN1cGVyYWRtaW4iLCJuYW1lIjoiU3VwZXIgQWRtaW4iLCJpYXQiOjE3NzYzNTM0MzcsImV4cCI6MTc3NjM4MjIzN30.vdfKmOtA5HmwogdPIEv0OZAhLPvTLEvr5g_6-PBJqrM","method":"GET","sapi":"cli-server","php_version":"8.1.34"}}
{"time":"2026-04-16 15:30:42","label":"request_start","context":{"uri":"/?action=seed_paid_event_sample&token=eyJhbGciOiJIUzI1NiIsInR5cCI6IkpXVCJ9.eyJzdWIiOiI5MzcxNTE5OTk5Iiwicm9sZSI6InN1cGVyYWRtaW4iLCJuYW1lIjoiU3VwZXIgQWRtaW4iLCJpYXQiOjE3NzYzNTM0MzcsImV4cCI6MTc3NjM4MjIzN30.vdfKmOtA5HmwogdPIEv0OZAhLPvTLEvr5g_6-PBJqrM","method":"GET","sapi":"cli-server","php_version":"8.1.34"}}
{"time":"2026-04-16 15:30:42","label":"request_start","context":{"uri":"/?action=seed_paid_event&token=eyJhbGciOiJIUzI1NiIsInR5cCI6IkpXVCJ9.eyJzdWIiOiI5MzcxNTE5OTk5Iiwicm9sZSI6InN1cGVyYWRtaW4iLCJuYW1lIjoiU3VwZXIgQWRtaW4iLCJpYXQiOjE3NzYzNTM0MzcsImV4cCI6MTc3NjM4MjIzN30.vdfKmOtA5HmwogdPIEv0OZAhLPvTLEvr5g_6-PBJqrM","method":"GET","sapi":"cli-server","php_version":"8.1.34"}}
{"time":"2026-04-16 15:30:42","label":"request_start","context":{"uri":"/?action=send_test_event_email&token=eyJhbGciOiJIUzI1NiIsInR5cCI6IkpXVCJ9.eyJzdWIiOiI5MzcxNTE5OTk5Iiwicm9sZSI6InN1cGVyYWRtaW4iLCJuYW1lIjoiU3VwZXIgQWRtaW4iLCJpYXQiOjE3NzYzNTM0MzcsImV4cCI6MTc3NjM4MjIzN30.vdfKmOtA5HmwogdPIEv0OZAhLPvTLEvr5g_6-PBJqrM","method":"GET","sapi":"cli-server","php_version":"8.1.34"}}
{"time":"2026-04-16 15:30:42","label":"request_start","context":{"uri":"/?action=test_event_email&token=eyJhbGciOiJIUzI1NiIsInR5cCI6IkpXVCJ9.eyJzdWIiOiI5MzcxNTE5OTk5Iiwicm9sZSI6InN1cGVyYWRtaW4iLCJuYW1lIjoiU3VwZXIgQWRtaW4iLCJpYXQiOjE3NzYzNTM0MzcsImV4cCI6MTc3NjM4MjIzN30.vdfKmOtA5HmwogdPIEv0OZAhLPvTLEvr5g_6-PBJqrM","method":"GET","sapi":"cli-server","php_version":"8.1.34"}}
{"time":"2026-04-16 15:30:42","label":"request_start","context":{"uri":"/","method":"POST","sapi":"cli-server","php_version":"8.1.34"}}
{"time":"2026-04-16 15:30:42","label":"request_start","context":{"uri":"/","method":"POST","sapi":"cli-server","php_version":"8.1.34"}}
{"time":"2026-04-16 15:30:42","label":"request_start","context":{"uri":"/","method":"POST","sapi":"cli-server","php_version":"8.1.34"}}
{"time":"2026-04-16 21:00:42","label":"unhandled_exception","context":{"message":"SQLSTATE[01000]: Warning: 1265 Data truncated for column 'crm_sync_status' at row 1","file":"D:\\GITHUB Projects\\Namaste Kalyan\\namastekalyan\\backend\\src\\Repositories\\LeadRepository.php","line":55}}
{"time":"2026-04-16 15:30:42","label":"request_start","context":{"uri":"/","method":"POST","sapi":"cli-server","php_version":"8.1.34"}}
{"time":"2026-04-16 21:00:42","label":"unhandled_exception","context":{"message":"SQLSTATE[01000]: Warning: 1265 Data truncated for column 'crm_sync_status' at row 1","file":"D:\\GITHUB Projects\\Namaste Kalyan\\namastekalyan\\backend\\src\\Repositories\\LeadRepository.php","line":55}}
{"time":"2026-04-16 15:30:42","label":"request_start","context":{"uri":"/","method":"POST","sapi":"cli-server","php_version":"8.1.34"}}
{"time":"2026-04-16 15:30:42","label":"request_start","context":{"uri":"/","method":"POST","sapi":"cli-server","php_version":"8.1.34"}}
{"time":"2026-04-16 15:30:42","label":"request_start","context":{"uri":"/","method":"POST","sapi":"cli-server","php_version":"8.1.34"}}
{"time":"2026-04-16 15:30:42","label":"request_start","context":{"uri":"/","method":"POST","sapi":"cli-server","php_version":"8.1.34"}}
{"time":"2026-04-16 15:30:42","label":"request_start","context":{"uri":"/?action=events_list&limit=20","method":"GET","sapi":"cli-server","php_version":"8.1.34"}}
{"time":"2026-04-16 15:30:42","label":"request_start","context":{"uri":"/?action=event_popup","method":"GET","sapi":"cli-server","php_version":"8.1.34"}}
{"time":"2026-04-16 15:30:42","label":"request_start","context":{"uri":"/?action=admin_cash_summary&token=eyJhbGciOiJIUzI1NiIsInR5cCI6IkpXVCJ9.eyJzdWIiOiI5MTQ1NTkzOTMyMCIsInJvbGUiOiJhZG1pbiIsIm5hbWUiOiJRQSBBZG1pbiIsImlhdCI6MTc3NjM1MzQzOCwiZXhwIjoxNzc2MzgyMjM4fQ.DUpgckY-vDcrZ0rCdDGoz7Ti-zRQTRcRPSMOBDVS3lM","method":"GET","sapi":"cli-server","php_version":"8.1.34"}}
{"time":"2026-04-16 15:30:42","label":"request_start","context":{"uri":"/","method":"POST","sapi":"cli-server","php_version":"8.1.34"}}
{"time":"2026-04-16 15:30:42","label":"request_start","context":{"uri":"/?action=superadmin_cash_dashboard&token=eyJhbGciOiJIUzI1NiIsInR5cCI6IkpXVCJ9.eyJzdWIiOiI5MzcxNTE5OTk5Iiwicm9sZSI6InN1cGVyYWRtaW4iLCJuYW1lIjoiU3VwZXIgQWRtaW4iLCJpYXQiOjE3NzYzNTM0MzcsImV4cCI6MTc3NjM4MjIzN30.vdfKmOtA5HmwogdPIEv0OZAhLPvTLEvr5g_6-PBJqrM","method":"GET","sapi":"cli-server","php_version":"8.1.34"}}
{"time":"2026-04-16 15:30:43","label":"request_start","context":{"uri":"/","method":"POST","sapi":"cli-server","php_version":"8.1.34"}}
{"time":"2026-04-16 15:30:43","label":"request_start","context":{"uri":"/","method":"POST","sapi":"cli-server","php_version":"8.1.34"}}
{"time":"2026-04-16 15:30:43","label":"request_start","context":{"uri":"/","method":"POST","sapi":"cli-server","php_version":"8.1.34"}}
{"time":"2026-04-16 15:30:43","label":"request_start","context":{"uri":"/?action=non_existing_action_qa","method":"GET","sapi":"cli-server","php_version":"8.1.34"}}
{"time":"2026-04-16 15:30:43","label":"request_start","context":{"uri":"/","method":"POST","sapi":"cli-server","php_version":"8.1.34"}}
{"time":"2026-04-16 15:30:43","label":"request_start","context":{"uri":"/","method":"POST","sapi":"cli-server","php_version":"8.1.34"}}
{"time":"2026-04-16 15:30:43","label":"request_start","context":{"uri":"/","method":"POST","sapi":"cli-server","php_version":"8.1.34"}}
{"time":"2026-04-16 15:32:04","label":"request_start","context":{"uri":"/","method":"POST","sapi":"cli-server","php_version":"8.1.34"}}
{"time":"2026-04-16 15:32:04","label":"request_start","context":{"uri":"/","method":"POST","sapi":"cli-server","php_version":"8.1.34"}}
{"time":"2026-04-16 15:32:04","label":"request_start","context":{"uri":"/","method":"POST","sapi":"cli-server","php_version":"8.1.34"}}
{"time":"2026-04-16 15:32:04","label":"request_start","context":{"uri":"/","method":"POST","sapi":"cli-server","php_version":"8.1.34"}}
{"time":"2026-04-16 15:32:05","label":"request_start","context":{"uri":"/?action=event_detail&eventId=qa-event-9914","method":"GET","sapi":"cli-server","php_version":"8.1.34"}}
{"time":"2026-04-16 15:32:05","label":"request_start","context":{"uri":"/?action=admin_list_events&token=eyJhbGciOiJIUzI1NiIsInR5cCI6IkpXVCJ9.eyJzdWIiOiI5MzcxNTE5OTk5Iiwicm9sZSI6InN1cGVyYWRtaW4iLCJuYW1lIjoiU3VwZXIgQWRtaW4iLCJpYXQiOjE3NzYzNTM1MjQsImV4cCI6MTc3NjM4MjMyNH0.dyd8dJvfQUfPvbilIROK1ymQT530-2xRLL9aHJRD4qk","method":"GET","sapi":"cli-server","php_version":"8.1.34"}}
{"time":"2026-04-16 15:32:05","label":"request_start","context":{"uri":"/","method":"POST","sapi":"cli-server","php_version":"8.1.34"}}
{"time":"2026-04-16 15:32:09","label":"request_start","context":{"uri":"/","method":"POST","sapi":"cli-server","php_version":"8.1.34"}}
{"time":"2026-04-16 15:32:09","label":"request_start","context":{"uri":"/","method":"POST","sapi":"cli-server","php_version":"8.1.34"}}
{"time":"2026-04-16 21:02:09","label":"unhandled_exception","context":{"message":"SQLSTATE[01000]: Warning: 1265 Data truncated for column 'crm_sync_status' at row 1","file":"D:\\GITHUB Projects\\Namaste Kalyan\\namastekalyan\\backend\\src\\Repositories\\LeadRepository.php","line":55}}
{"time":"2026-04-16 15:32:09","label":"request_start","context":{"uri":"/","method":"POST","sapi":"cli-server","php_version":"8.1.34"}}
{"time":"2026-04-16 21:02:09","label":"unhandled_exception","context":{"message":"SQLSTATE[01000]: Warning: 1265 Data truncated for column 'crm_sync_status' at row 1","file":"D:\\GITHUB Projects\\Namaste Kalyan\\namastekalyan\\backend\\src\\Repositories\\LeadRepository.php","line":55}}
{"time":"2026-04-16 15:32:27","label":"request_start","context":{"uri":"/","method":"POST","sapi":"cli-server","php_version":"8.1.34"}}
{"time":"2026-04-16 15:32:27","label":"request_start","context":{"uri":"/","method":"POST","sapi":"cli-server","php_version":"8.1.34"}}
{"time":"2026-04-16 15:32:27","label":"request_start","context":{"uri":"/","method":"POST","sapi":"cli-server","php_version":"8.1.34"}}
{"time":"2026-04-16 21:02:27","label":"unhandled_exception","context":{"message":"SQLSTATE[HY093]: Invalid parameter number","file":"D:\\GITHUB Projects\\Namaste Kalyan\\namastekalyan\\backend\\src\\Repositories\\EventTransactionRepository.php","line":99}}
{"time":"2026-04-16 15:34:16","label":"request_start","context":{"uri":"/","method":"POST","sapi":"cli-server","php_version":"8.1.34"}}
{"time":"2026-04-16 15:34:16","label":"request_start","context":{"uri":"/","method":"POST","sapi":"cli-server","php_version":"8.1.34"}}
{"time":"2026-04-16 15:34:16","label":"request_start","context":{"uri":"/","method":"POST","sapi":"cli-server","php_version":"8.1.34"}}
{"time":"2026-04-16 21:04:17","label":"unhandled_exception","context":{"message":"SQLSTATE[HY093]: Invalid parameter number","file":"D:\\GITHUB Projects\\Namaste Kalyan\\namastekalyan\\backend\\src\\Repositories\\EventTransactionRepository.php","line":99}}
{"time":"2026-04-16 15:34:17","label":"request_start","context":{"uri":"/","method":"POST","sapi":"cli-server","php_version":"8.1.34"}}
{"time":"2026-04-16 15:35:00","label":"request_start","context":{"uri":"/","method":"POST","sapi":"cli-server","php_version":"8.1.34"}}
{"time":"2026-04-16 15:35:01","label":"request_start","context":{"uri":"/","method":"POST","sapi":"cli-server","php_version":"8.1.34"}}
{"time":"2026-04-16 21:05:01","label":"unhandled_exception","context":{"message":"SQLSTATE[01000]: Warning: 1265 Data truncated for column 'crm_sync_status' at row 1","file":"D:\\GITHUB Projects\\Namaste Kalyan\\namastekalyan\\backend\\src\\Repositories\\LeadRepository.php","line":55}}
{"time":"2026-04-16 15:35:01","label":"request_start","context":{"uri":"/","method":"POST","sapi":"cli-server","php_version":"8.1.34"}}
{"time":"2026-04-16 15:35:01","label":"request_start","context":{"uri":"/","method":"POST","sapi":"cli-server","php_version":"8.1.34"}}
{"time":"2026-04-16 15:35:01","label":"request_start","context":{"uri":"/","method":"POST","sapi":"cli-server","php_version":"8.1.34"}}
{"time":"2026-04-16 15:35:01","label":"request_start","context":{"uri":"/","method":"POST","sapi":"cli-server","php_version":"8.1.34"}}
{"time":"2026-04-16 15:35:01","label":"request_start","context":{"uri":"/?action=admin_cash_summary&token=eyJhbGciOiJIUzI1NiIsInR5cCI6IkpXVCJ9.eyJzdWIiOiI5MzcxNTE5OTk5Iiwicm9sZSI6InN1cGVyYWRtaW4iLCJuYW1lIjoiU3VwZXIgQWRtaW4iLCJpYXQiOjE3NzYzNTM3MDEsImV4cCI6MTc3NjM4MjUwMX0.Is801lnEDMryTza45MLOMy-tD7Lz18lFZ7m98rcEXqk","method":"GET","sapi":"cli-server","php_version":"8.1.34"}}
{"time":"2026-04-16 15:35:01","label":"request_start","context":{"uri":"/","method":"POST","sapi":"cli-server","php_version":"8.1.34"}}
{"time":"2026-04-16 15:35:01","label":"request_start","context":{"uri":"/?action=admin_event_list&token=eyJhbGciOiJIUzI1NiIsInR5cCI6IkpXVCJ9.eyJzdWIiOiI5MzcxNTE5OTk5Iiwicm9sZSI6InN1cGVyYWRtaW4iLCJuYW1lIjoiU3VwZXIgQWRtaW4iLCJpYXQiOjE3NzYzNTM3MDEsImV4cCI6MTc3NjM4MjUwMX0.Is801lnEDMryTza45MLOMy-tD7Lz18lFZ7m98rcEXqk","method":"GET","sapi":"cli-server","php_version":"8.1.34"}}
{"time":"2026-04-16 15:35:01","label":"request_start","context":{"uri":"/","method":"POST","sapi":"cli-server","php_version":"8.1.34"}}
{"time":"2026-04-16 15:35:01","label":"request_start","context":{"uri":"/?action=admin_list_events&token=eyJhbGciOiJIUzI1NiIsInR5cCI6IkpXVCJ9.eyJzdWIiOiI5MzcxNTE5OTk5Iiwicm9sZSI6InN1cGVyYWRtaW4iLCJuYW1lIjoiU3VwZXIgQWRtaW4iLCJpYXQiOjE3NzYzNTM3MDEsImV4cCI6MTc3NjM4MjUwMX0.Is801lnEDMryTza45MLOMy-tD7Lz18lFZ7m98rcEXqk","method":"GET","sapi":"cli-server","php_version":"8.1.34"}}
{"time":"2026-04-16 15:35:01","label":"request_start","context":{"uri":"/","method":"POST","sapi":"cli-server","php_version":"8.1.34"}}
{"time":"2026-04-16 15:35:02","label":"request_start","context":{"uri":"/","method":"POST","sapi":"cli-server","php_version":"8.1.34"}}
{"time":"2026-04-16 15:35:02","label":"request_start","context":{"uri":"/","method":"POST","sapi":"cli-server","php_version":"8.1.34"}}
{"time":"2026-04-16 15:35:02","label":"request_start","context":{"uri":"/","method":"POST","sapi":"cli-server","php_version":"8.1.34"}}
{"time":"2026-04-16 15:35:02","label":"request_start","context":{"uri":"/","method":"POST","sapi":"cli-server","php_version":"8.1.34"}}
{"time":"2026-04-16 15:35:02","label":"request_start","context":{"uri":"/","method":"POST","sapi":"cli-server","php_version":"8.1.34"}}
{"time":"2026-04-16 15:35:02","label":"request_start","context":{"uri":"/","method":"POST","sapi":"cli-server","php_version":"8.1.34"}}
{"time":"2026-04-16 15:35:02","label":"request_start","context":{"uri":"/","method":"POST","sapi":"cli-server","php_version":"8.1.34"}}
{"time":"2026-04-16 15:35:02","label":"request_start","context":{"uri":"/","method":"POST","sapi":"cli-server","php_version":"8.1.34"}}
{"time":"2026-04-16 15:35:02","label":"request_start","context":{"uri":"/","method":"POST","sapi":"cli-server","php_version":"8.1.34"}}
{"time":"2026-04-16 15:35:02","label":"request_start","context":{"uri":"/?action=auth_bootstrap_status&token=eyJhbGciOiJIUzI1NiIsInR5cCI6IkpXVCJ9.eyJzdWIiOiI5MzcxNTE5OTk5Iiwicm9sZSI6InN1cGVyYWRtaW4iLCJuYW1lIjoiU3VwZXIgQWRtaW4iLCJpYXQiOjE3NzYzNTM3MDEsImV4cCI6MTc3NjM4MjUwMX0.Is801lnEDMryTza45MLOMy-tD7Lz18lFZ7m98rcEXqk","method":"GET","sapi":"cli-server","php_version":"8.1.34"}}
{"time":"2026-04-16 15:35:02","label":"request_start","context":{"uri":"/","method":"POST","sapi":"cli-server","php_version":"8.1.34"}}
{"time":"2026-04-16 15:35:02","label":"request_start","context":{"uri":"/","method":"POST","sapi":"cli-server","php_version":"8.1.34"}}
{"time":"2026-04-16 15:35:02","label":"request_start","context":{"uri":"/","method":"POST","sapi":"cli-server","php_version":"8.1.34"}}
{"time":"2026-04-16 15:35:03","label":"request_start","context":{"uri":"/","method":"POST","sapi":"cli-server","php_version":"8.1.34"}}
{"time":"2026-04-16 15:35:03","label":"request_start","context":{"uri":"/?action=auth_list_users&token=eyJhbGciOiJIUzI1NiIsInR5cCI6IkpXVCJ9.eyJzdWIiOiI5MzcxNTE5OTk5Iiwicm9sZSI6InN1cGVyYWRtaW4iLCJuYW1lIjoiU3VwZXIgQWRtaW4iLCJpYXQiOjE3NzYzNTM3MDEsImV4cCI6MTc3NjM4MjUwMX0.Is801lnEDMryTza45MLOMy-tD7Lz18lFZ7m98rcEXqk","method":"GET","sapi":"cli-server","php_version":"8.1.34"}}
{"time":"2026-04-16 15:35:03","label":"request_start","context":{"uri":"/","method":"POST","sapi":"cli-server","php_version":"8.1.34"}}
{"time":"2026-04-16 15:35:03","label":"request_start","context":{"uri":"/","method":"POST","sapi":"cli-server","php_version":"8.1.34"}}
{"time":"2026-04-16 15:35:03","label":"request_start","context":{"uri":"/","method":"POST","sapi":"cli-server","php_version":"8.1.34"}}
{"time":"2026-04-16 15:35:03","label":"request_start","context":{"uri":"/","method":"POST","sapi":"cli-server","php_version":"8.1.34"}}
{"time":"2026-04-16 15:35:03","label":"request_start","context":{"uri":"/","method":"POST","sapi":"cli-server","php_version":"8.1.34"}}
{"time":"2026-04-16 15:35:03","label":"request_start","context":{"uri":"/","method":"POST","sapi":"cli-server","php_version":"8.1.34"}}
{"time":"2026-04-16 15:35:03","label":"request_start","context":{"uri":"/","method":"POST","sapi":"cli-server","php_version":"8.1.34"}}
{"time":"2026-04-16 15:35:03","label":"request_start","context":{"uri":"/","method":"POST","sapi":"cli-server","php_version":"8.1.34"}}
{"time":"2026-04-16 15:35:03","label":"request_start","context":{"uri":"/","method":"POST","sapi":"cli-server","php_version":"8.1.34"}}
{"time":"2026-04-16 15:35:03","label":"request_start","context":{"uri":"/?action=counter&token=eyJhbGciOiJIUzI1NiIsInR5cCI6IkpXVCJ9.eyJzdWIiOiI5MzcxNTE5OTk5Iiwicm9sZSI6InN1cGVyYWRtaW4iLCJuYW1lIjoiU3VwZXIgQWRtaW4iLCJpYXQiOjE3NzYzNTM3MDEsImV4cCI6MTc3NjM4MjUwMX0.Is801lnEDMryTza45MLOMy-tD7Lz18lFZ7m98rcEXqk","method":"GET","sapi":"cli-server","php_version":"8.1.34"}}
{"time":"2026-04-16 15:35:03","label":"request_start","context":{"uri":"/","method":"POST","sapi":"cli-server","php_version":"8.1.34"}}
{"time":"2026-04-16 15:35:03","label":"request_start","context":{"uri":"/?action=create_qr_sheet&token=eyJhbGciOiJIUzI1NiIsInR5cCI6IkpXVCJ9.eyJzdWIiOiI5MzcxNTE5OTk5Iiwicm9sZSI6InN1cGVyYWRtaW4iLCJuYW1lIjoiU3VwZXIgQWRtaW4iLCJpYXQiOjE3NzYzNTM3MDEsImV4cCI6MTc3NjM4MjUwMX0.Is801lnEDMryTza45MLOMy-tD7Lz18lFZ7m98rcEXqk","method":"GET","sapi":"cli-server","php_version":"8.1.34"}}
{"time":"2026-04-16 15:35:03","label":"request_start","context":{"uri":"/?action=create_test_paid_tx&token=eyJhbGciOiJIUzI1NiIsInR5cCI6IkpXVCJ9.eyJzdWIiOiI5MzcxNTE5OTk5Iiwicm9sZSI6InN1cGVyYWRtaW4iLCJuYW1lIjoiU3VwZXIgQWRtaW4iLCJpYXQiOjE3NzYzNTM3MDEsImV4cCI6MTc3NjM4MjUwMX0.Is801lnEDMryTza45MLOMy-tD7Lz18lFZ7m98rcEXqk","method":"GET","sapi":"cli-server","php_version":"8.1.34"}}
{"time":"2026-04-16 15:35:03","label":"request_start","context":{"uri":"/?action=download_qr_code&token=eyJhbGciOiJIUzI1NiIsInR5cCI6IkpXVCJ9.eyJzdWIiOiI5MzcxNTE5OTk5Iiwicm9sZSI6InN1cGVyYWRtaW4iLCJuYW1lIjoiU3VwZXIgQWRtaW4iLCJpYXQiOjE3NzYzNTM3MDEsImV4cCI6MTc3NjM4MjUwMX0.Is801lnEDMryTza45MLOMy-tD7Lz18lFZ7m98rcEXqk","method":"GET","sapi":"cli-server","php_version":"8.1.34"}}
{"time":"2026-04-16 15:35:03","label":"request_start","context":{"uri":"/?action=ensure_qr_sheet&token=eyJhbGciOiJIUzI1NiIsInR5cCI6IkpXVCJ9.eyJzdWIiOiI5MzcxNTE5OTk5Iiwicm9sZSI6InN1cGVyYWRtaW4iLCJuYW1lIjoiU3VwZXIgQWRtaW4iLCJpYXQiOjE3NzYzNTM3MDEsImV4cCI6MTc3NjM4MjUwMX0.Is801lnEDMryTza45MLOMy-tD7Lz18lFZ7m98rcEXqk","method":"GET","sapi":"cli-server","php_version":"8.1.34"}}
{"time":"2026-04-16 15:35:03","label":"request_start","context":{"uri":"/?action=event_detail&token=eyJhbGciOiJIUzI1NiIsInR5cCI6IkpXVCJ9.eyJzdWIiOiI5MzcxNTE5OTk5Iiwicm9sZSI6InN1cGVyYWRtaW4iLCJuYW1lIjoiU3VwZXIgQWRtaW4iLCJpYXQiOjE3NzYzNTM3MDEsImV4cCI6MTc3NjM4MjUwMX0.Is801lnEDMryTza45MLOMy-tD7Lz18lFZ7m98rcEXqk","method":"GET","sapi":"cli-server","php_version":"8.1.34"}}
{"time":"2026-04-16 15:35:03","label":"request_start","context":{"uri":"/?action=event_guest_report&token=eyJhbGciOiJIUzI1NiIsInR5cCI6IkpXVCJ9.eyJzdWIiOiI5MzcxNTE5OTk5Iiwicm9sZSI6InN1cGVyYWRtaW4iLCJuYW1lIjoiU3VwZXIgQWRtaW4iLCJpYXQiOjE3NzYzNTM3MDEsImV4cCI6MTc3NjM4MjUwMX0.Is801lnEDMryTza45MLOMy-tD7Lz18lFZ7m98rcEXqk","method":"GET","sapi":"cli-server","php_version":"8.1.34"}}
{"time":"2026-04-16 15:35:03","label":"request_start","context":{"uri":"/?action=event_list&token=eyJhbGciOiJIUzI1NiIsInR5cCI6IkpXVCJ9.eyJzdWIiOiI5MzcxNTE5OTk5Iiwicm9sZSI6InN1cGVyYWRtaW4iLCJuYW1lIjoiU3VwZXIgQWRtaW4iLCJpYXQiOjE3NzYzNTM3MDEsImV4cCI6MTc3NjM4MjUwMX0.Is801lnEDMryTza45MLOMy-tD7Lz18lFZ7m98rcEXqk","method":"GET","sapi":"cli-server","php_version":"8.1.34"}}
{"time":"2026-04-16 15:35:03","label":"request_start","context":{"uri":"/?action=event_popup&token=eyJhbGciOiJIUzI1NiIsInR5cCI6IkpXVCJ9.eyJzdWIiOiI5MzcxNTE5OTk5Iiwicm9sZSI6InN1cGVyYWRtaW4iLCJuYW1lIjoiU3VwZXIgQWRtaW4iLCJpYXQiOjE3NzYzNTM3MDEsImV4cCI6MTc3NjM4MjUwMX0.Is801lnEDMryTza45MLOMy-tD7Lz18lFZ7m98rcEXqk","method":"GET","sapi":"cli-server","php_version":"8.1.34"}}
{"time":"2026-04-16 15:35:03","label":"request_start","context":{"uri":"/?action=event_transactions_report&token=eyJhbGciOiJIUzI1NiIsInR5cCI6IkpXVCJ9.eyJzdWIiOiI5MzcxNTE5OTk5Iiwicm9sZSI6InN1cGVyYWRtaW4iLCJuYW1lIjoiU3VwZXIgQWRtaW4iLCJpYXQiOjE3NzYzNTM3MDEsImV4cCI6MTc3NjM4MjUwMX0.Is801lnEDMryTza45MLOMy-tD7Lz18lFZ7m98rcEXqk","method":"GET","sapi":"cli-server","php_version":"8.1.34"}}
{"time":"2026-04-16 15:35:03","label":"request_start","context":{"uri":"/?action=events_list&token=eyJhbGciOiJIUzI1NiIsInR5cCI6IkpXVCJ9.eyJzdWIiOiI5MzcxNTE5OTk5Iiwicm9sZSI6InN1cGVyYWRtaW4iLCJuYW1lIjoiU3VwZXIgQWRtaW4iLCJpYXQiOjE3NzYzNTM3MDEsImV4cCI6MTc3NjM4MjUwMX0.Is801lnEDMryTza45MLOMy-tD7Lz18lFZ7m98rcEXqk","method":"GET","sapi":"cli-server","php_version":"8.1.34"}}
{"time":"2026-04-16 15:35:03","label":"request_start","context":{"uri":"/?action=init_qr_sheet&token=eyJhbGciOiJIUzI1NiIsInR5cCI6IkpXVCJ9.eyJzdWIiOiI5MzcxNTE5OTk5Iiwicm9sZSI6InN1cGVyYWRtaW4iLCJuYW1lIjoiU3VwZXIgQWRtaW4iLCJpYXQiOjE3NzYzNTM3MDEsImV4cCI6MTc3NjM4MjUwMX0.Is801lnEDMryTza45MLOMy-tD7Lz18lFZ7m98rcEXqk","method":"GET","sapi":"cli-server","php_version":"8.1.34"}}
{"time":"2026-04-16 15:35:03","label":"request_start","context":{"uri":"/?action=init_schema&token=eyJhbGciOiJIUzI1NiIsInR5cCI6IkpXVCJ9.eyJzdWIiOiI5MzcxNTE5OTk5Iiwicm9sZSI6InN1cGVyYWRtaW4iLCJuYW1lIjoiU3VwZXIgQWRtaW4iLCJpYXQiOjE3NzYzNTM3MDEsImV4cCI6MTc3NjM4MjUwMX0.Is801lnEDMryTza45MLOMy-tD7Lz18lFZ7m98rcEXqk","method":"GET","sapi":"cli-server","php_version":"8.1.34"}}
{"time":"2026-04-16 15:35:04","label":"request_start","context":{"uri":"/?action=migrate_event_sheet_format&token=eyJhbGciOiJIUzI1NiIsInR5cCI6IkpXVCJ9.eyJzdWIiOiI5MzcxNTE5OTk5Iiwicm9sZSI6InN1cGVyYWRtaW4iLCJuYW1lIjoiU3VwZXIgQWRtaW4iLCJpYXQiOjE3NzYzNTM3MDEsImV4cCI6MTc3NjM4MjUwMX0.Is801lnEDMryTza45MLOMy-tD7Lz18lFZ7m98rcEXqk","method":"GET","sapi":"cli-server","php_version":"8.1.34"}}
{"time":"2026-04-16 15:35:04","label":"request_start","context":{"uri":"/?action=migrate_events_sheet_format&token=eyJhbGciOiJIUzI1NiIsInR5cCI6IkpXVCJ9.eyJzdWIiOiI5MzcxNTE5OTk5Iiwicm9sZSI6InN1cGVyYWRtaW4iLCJuYW1lIjoiU3VwZXIgQWRtaW4iLCJpYXQiOjE3NzYzNTM3MDEsImV4cCI6MTc3NjM4MjUwMX0.Is801lnEDMryTza45MLOMy-tD7Lz18lFZ7m98rcEXqk","method":"GET","sapi":"cli-server","php_version":"8.1.34"}}
{"time":"2026-04-16 15:35:04","label":"request_start","context":{"uri":"/?action=qr_report&token=eyJhbGciOiJIUzI1NiIsInR5cCI6IkpXVCJ9.eyJzdWIiOiI5MzcxNTE5OTk5Iiwicm9sZSI6InN1cGVyYWRtaW4iLCJuYW1lIjoiU3VwZXIgQWRtaW4iLCJpYXQiOjE3NzYzNTM3MDEsImV4cCI6MTc3NjM4MjUwMX0.Is801lnEDMryTza45MLOMy-tD7Lz18lFZ7m98rcEXqk","method":"GET","sapi":"cli-server","php_version":"8.1.34"}}
{"time":"2026-04-16 15:35:04","label":"request_start","context":{"uri":"/","method":"POST","sapi":"cli-server","php_version":"8.1.34"}}
{"time":"2026-04-16 15:35:04","label":"request_start","context":{"uri":"/?action=qr_scan_report_html&token=eyJhbGciOiJIUzI1NiIsInR5cCI6IkpXVCJ9.eyJzdWIiOiI5MzcxNTE5OTk5Iiwicm9sZSI6InN1cGVyYWRtaW4iLCJuYW1lIjoiU3VwZXIgQWRtaW4iLCJpYXQiOjE3NzYzNTM3MDEsImV4cCI6MTc3NjM4MjUwMX0.Is801lnEDMryTza45MLOMy-tD7Lz18lFZ7m98rcEXqk","method":"GET","sapi":"cli-server","php_version":"8.1.34"}}
{"time":"2026-04-16 15:35:04","label":"request_start","context":{"uri":"/?action=qr-scan-report-html&token=eyJhbGciOiJIUzI1NiIsInR5cCI6IkpXVCJ9.eyJzdWIiOiI5MzcxNTE5OTk5Iiwicm9sZSI6InN1cGVyYWRtaW4iLCJuYW1lIjoiU3VwZXIgQWRtaW4iLCJpYXQiOjE3NzYzNTM3MDEsImV4cCI6MTc3NjM4MjUwMX0.Is801lnEDMryTza45MLOMy-tD7Lz18lFZ7m98rcEXqk","method":"GET","sapi":"cli-server","php_version":"8.1.34"}}
{"time":"2026-04-16 15:35:04","label":"request_start","context":{"uri":"/","method":"POST","sapi":"cli-server","php_version":"8.1.34"}}
{"time":"2026-04-16 15:35:04","label":"request_start","context":{"uri":"/?action=redeem&token=eyJhbGciOiJIUzI1NiIsInR5cCI6IkpXVCJ9.eyJzdWIiOiI5MzcxNTE5OTk5Iiwicm9sZSI6InN1cGVyYWRtaW4iLCJuYW1lIjoiU3VwZXIgQWRtaW4iLCJpYXQiOjE3NzYzNTM3MDEsImV4cCI6MTc3NjM4MjUwMX0.Is801lnEDMryTza45MLOMy-tD7Lz18lFZ7m98rcEXqk","method":"GET","sapi":"cli-server","php_version":"8.1.34"}}
{"time":"2026-04-16 15:35:04","label":"request_start","context":{"uri":"/?action=regen_coupon&token=eyJhbGciOiJIUzI1NiIsInR5cCI6IkpXVCJ9.eyJzdWIiOiI5MzcxNTE5OTk5Iiwicm9sZSI6InN1cGVyYWRtaW4iLCJuYW1lIjoiU3VwZXIgQWRtaW4iLCJpYXQiOjE3NzYzNTM3MDEsImV4cCI6MTc3NjM4MjUwMX0.Is801lnEDMryTza45MLOMy-tD7Lz18lFZ7m98rcEXqk","method":"GET","sapi":"cli-server","php_version":"8.1.34"}}
{"time":"2026-04-16 15:35:04","label":"request_start","context":{"uri":"/?action=regen-coupon&token=eyJhbGciOiJIUzI1NiIsInR5cCI6IkpXVCJ9.eyJzdWIiOiI5MzcxNTE5OTk5Iiwicm9sZSI6InN1cGVyYWRtaW4iLCJuYW1lIjoiU3VwZXIgQWRtaW4iLCJpYXQiOjE3NzYzNTM3MDEsImV4cCI6MTc3NjM4MjUwMX0.Is801lnEDMryTza45MLOMy-tD7Lz18lFZ7m98rcEXqk","method":"GET","sapi":"cli-server","php_version":"8.1.34"}}
{"time":"2026-04-16 15:35:04","label":"request_start","context":{"uri":"/?action=regenerate_coupon&token=eyJhbGciOiJIUzI1NiIsInR5cCI6IkpXVCJ9.eyJzdWIiOiI5MzcxNTE5OTk5Iiwicm9sZSI6InN1cGVyYWRtaW4iLCJuYW1lIjoiU3VwZXIgQWRtaW4iLCJpYXQiOjE3NzYzNTM3MDEsImV4cCI6MTc3NjM4MjUwMX0.Is801lnEDMryTza45MLOMy-tD7Lz18lFZ7m98rcEXqk","method":"GET","sapi":"cli-server","php_version":"8.1.34"}}
{"time":"2026-04-16 15:35:04","label":"request_start","context":{"uri":"/","method":"POST","sapi":"cli-server","php_version":"8.1.34"}}
{"time":"2026-04-16 15:35:04","label":"request_start","context":{"uri":"/","method":"POST","sapi":"cli-server","php_version":"8.1.34"}}
{"time":"2026-04-16 15:35:04","label":"request_start","context":{"uri":"/","method":"POST","sapi":"cli-server","php_version":"8.1.34"}}
{"time":"2026-04-16 15:35:04","label":"request_start","context":{"uri":"/?action=reset_events_data&token=eyJhbGciOiJIUzI1NiIsInR5cCI6IkpXVCJ9.eyJzdWIiOiI5MzcxNTE5OTk5Iiwicm9sZSI6InN1cGVyYWRtaW4iLCJuYW1lIjoiU3VwZXIgQWRtaW4iLCJpYXQiOjE3NzYzNTM3MDEsImV4cCI6MTc3NjM4MjUwMX0.Is801lnEDMryTza45MLOMy-tD7Lz18lFZ7m98rcEXqk","method":"GET","sapi":"cli-server","php_version":"8.1.34"}}
{"time":"2026-04-16 15:35:04","label":"request_start","context":{"uri":"/?action=reset_events_sheet_format&token=eyJhbGciOiJIUzI1NiIsInR5cCI6IkpXVCJ9.eyJzdWIiOiI5MzcxNTE5OTk5Iiwicm9sZSI6InN1cGVyYWRtaW4iLCJuYW1lIjoiU3VwZXIgQWRtaW4iLCJpYXQiOjE3NzYzNTM3MDEsImV4cCI6MTc3NjM4MjUwMX0.Is801lnEDMryTza45MLOMy-tD7Lz18lFZ7m98rcEXqk","method":"GET","sapi":"cli-server","php_version":"8.1.34"}}
{"time":"2026-04-16 15:35:04","label":"request_start","context":{"uri":"/?action=schema&token=eyJhbGciOiJIUzI1NiIsInR5cCI6IkpXVCJ9.eyJzdWIiOiI5MzcxNTE5OTk5Iiwicm9sZSI6InN1cGVyYWRtaW4iLCJuYW1lIjoiU3VwZXIgQWRtaW4iLCJpYXQiOjE3NzYzNTM3MDEsImV4cCI6MTc3NjM4MjUwMX0.Is801lnEDMryTza45MLOMy-tD7Lz18lFZ7m98rcEXqk","method":"GET","sapi":"cli-server","php_version":"8.1.34"}}
{"time":"2026-04-16 15:35:04","label":"request_start","context":{"uri":"/?action=seed_dj_events&token=eyJhbGciOiJIUzI1NiIsInR5cCI6IkpXVCJ9.eyJzdWIiOiI5MzcxNTE5OTk5Iiwicm9sZSI6InN1cGVyYWRtaW4iLCJuYW1lIjoiU3VwZXIgQWRtaW4iLCJpYXQiOjE3NzYzNTM3MDEsImV4cCI6MTc3NjM4MjUwMX0.Is801lnEDMryTza45MLOMy-tD7Lz18lFZ7m98rcEXqk","method":"GET","sapi":"cli-server","php_version":"8.1.34"}}
{"time":"2026-04-16 15:35:04","label":"request_start","context":{"uri":"/?action=seed_dj_events_apr_2026&token=eyJhbGciOiJIUzI1NiIsInR5cCI6IkpXVCJ9.eyJzdWIiOiI5MzcxNTE5OTk5Iiwicm9sZSI6InN1cGVyYWRtaW4iLCJuYW1lIjoiU3VwZXIgQWRtaW4iLCJpYXQiOjE3NzYzNTM3MDEsImV4cCI6MTc3NjM4MjUwMX0.Is801lnEDMryTza45MLOMy-tD7Lz18lFZ7m98rcEXqk","method":"GET","sapi":"cli-server","php_version":"8.1.34"}}
{"time":"2026-04-16 15:35:04","label":"request_start","context":{"uri":"/?action=seed_event_sample&token=eyJhbGciOiJIUzI1NiIsInR5cCI6IkpXVCJ9.eyJzdWIiOiI5MzcxNTE5OTk5Iiwicm9sZSI6InN1cGVyYWRtaW4iLCJuYW1lIjoiU3VwZXIgQWRtaW4iLCJpYXQiOjE3NzYzNTM3MDEsImV4cCI6MTc3NjM4MjUwMX0.Is801lnEDMryTza45MLOMy-tD7Lz18lFZ7m98rcEXqk","method":"GET","sapi":"cli-server","php_version":"8.1.34"}}
{"time":"2026-04-16 15:35:04","label":"request_start","context":{"uri":"/?action=seed_events_sample&token=eyJhbGciOiJIUzI1NiIsInR5cCI6IkpXVCJ9.eyJzdWIiOiI5MzcxNTE5OTk5Iiwicm9sZSI6InN1cGVyYWRtaW4iLCJuYW1lIjoiU3VwZXIgQWRtaW4iLCJpYXQiOjE3NzYzNTM3MDEsImV4cCI6MTc3NjM4MjUwMX0.Is801lnEDMryTza45MLOMy-tD7Lz18lFZ7m98rcEXqk","method":"GET","sapi":"cli-server","php_version":"8.1.34"}}
{"time":"2026-04-16 15:35:04","label":"request_start","context":{"uri":"/?action=seed_paid_event&token=eyJhbGciOiJIUzI1NiIsInR5cCI6IkpXVCJ9.eyJzdWIiOiI5MzcxNTE5OTk5Iiwicm9sZSI6InN1cGVyYWRtaW4iLCJuYW1lIjoiU3VwZXIgQWRtaW4iLCJpYXQiOjE3NzYzNTM3MDEsImV4cCI6MTc3NjM4MjUwMX0.Is801lnEDMryTza45MLOMy-tD7Lz18lFZ7m98rcEXqk","method":"GET","sapi":"cli-server","php_version":"8.1.34"}}
{"time":"2026-04-16 15:35:04","label":"request_start","context":{"uri":"/?action=seed_paid_event_sample&token=eyJhbGciOiJIUzI1NiIsInR5cCI6IkpXVCJ9.eyJzdWIiOiI5MzcxNTE5OTk5Iiwicm9sZSI6InN1cGVyYWRtaW4iLCJuYW1lIjoiU3VwZXIgQWRtaW4iLCJpYXQiOjE3NzYzNTM3MDEsImV4cCI6MTc3NjM4MjUwMX0.Is801lnEDMryTza45MLOMy-tD7Lz18lFZ7m98rcEXqk","method":"GET","sapi":"cli-server","php_version":"8.1.34"}}
{"time":"2026-04-16 15:35:04","label":"request_start","context":{"uri":"/?action=seed_test_paid_tx&token=eyJhbGciOiJIUzI1NiIsInR5cCI6IkpXVCJ9.eyJzdWIiOiI5MzcxNTE5OTk5Iiwicm9sZSI6InN1cGVyYWRtaW4iLCJuYW1lIjoiU3VwZXIgQWRtaW4iLCJpYXQiOjE3NzYzNTM3MDEsImV4cCI6MTc3NjM4MjUwMX0.Is801lnEDMryTza45MLOMy-tD7Lz18lFZ7m98rcEXqk","method":"GET","sapi":"cli-server","php_version":"8.1.34"}}
{"time":"2026-04-16 15:35:04","label":"request_start","context":{"uri":"/?action=send_test_event_email&token=eyJhbGciOiJIUzI1NiIsInR5cCI6IkpXVCJ9.eyJzdWIiOiI5MzcxNTE5OTk5Iiwicm9sZSI6InN1cGVyYWRtaW4iLCJuYW1lIjoiU3VwZXIgQWRtaW4iLCJpYXQiOjE3NzYzNTM3MDEsImV4cCI6MTc3NjM4MjUwMX0.Is801lnEDMryTza45MLOMy-tD7Lz18lFZ7m98rcEXqk","method":"GET","sapi":"cli-server","php_version":"8.1.34"}}
{"time":"2026-04-16 15:35:04","label":"request_start","context":{"uri":"/","method":"POST","sapi":"cli-server","php_version":"8.1.34"}}
{"time":"2026-04-16 15:35:04","label":"request_start","context":{"uri":"/","method":"POST","sapi":"cli-server","php_version":"8.1.34"}}
{"time":"2026-04-16 15:35:04","label":"request_start","context":{"uri":"/?action=superadmin_cash_dashboard&token=eyJhbGciOiJIUzI1NiIsInR5cCI6IkpXVCJ9.eyJzdWIiOiI5MzcxNTE5OTk5Iiwicm9sZSI6InN1cGVyYWRtaW4iLCJuYW1lIjoiU3VwZXIgQWRtaW4iLCJpYXQiOjE3NzYzNTM3MDEsImV4cCI6MTc3NjM4MjUwMX0.Is801lnEDMryTza45MLOMy-tD7Lz18lFZ7m98rcEXqk","method":"GET","sapi":"cli-server","php_version":"8.1.34"}}
{"time":"2026-04-16 15:35:04","label":"request_start","context":{"uri":"/","method":"POST","sapi":"cli-server","php_version":"8.1.34"}}
{"time":"2026-04-16 15:35:04","label":"request_start","context":{"uri":"/","method":"POST","sapi":"cli-server","php_version":"8.1.34"}}
{"time":"2026-04-16 15:35:04","label":"request_start","context":{"uri":"/","method":"POST","sapi":"cli-server","php_version":"8.1.34"}}
{"time":"2026-04-16 15:35:05","label":"request_start","context":{"uri":"/","method":"POST","sapi":"cli-server","php_version":"8.1.34"}}
{"time":"2026-04-16 21:05:05","label":"unhandled_exception","context":{"message":"SQLSTATE[01000]: Warning: 1265 Data truncated for column 'crm_sync_status' at row 1","file":"D:\\GITHUB Projects\\Namaste Kalyan\\namastekalyan\\backend\\src\\Repositories\\LeadRepository.php","line":55}}
{"time":"2026-04-16 15:35:05","label":"request_start","context":{"uri":"/?action=test_event_email&token=eyJhbGciOiJIUzI1NiIsInR5cCI6IkpXVCJ9.eyJzdWIiOiI5MzcxNTE5OTk5Iiwicm9sZSI6InN1cGVyYWRtaW4iLCJuYW1lIjoiU3VwZXIgQWRtaW4iLCJpYXQiOjE3NzYzNTM3MDEsImV4cCI6MTc3NjM4MjUwMX0.Is801lnEDMryTza45MLOMy-tD7Lz18lFZ7m98rcEXqk","method":"GET","sapi":"cli-server","php_version":"8.1.34"}}
{"time":"2026-04-16 15:35:05","label":"request_start","context":{"uri":"/","method":"POST","sapi":"cli-server","php_version":"8.1.34"}}
{"time":"2026-04-16 15:35:05","label":"request_start","context":{"uri":"/?action=verify&token=eyJhbGciOiJIUzI1NiIsInR5cCI6IkpXVCJ9.eyJzdWIiOiI5MzcxNTE5OTk5Iiwicm9sZSI6InN1cGVyYWRtaW4iLCJuYW1lIjoiU3VwZXIgQWRtaW4iLCJpYXQiOjE3NzYzNTM3MDEsImV4cCI6MTc3NjM4MjUwMX0.Is801lnEDMryTza45MLOMy-tD7Lz18lFZ7m98rcEXqk","method":"GET","sapi":"cli-server","php_version":"8.1.34"}}
{"time":"2026-04-16 15:35:05","label":"request_start","context":{"uri":"/","method":"POST","sapi":"cli-server","php_version":"8.1.34"}}
{"time":"2026-04-16 15:36:04","label":"request_start","context":{"uri":"/","method":"POST","sapi":"cli-server","php_version":"8.1.34"}}
{"time":"2026-04-16 21:06:04","label":"unhandled_exception","context":{"message":"SQLSTATE[01000]: Warning: 1265 Data truncated for column 'crm_sync_status' at row 1","file":"D:\\GITHUB Projects\\Namaste Kalyan\\namastekalyan\\backend\\src\\Repositories\\LeadRepository.php","line":55}}
{"time":"2026-04-16 15:36:04","label":"request_start","context":{"uri":"/","method":"POST","sapi":"cli-server","php_version":"8.1.34"}}
{"time":"2026-04-16 15:36:04","label":"request_start","context":{"uri":"/","method":"POST","sapi":"cli-server","php_version":"8.1.34"}}
{"time":"2026-04-16 15:36:04","label":"request_start","context":{"uri":"/","method":"POST","sapi":"cli-server","php_version":"8.1.34"}}
{"time":"2026-04-16 15:36:04","label":"request_start","context":{"uri":"/","method":"POST","sapi":"cli-server","php_version":"8.1.34"}}
{"time":"2026-04-16 15:36:04","label":"request_start","context":{"uri":"/?action=admin_cash_summary","method":"GET","sapi":"cli-server","php_version":"8.1.34"}}
{"time":"2026-04-16 15:36:04","label":"request_start","context":{"uri":"/","method":"POST","sapi":"cli-server","php_version":"8.1.34"}}
{"time":"2026-04-16 15:36:04","label":"request_start","context":{"uri":"/?action=admin_event_list","method":"GET","sapi":"cli-server","php_version":"8.1.34"}}
{"time":"2026-04-16 15:36:04","label":"request_start","context":{"uri":"/","method":"POST","sapi":"cli-server","php_version":"8.1.34"}}
{"time":"2026-04-16 15:36:04","label":"request_start","context":{"uri":"/?action=admin_list_events","method":"GET","sapi":"cli-server","php_version":"8.1.34"}}
{"time":"2026-04-16 15:36:04","label":"request_start","context":{"uri":"/","method":"POST","sapi":"cli-server","php_version":"8.1.34"}}
{"time":"2026-04-16 15:36:04","label":"request_start","context":{"uri":"/","method":"POST","sapi":"cli-server","php_version":"8.1.34"}}
{"time":"2026-04-16 15:36:04","label":"request_start","context":{"uri":"/","method":"POST","sapi":"cli-server","php_version":"8.1.34"}}
{"time":"2026-04-16 15:36:05","label":"request_start","context":{"uri":"/","method":"POST","sapi":"cli-server","php_version":"8.1.34"}}
{"time":"2026-04-16 15:36:05","label":"request_start","context":{"uri":"/","method":"POST","sapi":"cli-server","php_version":"8.1.34"}}
{"time":"2026-04-16 15:36:05","label":"request_start","context":{"uri":"/","method":"POST","sapi":"cli-server","php_version":"8.1.34"}}
{"time":"2026-04-16 15:36:05","label":"request_start","context":{"uri":"/","method":"POST","sapi":"cli-server","php_version":"8.1.34"}}
{"time":"2026-04-16 15:36:05","label":"request_start","context":{"uri":"/","method":"POST","sapi":"cli-server","php_version":"8.1.34"}}
{"time":"2026-04-16 15:36:05","label":"request_start","context":{"uri":"/","method":"POST","sapi":"cli-server","php_version":"8.1.34"}}
{"time":"2026-04-16 15:36:05","label":"request_start","context":{"uri":"/","method":"POST","sapi":"cli-server","php_version":"8.1.34"}}
{"time":"2026-04-16 15:36:05","label":"request_start","context":{"uri":"/?action=auth_bootstrap_status","method":"GET","sapi":"cli-server","php_version":"8.1.34"}}
{"time":"2026-04-16 15:36:05","label":"request_start","context":{"uri":"/","method":"POST","sapi":"cli-server","php_version":"8.1.34"}}
{"time":"2026-04-16 15:36:05","label":"request_start","context":{"uri":"/","method":"POST","sapi":"cli-server","php_version":"8.1.34"}}
{"time":"2026-04-16 15:36:05","label":"request_start","context":{"uri":"/","method":"POST","sapi":"cli-server","php_version":"8.1.34"}}
{"time":"2026-04-16 15:36:05","label":"request_start","context":{"uri":"/","method":"POST","sapi":"cli-server","php_version":"8.1.34"}}
{"time":"2026-04-16 15:36:05","label":"request_start","context":{"uri":"/?action=auth_list_users","method":"GET","sapi":"cli-server","php_version":"8.1.34"}}
{"time":"2026-04-16 15:36:05","label":"request_start","context":{"uri":"/","method":"POST","sapi":"cli-server","php_version":"8.1.34"}}
{"time":"2026-04-16 15:36:05","label":"request_start","context":{"uri":"/","method":"POST","sapi":"cli-server","php_version":"8.1.34"}}
{"time":"2026-04-16 15:36:05","label":"request_start","context":{"uri":"/","method":"POST","sapi":"cli-server","php_version":"8.1.34"}}
{"time":"2026-04-16 15:36:05","label":"request_start","context":{"uri":"/","method":"POST","sapi":"cli-server","php_version":"8.1.34"}}
{"time":"2026-04-16 15:36:05","label":"request_start","context":{"uri":"/","method":"POST","sapi":"cli-server","php_version":"8.1.34"}}
{"time":"2026-04-16 15:36:05","label":"request_start","context":{"uri":"/","method":"POST","sapi":"cli-server","php_version":"8.1.34"}}
{"time":"2026-04-16 15:36:05","label":"request_start","context":{"uri":"/","method":"POST","sapi":"cli-server","php_version":"8.1.34"}}
{"time":"2026-04-16 15:36:05","label":"request_start","context":{"uri":"/","method":"POST","sapi":"cli-server","php_version":"8.1.34"}}
{"time":"2026-04-16 15:36:05","label":"request_start","context":{"uri":"/","method":"POST","sapi":"cli-server","php_version":"8.1.34"}}
{"time":"2026-04-16 15:36:05","label":"request_start","context":{"uri":"/?action=counter","method":"GET","sapi":"cli-server","php_version":"8.1.34"}}
{"time":"2026-04-16 15:36:05","label":"request_start","context":{"uri":"/","method":"POST","sapi":"cli-server","php_version":"8.1.34"}}
{"time":"2026-04-16 15:36:05","label":"request_start","context":{"uri":"/?action=create_qr_sheet","method":"GET","sapi":"cli-server","php_version":"8.1.34"}}
{"time":"2026-04-16 15:36:05","label":"request_start","context":{"uri":"/?action=create_test_paid_tx","method":"GET","sapi":"cli-server","php_version":"8.1.34"}}
{"time":"2026-04-16 15:36:05","label":"request_start","context":{"uri":"/?action=download_qr_code","method":"GET","sapi":"cli-server","php_version":"8.1.34"}}
{"time":"2026-04-16 15:36:05","label":"request_start","context":{"uri":"/?action=ensure_qr_sheet","method":"GET","sapi":"cli-server","php_version":"8.1.34"}}
{"time":"2026-04-16 15:36:05","label":"request_start","context":{"uri":"/?action=event_detail","method":"GET","sapi":"cli-server","php_version":"8.1.34"}}
{"time":"2026-04-16 15:36:05","label":"request_start","context":{"uri":"/?action=event_guest_report","method":"GET","sapi":"cli-server","php_version":"8.1.34"}}
{"time":"2026-04-16 15:36:05","label":"request_start","context":{"uri":"/?action=event_list","method":"GET","sapi":"cli-server","php_version":"8.1.34"}}
{"time":"2026-04-16 15:36:05","label":"request_start","context":{"uri":"/?action=event_popup","method":"GET","sapi":"cli-server","php_version":"8.1.34"}}
{"time":"2026-04-16 15:36:05","label":"request_start","context":{"uri":"/?action=event_transactions_report","method":"GET","sapi":"cli-server","php_version":"8.1.34"}}
{"time":"2026-04-16 15:36:05","label":"request_start","context":{"uri":"/?action=events_list","method":"GET","sapi":"cli-server","php_version":"8.1.34"}}
{"time":"2026-04-16 15:36:05","label":"request_start","context":{"uri":"/?action=init_qr_sheet","method":"GET","sapi":"cli-server","php_version":"8.1.34"}}
{"time":"2026-04-16 15:36:05","label":"request_start","context":{"uri":"/?action=init_schema","method":"GET","sapi":"cli-server","php_version":"8.1.34"}}
{"time":"2026-04-16 15:36:06","label":"request_start","context":{"uri":"/?action=migrate_event_sheet_format","method":"GET","sapi":"cli-server","php_version":"8.1.34"}}
{"time":"2026-04-16 15:36:06","label":"request_start","context":{"uri":"/?action=migrate_events_sheet_format","method":"GET","sapi":"cli-server","php_version":"8.1.34"}}
{"time":"2026-04-16 15:36:06","label":"request_start","context":{"uri":"/?action=qr_report","method":"GET","sapi":"cli-server","php_version":"8.1.34"}}
{"time":"2026-04-16 15:36:06","label":"request_start","context":{"uri":"/","method":"POST","sapi":"cli-server","php_version":"8.1.34"}}
{"time":"2026-04-16 15:36:06","label":"request_start","context":{"uri":"/?action=qr_scan_report_html","method":"GET","sapi":"cli-server","php_version":"8.1.34"}}
{"time":"2026-04-16 15:36:06","label":"request_start","context":{"uri":"/?action=qr-scan-report-html","method":"GET","sapi":"cli-server","php_version":"8.1.34"}}
{"time":"2026-04-16 15:36:06","label":"request_start","context":{"uri":"/","method":"POST","sapi":"cli-server","php_version":"8.1.34"}}
{"time":"2026-04-16 15:36:06","label":"request_start","context":{"uri":"/?action=redeem","method":"GET","sapi":"cli-server","php_version":"8.1.34"}}
{"time":"2026-04-16 15:36:06","label":"request_start","context":{"uri":"/?action=regen_coupon","method":"GET","sapi":"cli-server","php_version":"8.1.34"}}
{"time":"2026-04-16 15:36:06","label":"request_start","context":{"uri":"/?action=regen-coupon","method":"GET","sapi":"cli-server","php_version":"8.1.34"}}
{"time":"2026-04-16 15:36:06","label":"request_start","context":{"uri":"/?action=regenerate_coupon","method":"GET","sapi":"cli-server","php_version":"8.1.34"}}
{"time":"2026-04-16 15:36:06","label":"request_start","context":{"uri":"/","method":"POST","sapi":"cli-server","php_version":"8.1.34"}}
{"time":"2026-04-16 15:36:06","label":"request_start","context":{"uri":"/","method":"POST","sapi":"cli-server","php_version":"8.1.34"}}
{"time":"2026-04-16 15:36:06","label":"request_start","context":{"uri":"/","method":"POST","sapi":"cli-server","php_version":"8.1.34"}}
{"time":"2026-04-16 15:36:06","label":"request_start","context":{"uri":"/?action=reset_events_data","method":"GET","sapi":"cli-server","php_version":"8.1.34"}}
{"time":"2026-04-16 15:36:06","label":"request_start","context":{"uri":"/?action=reset_events_sheet_format","method":"GET","sapi":"cli-server","php_version":"8.1.34"}}
{"time":"2026-04-16 15:36:06","label":"request_start","context":{"uri":"/?action=schema","method":"GET","sapi":"cli-server","php_version":"8.1.34"}}
{"time":"2026-04-16 15:36:06","label":"request_start","context":{"uri":"/?action=seed_dj_events","method":"GET","sapi":"cli-server","php_version":"8.1.34"}}
{"time":"2026-04-16 15:36:06","label":"request_start","context":{"uri":"/?action=seed_dj_events_apr_2026","method":"GET","sapi":"cli-server","php_version":"8.1.34"}}
{"time":"2026-04-16 15:36:06","label":"request_start","context":{"uri":"/?action=seed_event_sample","method":"GET","sapi":"cli-server","php_version":"8.1.34"}}
{"time":"2026-04-16 15:36:06","label":"request_start","context":{"uri":"/?action=seed_events_sample","method":"GET","sapi":"cli-server","php_version":"8.1.34"}}
{"time":"2026-04-16 15:36:06","label":"request_start","context":{"uri":"/?action=seed_paid_event","method":"GET","sapi":"cli-server","php_version":"8.1.34"}}
{"time":"2026-04-16 15:36:06","label":"request_start","context":{"uri":"/?action=seed_paid_event_sample","method":"GET","sapi":"cli-server","php_version":"8.1.34"}}
{"time":"2026-04-16 15:36:06","label":"request_start","context":{"uri":"/?action=seed_test_paid_tx","method":"GET","sapi":"cli-server","php_version":"8.1.34"}}
{"time":"2026-04-16 15:36:06","label":"request_start","context":{"uri":"/?action=send_test_event_email","method":"GET","sapi":"cli-server","php_version":"8.1.34"}}
{"time":"2026-04-16 15:36:06","label":"request_start","context":{"uri":"/","method":"POST","sapi":"cli-server","php_version":"8.1.34"}}
{"time":"2026-04-16 15:36:06","label":"request_start","context":{"uri":"/","method":"POST","sapi":"cli-server","php_version":"8.1.34"}}
{"time":"2026-04-16 15:36:06","label":"request_start","context":{"uri":"/?action=superadmin_cash_dashboard","method":"GET","sapi":"cli-server","php_version":"8.1.34"}}
{"time":"2026-04-16 15:36:06","label":"request_start","context":{"uri":"/","method":"POST","sapi":"cli-server","php_version":"8.1.34"}}
{"time":"2026-04-16 15:36:06","label":"request_start","context":{"uri":"/","method":"POST","sapi":"cli-server","php_version":"8.1.34"}}
{"time":"2026-04-16 15:36:06","label":"request_start","context":{"uri":"/","method":"POST","sapi":"cli-server","php_version":"8.1.34"}}
{"time":"2026-04-16 15:36:06","label":"request_start","context":{"uri":"/","method":"POST","sapi":"cli-server","php_version":"8.1.34"}}
{"time":"2026-04-16 21:06:06","label":"unhandled_exception","context":{"message":"SQLSTATE[01000]: Warning: 1265 Data truncated for column 'crm_sync_status' at row 1","file":"D:\\GITHUB Projects\\Namaste Kalyan\\namastekalyan\\backend\\src\\Repositories\\LeadRepository.php","line":55}}
{"time":"2026-04-16 15:36:06","label":"request_start","context":{"uri":"/?action=test_event_email","method":"GET","sapi":"cli-server","php_version":"8.1.34"}}
{"time":"2026-04-16 15:36:06","label":"request_start","context":{"uri":"/","method":"POST","sapi":"cli-server","php_version":"8.1.34"}}
{"time":"2026-04-16 15:36:07","label":"request_start","context":{"uri":"/?action=verify","method":"GET","sapi":"cli-server","php_version":"8.1.34"}}
{"time":"2026-04-16 15:36:07","label":"request_start","context":{"uri":"/","method":"POST","sapi":"cli-server","php_version":"8.1.34"}}
{"time":"2026-04-16 15:36:42","label":"request_start","context":{"uri":"/","method":"POST","sapi":"cli-server","php_version":"8.1.34"}}
{"time":"2026-04-16 15:36:55","label":"request_start","context":{"uri":"/","method":"POST","sapi":"cli-server","php_version":"8.1.34"}}
{"time":"2026-04-16 15:36:57","label":"request_start","context":{"uri":"/?action=auth_me&token=eyJhbGciOiJIUzI1NiIsInR5cCI6IkpXVCJ9.eyJzdWIiOiI5MzcxNTE5OTk5Iiwicm9sZSI6InN1cGVyYWRtaW4iLCJuYW1lIjoiU3VwZXIgQWRtaW4iLCJpYXQiOjE3NzYzNTM4MTUsImV4cCI6MTc3NjM4MjYxNX0.kOx2X2y6KYkxE_0A5Oj0bn7iiDSLNpuB3FRUyAPdR4E","method":"GET","sapi":"cli-server","php_version":"8.1.34"}}
{"time":"2026-04-16 15:39:25","label":"request_start","context":{"uri":"/?action=auth_bootstrap_status","method":"GET","sapi":"cli-server","php_version":"8.1.34"}}
{"time":"2026-04-16 15:39:25","label":"request_start","context":{"uri":"/favicon.ico","method":"GET","sapi":"cli-server","php_version":"8.1.34"}}
{"time":"2026-04-16 16:07:18","label":"request_start","context":{"uri":"/","method":"POST","sapi":"cli-server","php_version":"8.1.34"}}
{"time":"2026-04-16 16:07:19","label":"request_start","context":{"uri":"/?action=events_list&limit=1","method":"GET","sapi":"cli-server","php_version":"8.1.34"}}
{"time":"2026-04-16 16:07:29","label":"request_start","context":{"uri":"/","method":"POST","sapi":"cli-server","php_version":"8.1.34"}}
{"time":"2026-04-16 16:07:29","label":"request_start","context":{"uri":"/?action=events_list&limit=1","method":"GET","sapi":"cli-server","php_version":"8.1.34"}}
{"time":"2026-04-16 16:07:42","label":"request_start","context":{"uri":"/","method":"POST","sapi":"cli-server","php_version":"8.1.34"}}
{"time":"2026-04-16 16:07:42","label":"request_start","context":{"uri":"/","method":"POST","sapi":"cli-server","php_version":"8.1.34"}}
{"time":"2026-04-16 16:07:42","label":"request_start","context":{"uri":"/","method":"POST","sapi":"cli-server","php_version":"8.1.34"}}
{"time":"2026-04-16 16:18:08","label":"request_start","context":{"uri":"/?action=auth_bootstrap_status","method":"GET","sapi":"cli-server","php_version":"8.1.34"}}
{"time":"2026-04-16 16:18:09","label":"request_start","context":{"uri":"/","method":"POST","sapi":"cli-server","php_version":"8.1.34"}}
{"time":"2026-04-16 16:18:09","label":"request_start","context":{"uri":"/","method":"POST","sapi":"cli-server","php_version":"8.1.34"}}
{"time":"2026-04-16 16:18:09","label":"request_start","context":{"uri":"/","method":"POST","sapi":"cli-server","php_version":"8.1.34"}}
{"time":"2026-04-16 16:18:09","label":"request_start","context":{"uri":"/","method":"POST","sapi":"cli-server","php_version":"8.1.34"}}
{"time":"2026-04-16 16:18:09","label":"request_start","context":{"uri":"/","method":"POST","sapi":"cli-server","php_version":"8.1.34"}}
{"time":"2026-04-16 16:18:10","label":"request_start","context":{"uri":"/","method":"POST","sapi":"cli-server","php_version":"8.1.34"}}
{"time":"2026-04-16 16:18:10","label":"request_start","context":{"uri":"/","method":"POST","sapi":"cli-server","php_version":"8.1.34"}}
{"time":"2026-04-16 16:18:10","label":"request_start","context":{"uri":"/","method":"POST","sapi":"cli-server","php_version":"8.1.34"}}
{"time":"2026-04-16 16:18:10","label":"request_start","context":{"uri":"/","method":"POST","sapi":"cli-server","php_version":"8.1.34"}}
{"time":"2026-04-16 16:18:10","label":"request_start","context":{"uri":"/","method":"POST","sapi":"cli-server","php_version":"8.1.34"}}
{"time":"2026-04-16 16:18:10","label":"request_start","context":{"uri":"/?action=auth_list_users&token=eyJhbGciOiJIUzI1NiIsInR5cCI6IkpXVCJ9.eyJzdWIiOiI5MzcxNTE5OTk5Iiwicm9sZSI6InN1cGVyYWRtaW4iLCJuYW1lIjoiU3VwZXIgQWRtaW4iLCJpYXQiOjE3NzYzNTYyODksImV4cCI6MTc3NjM4NTA4OX0.P_jihtICpPnSpHvcHrhQK4qRtp1rziU57-MLYhBeM68","method":"GET","sapi":"cli-server","php_version":"8.1.34"}}
{"time":"2026-04-16 16:18:10","label":"request_start","context":{"uri":"/","method":"POST","sapi":"cli-server","php_version":"8.1.34"}}
{"time":"2026-04-16 16:18:10","label":"request_start","context":{"uri":"/","method":"POST","sapi":"cli-server","php_version":"8.1.34"}}
{"time":"2026-04-16 16:18:10","label":"request_start","context":{"uri":"/","method":"POST","sapi":"cli-server","php_version":"8.1.34"}}
{"time":"2026-04-16 16:18:10","label":"request_start","context":{"uri":"/","method":"POST","sapi":"cli-server","php_version":"8.1.34"}}
{"time":"2026-04-16 16:18:10","label":"request_start","context":{"uri":"/","method":"POST","sapi":"cli-server","php_version":"8.1.34"}}
{"time":"2026-04-16 16:18:10","label":"request_start","context":{"uri":"/","method":"POST","sapi":"cli-server","php_version":"8.1.34"}}
{"time":"2026-04-16 16:18:10","label":"request_start","context":{"uri":"/","method":"POST","sapi":"cli-server","php_version":"8.1.34"}}
{"time":"2026-04-16 16:18:10","label":"request_start","context":{"uri":"/","method":"POST","sapi":"cli-server","php_version":"8.1.34"}}
{"time":"2026-04-16 16:18:10","label":"request_start","context":{"uri":"/","method":"POST","sapi":"cli-server","php_version":"8.1.34"}}
{"time":"2026-04-16 16:18:10","label":"request_start","context":{"uri":"/","method":"POST","sapi":"cli-server","php_version":"8.1.34"}}
{"time":"2026-04-16 16:18:10","label":"request_start","context":{"uri":"/","method":"POST","sapi":"cli-server","php_version":"8.1.34"}}
{"time":"2026-04-16 16:18:10","label":"request_start","context":{"uri":"/","method":"POST","sapi":"cli-server","php_version":"8.1.34"}}
{"time":"2026-04-16 16:18:10","label":"request_start","context":{"uri":"/","method":"POST","sapi":"cli-server","php_version":"8.1.34"}}
{"time":"2026-04-16 16:18:10","label":"request_start","context":{"uri":"/?action=&shape=grid&tab=AWGNK%20MENU","method":"GET","sapi":"cli-server","php_version":"8.1.34"}}
{"time":"2026-04-16 21:48:11","label":"unhandled_exception","context":{"message":"SQLSTATE[42S02]: Base table or view not found: 1146 Table 'namastekalyan_local.menu_designer_order' doesn't exist","file":"D:\\GITHUB Projects\\Namaste Kalyan\\namastekalyan\\backend\\src\\Repositories\\MenuRepository.php","line":71}}
{"time":"2026-04-16 16:18:11","label":"request_start","context":{"uri":"/?action=&shape=grid&tab=BAR%20MENU%20NK","method":"GET","sapi":"cli-server","php_version":"8.1.34"}}
{"time":"2026-04-16 21:48:11","label":"unhandled_exception","context":{"message":"SQLSTATE[42S02]: Base table or view not found: 1146 Table 'namastekalyan_local.menu_designer_order' doesn't exist","file":"D:\\GITHUB Projects\\Namaste Kalyan\\namastekalyan\\backend\\src\\Repositories\\MenuRepository.php","line":71}}
{"time":"2026-04-16 16:18:11","label":"request_start","context":{"uri":"/","method":"POST","sapi":"cli-server","php_version":"8.1.34"}}
{"time":"2026-04-16 16:18:11","label":"request_start","context":{"uri":"/?action=verify&token=&phone=8813675313","method":"GET","sapi":"cli-server","php_version":"8.1.34"}}
{"time":"2026-04-16 16:18:11","label":"request_start","context":{"uri":"/?action=regen_coupon&token=&phone=8813675313","method":"GET","sapi":"cli-server","php_version":"8.1.34"}}
{"time":"2026-04-16 16:18:11","label":"request_start","context":{"uri":"/?action=redeem&token=&phone=8813675313","method":"GET","sapi":"cli-server","php_version":"8.1.34"}}
{"time":"2026-04-16 16:18:11","label":"request_start","context":{"uri":"/?action=counter","method":"GET","sapi":"cli-server","php_version":"8.1.34"}}
{"time":"2026-04-16 16:18:11","label":"request_start","context":{"uri":"/","method":"POST","sapi":"cli-server","php_version":"8.1.34"}}
{"time":"2026-04-16 16:18:11","label":"request_start","context":{"uri":"/?action=qr_report&token=","method":"GET","sapi":"cli-server","php_version":"8.1.34"}}
{"time":"2026-04-16 16:18:11","label":"request_start","context":{"uri":"/?action=init_schema&token=eyJhbGciOiJIUzI1NiIsInR5cCI6IkpXVCJ9.eyJzdWIiOiI5MzcxNTE5OTk5Iiwicm9sZSI6InN1cGVyYWRtaW4iLCJuYW1lIjoiU3VwZXIgQWRtaW4iLCJpYXQiOjE3NzYzNTYyODksImV4cCI6MTc3NjM4NTA4OX0.P_jihtICpPnSpHvcHrhQK4qRtp1rziU57-MLYhBeM68","method":"GET","sapi":"cli-server","php_version":"8.1.34"}}
{"time":"2026-04-16 16:18:11","label":"request_start","context":{"uri":"/?action=schema&token=eyJhbGciOiJIUzI1NiIsInR5cCI6IkpXVCJ9.eyJzdWIiOiI5MzcxNTE5OTk5Iiwicm9sZSI6InN1cGVyYWRtaW4iLCJuYW1lIjoiU3VwZXIgQWRtaW4iLCJpYXQiOjE3NzYzNTYyODksImV4cCI6MTc3NjM4NTA4OX0.P_jihtICpPnSpHvcHrhQK4qRtp1rziU57-MLYhBeM68","method":"GET","sapi":"cli-server","php_version":"8.1.34"}}
{"time":"2026-04-16 16:18:11","label":"request_start","context":{"uri":"/?action=ensure_qr_sheet&token=eyJhbGciOiJIUzI1NiIsInR5cCI6IkpXVCJ9.eyJzdWIiOiI5MzcxNTE5OTk5Iiwicm9sZSI6InN1cGVyYWRtaW4iLCJuYW1lIjoiU3VwZXIgQWRtaW4iLCJpYXQiOjE3NzYzNTYyODksImV4cCI6MTc3NjM4NTA4OX0.P_jihtICpPnSpHvcHrhQK4qRtp1rziU57-MLYhBeM68","method":"GET","sapi":"cli-server","php_version":"8.1.34"}}
{"time":"2026-04-16 16:18:12","label":"request_start","context":{"uri":"/?action=init_qr_sheet&token=eyJhbGciOiJIUzI1NiIsInR5cCI6IkpXVCJ9.eyJzdWIiOiI5MzcxNTE5OTk5Iiwicm9sZSI6InN1cGVyYWRtaW4iLCJuYW1lIjoiU3VwZXIgQWRtaW4iLCJpYXQiOjE3NzYzNTYyODksImV4cCI6MTc3NjM4NTA4OX0.P_jihtICpPnSpHvcHrhQK4qRtp1rziU57-MLYhBeM68","method":"GET","sapi":"cli-server","php_version":"8.1.34"}}
{"time":"2026-04-16 16:18:12","label":"request_start","context":{"uri":"/?action=create_qr_sheet&token=eyJhbGciOiJIUzI1NiIsInR5cCI6IkpXVCJ9.eyJzdWIiOiI5MzcxNTE5OTk5Iiwicm9sZSI6InN1cGVyYWRtaW4iLCJuYW1lIjoiU3VwZXIgQWRtaW4iLCJpYXQiOjE3NzYzNTYyODksImV4cCI6MTc3NjM4NTA4OX0.P_jihtICpPnSpHvcHrhQK4qRtp1rziU57-MLYhBeM68","method":"GET","sapi":"cli-server","php_version":"8.1.34"}}
{"time":"2026-04-16 16:18:12","label":"request_start","context":{"uri":"/?action=create_test_paid_tx&token=eyJhbGciOiJIUzI1NiIsInR5cCI6IkpXVCJ9.eyJzdWIiOiI5MzcxNTE5OTk5Iiwicm9sZSI6InN1cGVyYWRtaW4iLCJuYW1lIjoiU3VwZXIgQWRtaW4iLCJpYXQiOjE3NzYzNTYyODksImV4cCI6MTc3NjM4NTA4OX0.P_jihtICpPnSpHvcHrhQK4qRtp1rziU57-MLYhBeM68","method":"GET","sapi":"cli-server","php_version":"8.1.34"}}
{"time":"2026-04-16 16:18:12","label":"request_start","context":{"uri":"/?action=seed_test_paid_tx&token=eyJhbGciOiJIUzI1NiIsInR5cCI6IkpXVCJ9.eyJzdWIiOiI5MzcxNTE5OTk5Iiwicm9sZSI6InN1cGVyYWRtaW4iLCJuYW1lIjoiU3VwZXIgQWRtaW4iLCJpYXQiOjE3NzYzNTYyODksImV4cCI6MTc3NjM4NTA4OX0.P_jihtICpPnSpHvcHrhQK4qRtp1rziU57-MLYhBeM68","method":"GET","sapi":"cli-server","php_version":"8.1.34"}}
{"time":"2026-04-16 16:18:12","label":"request_start","context":{"uri":"/?action=download_qr_code&token=eyJhbGciOiJIUzI1NiIsInR5cCI6IkpXVCJ9.eyJzdWIiOiI5MzcxNTE5OTk5Iiwicm9sZSI6InN1cGVyYWRtaW4iLCJuYW1lIjoiU3VwZXIgQWRtaW4iLCJpYXQiOjE3NzYzNTYyODksImV4cCI6MTc3NjM4NTA4OX0.P_jihtICpPnSpHvcHrhQK4qRtp1rziU57-MLYhBeM68","method":"GET","sapi":"cli-server","php_version":"8.1.34"}}
{"time":"2026-04-16 16:18:12","label":"request_start","context":{"uri":"/?action=qr_scan_report_html&token=eyJhbGciOiJIUzI1NiIsInR5cCI6IkpXVCJ9.eyJzdWIiOiI5MzcxNTE5OTk5Iiwicm9sZSI6InN1cGVyYWRtaW4iLCJuYW1lIjoiU3VwZXIgQWRtaW4iLCJpYXQiOjE3NzYzNTYyODksImV4cCI6MTc3NjM4NTA4OX0.P_jihtICpPnSpHvcHrhQK4qRtp1rziU57-MLYhBeM68","method":"GET","sapi":"cli-server","php_version":"8.1.34"}}
{"time":"2026-04-16 16:18:12","label":"request_start","context":{"uri":"/?action=qr-scan-report-html&token=eyJhbGciOiJIUzI1NiIsInR5cCI6IkpXVCJ9.eyJzdWIiOiI5MzcxNTE5OTk5Iiwicm9sZSI6InN1cGVyYWRtaW4iLCJuYW1lIjoiU3VwZXIgQWRtaW4iLCJpYXQiOjE3NzYzNTYyODksImV4cCI6MTc3NjM4NTA4OX0.P_jihtICpPnSpHvcHrhQK4qRtp1rziU57-MLYhBeM68","method":"GET","sapi":"cli-server","php_version":"8.1.34"}}
{"time":"2026-04-16 16:18:12","label":"request_start","context":{"uri":"/?action=migrate_events_sheet_format&token=eyJhbGciOiJIUzI1NiIsInR5cCI6IkpXVCJ9.eyJzdWIiOiI5MzcxNTE5OTk5Iiwicm9sZSI6InN1cGVyYWRtaW4iLCJuYW1lIjoiU3VwZXIgQWRtaW4iLCJpYXQiOjE3NzYzNTYyODksImV4cCI6MTc3NjM4NTA4OX0.P_jihtICpPnSpHvcHrhQK4qRtp1rziU57-MLYhBeM68","method":"GET","sapi":"cli-server","php_version":"8.1.34"}}
{"time":"2026-04-16 16:18:12","label":"request_start","context":{"uri":"/?action=migrate_event_sheet_format&token=eyJhbGciOiJIUzI1NiIsInR5cCI6IkpXVCJ9.eyJzdWIiOiI5MzcxNTE5OTk5Iiwicm9sZSI6InN1cGVyYWRtaW4iLCJuYW1lIjoiU3VwZXIgQWRtaW4iLCJpYXQiOjE3NzYzNTYyODksImV4cCI6MTc3NjM4NTA4OX0.P_jihtICpPnSpHvcHrhQK4qRtp1rziU57-MLYhBeM68","method":"GET","sapi":"cli-server","php_version":"8.1.34"}}
{"time":"2026-04-16 16:18:12","label":"request_start","context":{"uri":"/?action=reset_events_sheet_format&token=eyJhbGciOiJIUzI1NiIsInR5cCI6IkpXVCJ9.eyJzdWIiOiI5MzcxNTE5OTk5Iiwicm9sZSI6InN1cGVyYWRtaW4iLCJuYW1lIjoiU3VwZXIgQWRtaW4iLCJpYXQiOjE3NzYzNTYyODksImV4cCI6MTc3NjM4NTA4OX0.P_jihtICpPnSpHvcHrhQK4qRtp1rziU57-MLYhBeM68","method":"GET","sapi":"cli-server","php_version":"8.1.34"}}
{"time":"2026-04-16 16:18:12","label":"request_start","context":{"uri":"/?action=reset_events_data&token=eyJhbGciOiJIUzI1NiIsInR5cCI6IkpXVCJ9.eyJzdWIiOiI5MzcxNTE5OTk5Iiwicm9sZSI6InN1cGVyYWRtaW4iLCJuYW1lIjoiU3VwZXIgQWRtaW4iLCJpYXQiOjE3NzYzNTYyODksImV4cCI6MTc3NjM4NTA4OX0.P_jihtICpPnSpHvcHrhQK4qRtp1rziU57-MLYhBeM68","method":"GET","sapi":"cli-server","php_version":"8.1.34"}}
{"time":"2026-04-16 16:18:12","label":"request_start","context":{"uri":"/?action=seed_events_sample&token=eyJhbGciOiJIUzI1NiIsInR5cCI6IkpXVCJ9.eyJzdWIiOiI5MzcxNTE5OTk5Iiwicm9sZSI6InN1cGVyYWRtaW4iLCJuYW1lIjoiU3VwZXIgQWRtaW4iLCJpYXQiOjE3NzYzNTYyODksImV4cCI6MTc3NjM4NTA4OX0.P_jihtICpPnSpHvcHrhQK4qRtp1rziU57-MLYhBeM68","method":"GET","sapi":"cli-server","php_version":"8.1.34"}}
{"time":"2026-04-16 16:18:12","label":"request_start","context":{"uri":"/?action=seed_event_sample&token=eyJhbGciOiJIUzI1NiIsInR5cCI6IkpXVCJ9.eyJzdWIiOiI5MzcxNTE5OTk5Iiwicm9sZSI6InN1cGVyYWRtaW4iLCJuYW1lIjoiU3VwZXIgQWRtaW4iLCJpYXQiOjE3NzYzNTYyODksImV4cCI6MTc3NjM4NTA4OX0.P_jihtICpPnSpHvcHrhQK4qRtp1rziU57-MLYhBeM68","method":"GET","sapi":"cli-server","php_version":"8.1.34"}}
{"time":"2026-04-16 16:18:12","label":"request_start","context":{"uri":"/?action=seed_dj_events_apr_2026&token=eyJhbGciOiJIUzI1NiIsInR5cCI6IkpXVCJ9.eyJzdWIiOiI5MzcxNTE5OTk5Iiwicm9sZSI6InN1cGVyYWRtaW4iLCJuYW1lIjoiU3VwZXIgQWRtaW4iLCJpYXQiOjE3NzYzNTYyODksImV4cCI6MTc3NjM4NTA4OX0.P_jihtICpPnSpHvcHrhQK4qRtp1rziU57-MLYhBeM68","method":"GET","sapi":"cli-server","php_version":"8.1.34"}}
{"time":"2026-04-16 16:18:12","label":"request_start","context":{"uri":"/?action=seed_dj_events&token=eyJhbGciOiJIUzI1NiIsInR5cCI6IkpXVCJ9.eyJzdWIiOiI5MzcxNTE5OTk5Iiwicm9sZSI6InN1cGVyYWRtaW4iLCJuYW1lIjoiU3VwZXIgQWRtaW4iLCJpYXQiOjE3NzYzNTYyODksImV4cCI6MTc3NjM4NTA4OX0.P_jihtICpPnSpHvcHrhQK4qRtp1rziU57-MLYhBeM68","method":"GET","sapi":"cli-server","php_version":"8.1.34"}}
{"time":"2026-04-16 16:18:12","label":"request_start","context":{"uri":"/?action=seed_paid_event_sample&token=eyJhbGciOiJIUzI1NiIsInR5cCI6IkpXVCJ9.eyJzdWIiOiI5MzcxNTE5OTk5Iiwicm9sZSI6InN1cGVyYWRtaW4iLCJuYW1lIjoiU3VwZXIgQWRtaW4iLCJpYXQiOjE3NzYzNTYyODksImV4cCI6MTc3NjM4NTA4OX0.P_jihtICpPnSpHvcHrhQK4qRtp1rziU57-MLYhBeM68","method":"GET","sapi":"cli-server","php_version":"8.1.34"}}
{"time":"2026-04-16 16:18:12","label":"request_start","context":{"uri":"/?action=seed_paid_event&token=eyJhbGciOiJIUzI1NiIsInR5cCI6IkpXVCJ9.eyJzdWIiOiI5MzcxNTE5OTk5Iiwicm9sZSI6InN1cGVyYWRtaW4iLCJuYW1lIjoiU3VwZXIgQWRtaW4iLCJpYXQiOjE3NzYzNTYyODksImV4cCI6MTc3NjM4NTA4OX0.P_jihtICpPnSpHvcHrhQK4qRtp1rziU57-MLYhBeM68","method":"GET","sapi":"cli-server","php_version":"8.1.34"}}
{"time":"2026-04-16 16:18:12","label":"request_start","context":{"uri":"/?action=send_test_event_email&token=eyJhbGciOiJIUzI1NiIsInR5cCI6IkpXVCJ9.eyJzdWIiOiI5MzcxNTE5OTk5Iiwicm9sZSI6InN1cGVyYWRtaW4iLCJuYW1lIjoiU3VwZXIgQWRtaW4iLCJpYXQiOjE3NzYzNTYyODksImV4cCI6MTc3NjM4NTA4OX0.P_jihtICpPnSpHvcHrhQK4qRtp1rziU57-MLYhBeM68","method":"GET","sapi":"cli-server","php_version":"8.1.34"}}
{"time":"2026-04-16 16:18:12","label":"request_start","context":{"uri":"/?action=test_event_email&token=eyJhbGciOiJIUzI1NiIsInR5cCI6IkpXVCJ9.eyJzdWIiOiI5MzcxNTE5OTk5Iiwicm9sZSI6InN1cGVyYWRtaW4iLCJuYW1lIjoiU3VwZXIgQWRtaW4iLCJpYXQiOjE3NzYzNTYyODksImV4cCI6MTc3NjM4NTA4OX0.P_jihtICpPnSpHvcHrhQK4qRtp1rziU57-MLYhBeM68","method":"GET","sapi":"cli-server","php_version":"8.1.34"}}
{"time":"2026-04-16 16:18:12","label":"request_start","context":{"uri":"/","method":"POST","sapi":"cli-server","php_version":"8.1.34"}}
{"time":"2026-04-16 16:18:12","label":"request_start","context":{"uri":"/","method":"POST","sapi":"cli-server","php_version":"8.1.34"}}
{"time":"2026-04-16 16:18:12","label":"request_start","context":{"uri":"/","method":"POST","sapi":"cli-server","php_version":"8.1.34"}}
{"time":"2026-04-16 16:18:12","label":"request_start","context":{"uri":"/","method":"POST","sapi":"cli-server","php_version":"8.1.34"}}
{"time":"2026-04-16 16:18:12","label":"request_start","context":{"uri":"/","method":"POST","sapi":"cli-server","php_version":"8.1.34"}}
{"time":"2026-04-16 16:18:12","label":"request_start","context":{"uri":"/","method":"POST","sapi":"cli-server","php_version":"8.1.34"}}
{"time":"2026-04-16 16:18:12","label":"request_start","context":{"uri":"/","method":"POST","sapi":"cli-server","php_version":"8.1.34"}}
{"time":"2026-04-16 16:18:12","label":"request_start","context":{"uri":"/","method":"POST","sapi":"cli-server","php_version":"8.1.34"}}
{"time":"2026-04-16 16:18:12","label":"request_start","context":{"uri":"/?action=events_list&limit=20","method":"GET","sapi":"cli-server","php_version":"8.1.34"}}
{"time":"2026-04-16 16:18:13","label":"request_start","context":{"uri":"/?action=event_popup","method":"GET","sapi":"cli-server","php_version":"8.1.34"}}
{"time":"2026-04-16 16:18:13","label":"request_start","context":{"uri":"/?action=admin_cash_summary&token=","method":"GET","sapi":"cli-server","php_version":"8.1.34"}}
{"time":"2026-04-16 16:18:13","label":"request_start","context":{"uri":"/","method":"POST","sapi":"cli-server","php_version":"8.1.34"}}
{"time":"2026-04-16 16:18:13","label":"request_start","context":{"uri":"/?action=superadmin_cash_dashboard&token=eyJhbGciOiJIUzI1NiIsInR5cCI6IkpXVCJ9.eyJzdWIiOiI5MzcxNTE5OTk5Iiwicm9sZSI6InN1cGVyYWRtaW4iLCJuYW1lIjoiU3VwZXIgQWRtaW4iLCJpYXQiOjE3NzYzNTYyODksImV4cCI6MTc3NjM4NTA4OX0.P_jihtICpPnSpHvcHrhQK4qRtp1rziU57-MLYhBeM68","method":"GET","sapi":"cli-server","php_version":"8.1.34"}}
{"time":"2026-04-16 16:18:13","label":"request_start","context":{"uri":"/","method":"POST","sapi":"cli-server","php_version":"8.1.34"}}
{"time":"2026-04-16 16:18:13","label":"request_start","context":{"uri":"/","method":"POST","sapi":"cli-server","php_version":"8.1.34"}}
{"time":"2026-04-16 16:18:13","label":"request_start","context":{"uri":"/","method":"POST","sapi":"cli-server","php_version":"8.1.34"}}
{"time":"2026-04-16 16:18:13","label":"request_start","context":{"uri":"/?action=non_existing_action_qa","method":"GET","sapi":"cli-server","php_version":"8.1.34"}}
{"time":"2026-04-16 16:18:13","label":"request_start","context":{"uri":"/","method":"POST","sapi":"cli-server","php_version":"8.1.34"}}
{"time":"2026-04-16 16:18:13","label":"request_start","context":{"uri":"/","method":"POST","sapi":"cli-server","php_version":"8.1.34"}}
{"time":"2026-04-16 16:18:13","label":"request_start","context":{"uri":"/","method":"POST","sapi":"cli-server","php_version":"8.1.34"}}
{"time":"2026-04-17 01:45:18","label":"request_start","context":{"uri":"/?action=auth_bootstrap_status","method":"GET","sapi":"cli-server","php_version":"8.1.34"}}
{"time":"2026-04-17 01:45:19","label":"request_start","context":{"uri":"/","method":"POST","sapi":"cli-server","php_version":"8.1.34"}}
{"time":"2026-04-17 01:45:19","label":"request_start","context":{"uri":"/","method":"POST","sapi":"cli-server","php_version":"8.1.34"}}
{"time":"2026-04-17 01:45:19","label":"request_start","context":{"uri":"/","method":"POST","sapi":"cli-server","php_version":"8.1.34"}}
{"time":"2026-04-17 01:45:19","label":"request_start","context":{"uri":"/","method":"POST","sapi":"cli-server","php_version":"8.1.34"}}
{"time":"2026-04-17 01:45:19","label":"request_start","context":{"uri":"/","method":"POST","sapi":"cli-server","php_version":"8.1.34"}}
{"time":"2026-04-17 01:45:19","label":"request_start","context":{"uri":"/","method":"POST","sapi":"cli-server","php_version":"8.1.34"}}
{"time":"2026-04-17 01:45:21","label":"request_start","context":{"uri":"/","method":"POST","sapi":"cli-server","php_version":"8.1.34"}}
{"time":"2026-04-17 01:45:21","label":"request_start","context":{"uri":"/","method":"POST","sapi":"cli-server","php_version":"8.1.34"}}
{"time":"2026-04-17 01:45:21","label":"request_start","context":{"uri":"/","method":"POST","sapi":"cli-server","php_version":"8.1.34"}}
{"time":"2026-04-17 01:45:21","label":"request_start","context":{"uri":"/","method":"POST","sapi":"cli-server","php_version":"8.1.34"}}
{"time":"2026-04-17 01:45:21","label":"request_start","context":{"uri":"/","method":"POST","sapi":"cli-server","php_version":"8.1.34"}}
{"time":"2026-04-17 01:45:22","label":"request_start","context":{"uri":"/","method":"POST","sapi":"cli-server","php_version":"8.1.34"}}
{"time":"2026-04-17 01:45:22","label":"request_start","context":{"uri":"/","method":"POST","sapi":"cli-server","php_version":"8.1.34"}}
{"time":"2026-04-17 01:45:22","label":"request_start","context":{"uri":"/?action=auth_list_users&token=eyJhbGciOiJIUzI1NiIsInR5cCI6IkpXVCJ9.eyJzdWIiOiI5MzcxNTE5OTk5Iiwicm9sZSI6InN1cGVyYWRtaW4iLCJuYW1lIjoiU3VwZXIgQWRtaW4iLCJpYXQiOjE3NzYzOTAzMjEsImV4cCI6MTc3NjQxOTEyMX0.89KkZf-cBJnq-hlQDZzWhdctSAPSaexfA-6FnLtUwJg","method":"GET","sapi":"cli-server","php_version":"8.1.34"}}
{"time":"2026-04-17 01:45:22","label":"request_start","context":{"uri":"/","method":"POST","sapi":"cli-server","php_version":"8.1.34"}}
{"time":"2026-04-17 01:45:22","label":"request_start","context":{"uri":"/","method":"POST","sapi":"cli-server","php_version":"8.1.34"}}
{"time":"2026-04-17 01:45:22","label":"request_start","context":{"uri":"/","method":"POST","sapi":"cli-server","php_version":"8.1.34"}}
{"time":"2026-04-17 01:45:22","label":"request_start","context":{"uri":"/","method":"POST","sapi":"cli-server","php_version":"8.1.34"}}
{"time":"2026-04-17 01:45:23","label":"request_start","context":{"uri":"/","method":"POST","sapi":"cli-server","php_version":"8.1.34"}}
{"time":"2026-04-17 01:45:23","label":"request_start","context":{"uri":"/","method":"POST","sapi":"cli-server","php_version":"8.1.34"}}
{"time":"2026-04-17 01:45:23","label":"request_start","context":{"uri":"/","method":"POST","sapi":"cli-server","php_version":"8.1.34"}}
{"time":"2026-04-17 01:45:23","label":"request_start","context":{"uri":"/","method":"POST","sapi":"cli-server","php_version":"8.1.34"}}
{"time":"2026-04-17 01:45:23","label":"request_start","context":{"uri":"/","method":"POST","sapi":"cli-server","php_version":"8.1.34"}}
{"time":"2026-04-17 01:45:24","label":"request_start","context":{"uri":"/","method":"POST","sapi":"cli-server","php_version":"8.1.34"}}
{"time":"2026-04-17 01:45:24","label":"request_start","context":{"uri":"/","method":"POST","sapi":"cli-server","php_version":"8.1.34"}}
{"time":"2026-04-17 01:45:24","label":"request_start","context":{"uri":"/","method":"POST","sapi":"cli-server","php_version":"8.1.34"}}
{"time":"2026-04-17 01:45:24","label":"request_start","context":{"uri":"/","method":"POST","sapi":"cli-server","php_version":"8.1.34"}}
{"time":"2026-04-17 01:45:24","label":"request_start","context":{"uri":"/?action=&shape=grid&tab=AWGNK%20MENU","method":"GET","sapi":"cli-server","php_version":"8.1.34"}}
{"time":"2026-04-17 07:15:24","label":"unhandled_exception","context":{"message":"SQLSTATE[42S02]: Base table or view not found: 1146 Table 'namastekalyan_local.menu_designer_order' doesn't exist","file":"D:\\GITHUB Projects\\Namaste Kalyan\\namastekalyan\\backend\\src\\Repositories\\MenuRepository.php","line":71}}
{"time":"2026-04-17 01:45:24","label":"request_start","context":{"uri":"/?action=&shape=grid&tab=BAR%20MENU%20NK","method":"GET","sapi":"cli-server","php_version":"8.1.34"}}
{"time":"2026-04-17 07:15:24","label":"unhandled_exception","context":{"message":"SQLSTATE[42S02]: Base table or view not found: 1146 Table 'namastekalyan_local.menu_designer_order' doesn't exist","file":"D:\\GITHUB Projects\\Namaste Kalyan\\namastekalyan\\backend\\src\\Repositories\\MenuRepository.php","line":71}}
{"time":"2026-04-17 01:45:24","label":"request_start","context":{"uri":"/","method":"POST","sapi":"cli-server","php_version":"8.1.34"}}
{"time":"2026-04-17 01:45:25","label":"request_start","context":{"uri":"/?action=verify&phone=7741202568&token=eyJhbGciOiJIUzI1NiIsInR5cCI6IkpXVCJ9.eyJzdWIiOiI5MTg4ODA2NTkxMyIsInJvbGUiOiJhZG1pbiIsIm5hbWUiOiJRQSBBZG1pbiIsImlhdCI6MTc3NjM5MDMyMSwiZXhwIjoxNzc2NDE5MTIxfQ.IUGVupdwD5x4-TiP2JQuAoL43aFHkXw42W5Vne1KgSQ","method":"GET","sapi":"cli-server","php_version":"8.1.34"}}
{"time":"2026-04-17 01:45:25","label":"request_start","context":{"uri":"/?action=regen_coupon&phone=7741202568&token=eyJhbGciOiJIUzI1NiIsInR5cCI6IkpXVCJ9.eyJzdWIiOiI5MTg4ODA2NTkxMyIsInJvbGUiOiJhZG1pbiIsIm5hbWUiOiJRQSBBZG1pbiIsImlhdCI6MTc3NjM5MDMyMSwiZXhwIjoxNzc2NDE5MTIxfQ.IUGVupdwD5x4-TiP2JQuAoL43aFHkXw42W5Vne1KgSQ","method":"GET","sapi":"cli-server","php_version":"8.1.34"}}
{"time":"2026-04-17 01:45:25","label":"request_start","context":{"uri":"/?action=redeem&phone=7741202568&token=eyJhbGciOiJIUzI1NiIsInR5cCI6IkpXVCJ9.eyJzdWIiOiI5MTg4ODA2NTkxMyIsInJvbGUiOiJhZG1pbiIsIm5hbWUiOiJRQSBBZG1pbiIsImlhdCI6MTc3NjM5MDMyMSwiZXhwIjoxNzc2NDE5MTIxfQ.IUGVupdwD5x4-TiP2JQuAoL43aFHkXw42W5Vne1KgSQ","method":"GET","sapi":"cli-server","php_version":"8.1.34"}}
{"time":"2026-04-17 01:45:25","label":"request_start","context":{"uri":"/?action=counter","method":"GET","sapi":"cli-server","php_version":"8.1.34"}}
{"time":"2026-04-17 01:45:25","label":"request_start","context":{"uri":"/","method":"POST","sapi":"cli-server","php_version":"8.1.34"}}
{"time":"2026-04-17 01:45:25","label":"request_start","context":{"uri":"/?action=qr_report&token=eyJhbGciOiJIUzI1NiIsInR5cCI6IkpXVCJ9.eyJzdWIiOiI5MTg4ODA2NTkxMyIsInJvbGUiOiJhZG1pbiIsIm5hbWUiOiJRQSBBZG1pbiIsImlhdCI6MTc3NjM5MDMyMSwiZXhwIjoxNzc2NDE5MTIxfQ.IUGVupdwD5x4-TiP2JQuAoL43aFHkXw42W5Vne1KgSQ","method":"GET","sapi":"cli-server","php_version":"8.1.34"}}
{"time":"2026-04-17 01:45:25","label":"request_start","context":{"uri":"/?action=init_schema&token=eyJhbGciOiJIUzI1NiIsInR5cCI6IkpXVCJ9.eyJzdWIiOiI5MzcxNTE5OTk5Iiwicm9sZSI6InN1cGVyYWRtaW4iLCJuYW1lIjoiU3VwZXIgQWRtaW4iLCJpYXQiOjE3NzYzOTAzMjEsImV4cCI6MTc3NjQxOTEyMX0.89KkZf-cBJnq-hlQDZzWhdctSAPSaexfA-6FnLtUwJg","method":"GET","sapi":"cli-server","php_version":"8.1.34"}}
{"time":"2026-04-17 01:45:25","label":"request_start","context":{"uri":"/?action=schema&token=eyJhbGciOiJIUzI1NiIsInR5cCI6IkpXVCJ9.eyJzdWIiOiI5MzcxNTE5OTk5Iiwicm9sZSI6InN1cGVyYWRtaW4iLCJuYW1lIjoiU3VwZXIgQWRtaW4iLCJpYXQiOjE3NzYzOTAzMjEsImV4cCI6MTc3NjQxOTEyMX0.89KkZf-cBJnq-hlQDZzWhdctSAPSaexfA-6FnLtUwJg","method":"GET","sapi":"cli-server","php_version":"8.1.34"}}
{"time":"2026-04-17 01:45:25","label":"request_start","context":{"uri":"/?action=ensure_qr_sheet&token=eyJhbGciOiJIUzI1NiIsInR5cCI6IkpXVCJ9.eyJzdWIiOiI5MzcxNTE5OTk5Iiwicm9sZSI6InN1cGVyYWRtaW4iLCJuYW1lIjoiU3VwZXIgQWRtaW4iLCJpYXQiOjE3NzYzOTAzMjEsImV4cCI6MTc3NjQxOTEyMX0.89KkZf-cBJnq-hlQDZzWhdctSAPSaexfA-6FnLtUwJg","method":"GET","sapi":"cli-server","php_version":"8.1.34"}}
{"time":"2026-04-17 01:45:26","label":"request_start","context":{"uri":"/?action=init_qr_sheet&token=eyJhbGciOiJIUzI1NiIsInR5cCI6IkpXVCJ9.eyJzdWIiOiI5MzcxNTE5OTk5Iiwicm9sZSI6InN1cGVyYWRtaW4iLCJuYW1lIjoiU3VwZXIgQWRtaW4iLCJpYXQiOjE3NzYzOTAzMjEsImV4cCI6MTc3NjQxOTEyMX0.89KkZf-cBJnq-hlQDZzWhdctSAPSaexfA-6FnLtUwJg","method":"GET","sapi":"cli-server","php_version":"8.1.34"}}
{"time":"2026-04-17 01:45:26","label":"request_start","context":{"uri":"/?action=create_qr_sheet&token=eyJhbGciOiJIUzI1NiIsInR5cCI6IkpXVCJ9.eyJzdWIiOiI5MzcxNTE5OTk5Iiwicm9sZSI6InN1cGVyYWRtaW4iLCJuYW1lIjoiU3VwZXIgQWRtaW4iLCJpYXQiOjE3NzYzOTAzMjEsImV4cCI6MTc3NjQxOTEyMX0.89KkZf-cBJnq-hlQDZzWhdctSAPSaexfA-6FnLtUwJg","method":"GET","sapi":"cli-server","php_version":"8.1.34"}}
{"time":"2026-04-17 01:45:26","label":"request_start","context":{"uri":"/?action=create_test_paid_tx&token=eyJhbGciOiJIUzI1NiIsInR5cCI6IkpXVCJ9.eyJzdWIiOiI5MzcxNTE5OTk5Iiwicm9sZSI6InN1cGVyYWRtaW4iLCJuYW1lIjoiU3VwZXIgQWRtaW4iLCJpYXQiOjE3NzYzOTAzMjEsImV4cCI6MTc3NjQxOTEyMX0.89KkZf-cBJnq-hlQDZzWhdctSAPSaexfA-6FnLtUwJg","method":"GET","sapi":"cli-server","php_version":"8.1.34"}}
{"time":"2026-04-17 01:45:26","label":"request_start","context":{"uri":"/?action=seed_test_paid_tx&token=eyJhbGciOiJIUzI1NiIsInR5cCI6IkpXVCJ9.eyJzdWIiOiI5MzcxNTE5OTk5Iiwicm9sZSI6InN1cGVyYWRtaW4iLCJuYW1lIjoiU3VwZXIgQWRtaW4iLCJpYXQiOjE3NzYzOTAzMjEsImV4cCI6MTc3NjQxOTEyMX0.89KkZf-cBJnq-hlQDZzWhdctSAPSaexfA-6FnLtUwJg","method":"GET","sapi":"cli-server","php_version":"8.1.34"}}
{"time":"2026-04-17 01:45:26","label":"request_start","context":{"uri":"/?action=download_qr_code&token=eyJhbGciOiJIUzI1NiIsInR5cCI6IkpXVCJ9.eyJzdWIiOiI5MzcxNTE5OTk5Iiwicm9sZSI6InN1cGVyYWRtaW4iLCJuYW1lIjoiU3VwZXIgQWRtaW4iLCJpYXQiOjE3NzYzOTAzMjEsImV4cCI6MTc3NjQxOTEyMX0.89KkZf-cBJnq-hlQDZzWhdctSAPSaexfA-6FnLtUwJg","method":"GET","sapi":"cli-server","php_version":"8.1.34"}}
{"time":"2026-04-17 01:45:26","label":"request_start","context":{"uri":"/?action=qr_scan_report_html&token=eyJhbGciOiJIUzI1NiIsInR5cCI6IkpXVCJ9.eyJzdWIiOiI5MzcxNTE5OTk5Iiwicm9sZSI6InN1cGVyYWRtaW4iLCJuYW1lIjoiU3VwZXIgQWRtaW4iLCJpYXQiOjE3NzYzOTAzMjEsImV4cCI6MTc3NjQxOTEyMX0.89KkZf-cBJnq-hlQDZzWhdctSAPSaexfA-6FnLtUwJg","method":"GET","sapi":"cli-server","php_version":"8.1.34"}}
{"time":"2026-04-17 01:45:26","label":"request_start","context":{"uri":"/?action=qr-scan-report-html&token=eyJhbGciOiJIUzI1NiIsInR5cCI6IkpXVCJ9.eyJzdWIiOiI5MzcxNTE5OTk5Iiwicm9sZSI6InN1cGVyYWRtaW4iLCJuYW1lIjoiU3VwZXIgQWRtaW4iLCJpYXQiOjE3NzYzOTAzMjEsImV4cCI6MTc3NjQxOTEyMX0.89KkZf-cBJnq-hlQDZzWhdctSAPSaexfA-6FnLtUwJg","method":"GET","sapi":"cli-server","php_version":"8.1.34"}}
{"time":"2026-04-17 01:45:26","label":"request_start","context":{"uri":"/?action=migrate_events_sheet_format&token=eyJhbGciOiJIUzI1NiIsInR5cCI6IkpXVCJ9.eyJzdWIiOiI5MzcxNTE5OTk5Iiwicm9sZSI6InN1cGVyYWRtaW4iLCJuYW1lIjoiU3VwZXIgQWRtaW4iLCJpYXQiOjE3NzYzOTAzMjEsImV4cCI6MTc3NjQxOTEyMX0.89KkZf-cBJnq-hlQDZzWhdctSAPSaexfA-6FnLtUwJg","method":"GET","sapi":"cli-server","php_version":"8.1.34"}}
{"time":"2026-04-17 01:45:26","label":"request_start","context":{"uri":"/?action=migrate_event_sheet_format&token=eyJhbGciOiJIUzI1NiIsInR5cCI6IkpXVCJ9.eyJzdWIiOiI5MzcxNTE5OTk5Iiwicm9sZSI6InN1cGVyYWRtaW4iLCJuYW1lIjoiU3VwZXIgQWRtaW4iLCJpYXQiOjE3NzYzOTAzMjEsImV4cCI6MTc3NjQxOTEyMX0.89KkZf-cBJnq-hlQDZzWhdctSAPSaexfA-6FnLtUwJg","method":"GET","sapi":"cli-server","php_version":"8.1.34"}}
{"time":"2026-04-17 01:45:26","label":"request_start","context":{"uri":"/?action=reset_events_sheet_format&token=eyJhbGciOiJIUzI1NiIsInR5cCI6IkpXVCJ9.eyJzdWIiOiI5MzcxNTE5OTk5Iiwicm9sZSI6InN1cGVyYWRtaW4iLCJuYW1lIjoiU3VwZXIgQWRtaW4iLCJpYXQiOjE3NzYzOTAzMjEsImV4cCI6MTc3NjQxOTEyMX0.89KkZf-cBJnq-hlQDZzWhdctSAPSaexfA-6FnLtUwJg","method":"GET","sapi":"cli-server","php_version":"8.1.34"}}
{"time":"2026-04-17 01:45:26","label":"request_start","context":{"uri":"/?action=reset_events_data&token=eyJhbGciOiJIUzI1NiIsInR5cCI6IkpXVCJ9.eyJzdWIiOiI5MzcxNTE5OTk5Iiwicm9sZSI6InN1cGVyYWRtaW4iLCJuYW1lIjoiU3VwZXIgQWRtaW4iLCJpYXQiOjE3NzYzOTAzMjEsImV4cCI6MTc3NjQxOTEyMX0.89KkZf-cBJnq-hlQDZzWhdctSAPSaexfA-6FnLtUwJg","method":"GET","sapi":"cli-server","php_version":"8.1.34"}}
{"time":"2026-04-17 01:45:26","label":"request_start","context":{"uri":"/?action=seed_events_sample&token=eyJhbGciOiJIUzI1NiIsInR5cCI6IkpXVCJ9.eyJzdWIiOiI5MzcxNTE5OTk5Iiwicm9sZSI6InN1cGVyYWRtaW4iLCJuYW1lIjoiU3VwZXIgQWRtaW4iLCJpYXQiOjE3NzYzOTAzMjEsImV4cCI6MTc3NjQxOTEyMX0.89KkZf-cBJnq-hlQDZzWhdctSAPSaexfA-6FnLtUwJg","method":"GET","sapi":"cli-server","php_version":"8.1.34"}}
{"time":"2026-04-17 01:45:26","label":"request_start","context":{"uri":"/?action=seed_event_sample&token=eyJhbGciOiJIUzI1NiIsInR5cCI6IkpXVCJ9.eyJzdWIiOiI5MzcxNTE5OTk5Iiwicm9sZSI6InN1cGVyYWRtaW4iLCJuYW1lIjoiU3VwZXIgQWRtaW4iLCJpYXQiOjE3NzYzOTAzMjEsImV4cCI6MTc3NjQxOTEyMX0.89KkZf-cBJnq-hlQDZzWhdctSAPSaexfA-6FnLtUwJg","method":"GET","sapi":"cli-server","php_version":"8.1.34"}}
{"time":"2026-04-17 01:45:26","label":"request_start","context":{"uri":"/?action=seed_dj_events_apr_2026&token=eyJhbGciOiJIUzI1NiIsInR5cCI6IkpXVCJ9.eyJzdWIiOiI5MzcxNTE5OTk5Iiwicm9sZSI6InN1cGVyYWRtaW4iLCJuYW1lIjoiU3VwZXIgQWRtaW4iLCJpYXQiOjE3NzYzOTAzMjEsImV4cCI6MTc3NjQxOTEyMX0.89KkZf-cBJnq-hlQDZzWhdctSAPSaexfA-6FnLtUwJg","method":"GET","sapi":"cli-server","php_version":"8.1.34"}}
{"time":"2026-04-17 01:45:26","label":"request_start","context":{"uri":"/?action=seed_dj_events&token=eyJhbGciOiJIUzI1NiIsInR5cCI6IkpXVCJ9.eyJzdWIiOiI5MzcxNTE5OTk5Iiwicm9sZSI6InN1cGVyYWRtaW4iLCJuYW1lIjoiU3VwZXIgQWRtaW4iLCJpYXQiOjE3NzYzOTAzMjEsImV4cCI6MTc3NjQxOTEyMX0.89KkZf-cBJnq-hlQDZzWhdctSAPSaexfA-6FnLtUwJg","method":"GET","sapi":"cli-server","php_version":"8.1.34"}}
{"time":"2026-04-17 01:45:26","label":"request_start","context":{"uri":"/?action=seed_paid_event_sample&token=eyJhbGciOiJIUzI1NiIsInR5cCI6IkpXVCJ9.eyJzdWIiOiI5MzcxNTE5OTk5Iiwicm9sZSI6InN1cGVyYWRtaW4iLCJuYW1lIjoiU3VwZXIgQWRtaW4iLCJpYXQiOjE3NzYzOTAzMjEsImV4cCI6MTc3NjQxOTEyMX0.89KkZf-cBJnq-hlQDZzWhdctSAPSaexfA-6FnLtUwJg","method":"GET","sapi":"cli-server","php_version":"8.1.34"}}
{"time":"2026-04-17 01:45:26","label":"request_start","context":{"uri":"/?action=seed_paid_event&token=eyJhbGciOiJIUzI1NiIsInR5cCI6IkpXVCJ9.eyJzdWIiOiI5MzcxNTE5OTk5Iiwicm9sZSI6InN1cGVyYWRtaW4iLCJuYW1lIjoiU3VwZXIgQWRtaW4iLCJpYXQiOjE3NzYzOTAzMjEsImV4cCI6MTc3NjQxOTEyMX0.89KkZf-cBJnq-hlQDZzWhdctSAPSaexfA-6FnLtUwJg","method":"GET","sapi":"cli-server","php_version":"8.1.34"}}
{"time":"2026-04-17 01:45:26","label":"request_start","context":{"uri":"/?action=send_test_event_email&token=eyJhbGciOiJIUzI1NiIsInR5cCI6IkpXVCJ9.eyJzdWIiOiI5MzcxNTE5OTk5Iiwicm9sZSI6InN1cGVyYWRtaW4iLCJuYW1lIjoiU3VwZXIgQWRtaW4iLCJpYXQiOjE3NzYzOTAzMjEsImV4cCI6MTc3NjQxOTEyMX0.89KkZf-cBJnq-hlQDZzWhdctSAPSaexfA-6FnLtUwJg","method":"GET","sapi":"cli-server","php_version":"8.1.34"}}
{"time":"2026-04-17 01:45:26","label":"request_start","context":{"uri":"/?action=test_event_email&token=eyJhbGciOiJIUzI1NiIsInR5cCI6IkpXVCJ9.eyJzdWIiOiI5MzcxNTE5OTk5Iiwicm9sZSI6InN1cGVyYWRtaW4iLCJuYW1lIjoiU3VwZXIgQWRtaW4iLCJpYXQiOjE3NzYzOTAzMjEsImV4cCI6MTc3NjQxOTEyMX0.89KkZf-cBJnq-hlQDZzWhdctSAPSaexfA-6FnLtUwJg","method":"GET","sapi":"cli-server","php_version":"8.1.34"}}
{"time":"2026-04-17 01:45:26","label":"request_start","context":{"uri":"/","method":"POST","sapi":"cli-server","php_version":"8.1.34"}}
{"time":"2026-04-17 01:45:26","label":"request_start","context":{"uri":"/","method":"POST","sapi":"cli-server","php_version":"8.1.34"}}
{"time":"2026-04-17 01:45:26","label":"request_start","context":{"uri":"/","method":"POST","sapi":"cli-server","php_version":"8.1.34"}}
{"time":"2026-04-17 01:45:26","label":"request_start","context":{"uri":"/","method":"POST","sapi":"cli-server","php_version":"8.1.34"}}
{"time":"2026-04-17 01:45:26","label":"request_start","context":{"uri":"/","method":"POST","sapi":"cli-server","php_version":"8.1.34"}}
{"time":"2026-04-17 01:45:26","label":"request_start","context":{"uri":"/","method":"POST","sapi":"cli-server","php_version":"8.1.34"}}
{"time":"2026-04-17 01:45:26","label":"request_start","context":{"uri":"/","method":"POST","sapi":"cli-server","php_version":"8.1.34"}}
{"time":"2026-04-17 01:45:26","label":"request_start","context":{"uri":"/","method":"POST","sapi":"cli-server","php_version":"8.1.34"}}
{"time":"2026-04-17 01:45:26","label":"request_start","context":{"uri":"/?action=events_list&limit=20","method":"GET","sapi":"cli-server","php_version":"8.1.34"}}
{"time":"2026-04-17 01:45:27","label":"request_start","context":{"uri":"/?action=event_popup","method":"GET","sapi":"cli-server","php_version":"8.1.34"}}
{"time":"2026-04-17 01:45:27","label":"request_start","context":{"uri":"/?action=admin_cash_summary&token=eyJhbGciOiJIUzI1NiIsInR5cCI6IkpXVCJ9.eyJzdWIiOiI5MTg4ODA2NTkxMyIsInJvbGUiOiJhZG1pbiIsIm5hbWUiOiJRQSBBZG1pbiIsImlhdCI6MTc3NjM5MDMyMSwiZXhwIjoxNzc2NDE5MTIxfQ.IUGVupdwD5x4-TiP2JQuAoL43aFHkXw42W5Vne1KgSQ","method":"GET","sapi":"cli-server","php_version":"8.1.34"}}
{"time":"2026-04-17 01:45:27","label":"request_start","context":{"uri":"/","method":"POST","sapi":"cli-server","php_version":"8.1.34"}}
{"time":"2026-04-17 01:45:27","label":"request_start","context":{"uri":"/?action=superadmin_cash_dashboard&token=eyJhbGciOiJIUzI1NiIsInR5cCI6IkpXVCJ9.eyJzdWIiOiI5MzcxNTE5OTk5Iiwicm9sZSI6InN1cGVyYWRtaW4iLCJuYW1lIjoiU3VwZXIgQWRtaW4iLCJpYXQiOjE3NzYzOTAzMjEsImV4cCI6MTc3NjQxOTEyMX0.89KkZf-cBJnq-hlQDZzWhdctSAPSaexfA-6FnLtUwJg","method":"GET","sapi":"cli-server","php_version":"8.1.34"}}
{"time":"2026-04-17 01:45:27","label":"request_start","context":{"uri":"/","method":"POST","sapi":"cli-server","php_version":"8.1.34"}}
{"time":"2026-04-17 01:45:27","label":"request_start","context":{"uri":"/","method":"POST","sapi":"cli-server","php_version":"8.1.34"}}
{"time":"2026-04-17 01:45:27","label":"request_start","context":{"uri":"/","method":"POST","sapi":"cli-server","php_version":"8.1.34"}}
{"time":"2026-04-17 01:45:27","label":"request_start","context":{"uri":"/?action=non_existing_action_qa","method":"GET","sapi":"cli-server","php_version":"8.1.34"}}
{"time":"2026-04-17 01:45:27","label":"request_start","context":{"uri":"/","method":"POST","sapi":"cli-server","php_version":"8.1.34"}}
{"time":"2026-04-17 01:45:27","label":"request_start","context":{"uri":"/","method":"POST","sapi":"cli-server","php_version":"8.1.34"}}
{"time":"2026-04-17 01:45:27","label":"request_start","context":{"uri":"/","method":"POST","sapi":"cli-server","php_version":"8.1.34"}}
{"time":"2026-04-17 01:47:36","label":"request_start","context":{"uri":"/?action=&tab=AWGNK%20MENU&shape=grid","method":"GET","sapi":"cli-server","php_version":"8.1.34"}}
{"time":"2026-04-17 07:17:36","label":"unhandled_exception","context":{"message":"SQLSTATE[42S02]: Base table or view not found: 1146 Table 'namastekalyan_local.menu_designer_order' doesn't exist","file":"D:\\GITHUB Projects\\Namaste Kalyan\\namastekalyan\\backend\\src\\Repositories\\MenuRepository.php","line":71}}
{"time":"2026-04-17 01:48:08","label":"request_start","context":{"uri":"/?action=&tab=AWGNK%20MENU&shape=grid","method":"GET","sapi":"cli-server","php_version":"8.1.34"}}
{"time":"2026-04-17 01:48:08","label":"request_start","context":{"uri":"/?action=&tab=BAR%20MENU%20NK&shape=grid","method":"GET","sapi":"cli-server","php_version":"8.1.34"}}
{"time":"2026-04-17 01:48:15","label":"request_start","context":{"uri":"/?action=auth_bootstrap_status","method":"GET","sapi":"cli-server","php_version":"8.1.34"}}
{"time":"2026-04-17 01:48:15","label":"request_start","context":{"uri":"/","method":"POST","sapi":"cli-server","php_version":"8.1.34"}}
{"time":"2026-04-17 01:48:15","label":"request_start","context":{"uri":"/","method":"POST","sapi":"cli-server","php_version":"8.1.34"}}
{"time":"2026-04-17 01:48:15","label":"request_start","context":{"uri":"/","method":"POST","sapi":"cli-server","php_version":"8.1.34"}}
{"time":"2026-04-17 01:48:15","label":"request_start","context":{"uri":"/","method":"POST","sapi":"cli-server","php_version":"8.1.34"}}
{"time":"2026-04-17 01:48:16","label":"request_start","context":{"uri":"/","method":"POST","sapi":"cli-server","php_version":"8.1.34"}}
{"time":"2026-04-17 01:48:16","label":"request_start","context":{"uri":"/","method":"POST","sapi":"cli-server","php_version":"8.1.34"}}
{"time":"2026-04-17 01:48:16","label":"request_start","context":{"uri":"/","method":"POST","sapi":"cli-server","php_version":"8.1.34"}}
{"time":"2026-04-17 01:48:16","label":"request_start","context":{"uri":"/","method":"POST","sapi":"cli-server","php_version":"8.1.34"}}
{"time":"2026-04-17 01:48:16","label":"request_start","context":{"uri":"/","method":"POST","sapi":"cli-server","php_version":"8.1.34"}}
{"time":"2026-04-17 01:48:16","label":"request_start","context":{"uri":"/","method":"POST","sapi":"cli-server","php_version":"8.1.34"}}
{"time":"2026-04-17 01:48:16","label":"request_start","context":{"uri":"/","method":"POST","sapi":"cli-server","php_version":"8.1.34"}}
{"time":"2026-04-17 01:48:17","label":"request_start","context":{"uri":"/?action=auth_list_users&token=eyJhbGciOiJIUzI1NiIsInR5cCI6IkpXVCJ9.eyJzdWIiOiI5MzcxNTE5OTk5Iiwicm9sZSI6InN1cGVyYWRtaW4iLCJuYW1lIjoiU3VwZXIgQWRtaW4iLCJpYXQiOjE3NzYzOTA0OTYsImV4cCI6MTc3NjQxOTI5Nn0.lYUCR4PUL2uU3igif9HD3goDX3jKbhPWsmkhYBmuZyQ","method":"GET","sapi":"cli-server","php_version":"8.1.34"}}
{"time":"2026-04-17 01:48:17","label":"request_start","context":{"uri":"/","method":"POST","sapi":"cli-server","php_version":"8.1.34"}}
{"time":"2026-04-17 01:48:17","label":"request_start","context":{"uri":"/","method":"POST","sapi":"cli-server","php_version":"8.1.34"}}
{"time":"2026-04-17 01:48:17","label":"request_start","context":{"uri":"/","method":"POST","sapi":"cli-server","php_version":"8.1.34"}}
{"time":"2026-04-17 01:48:17","label":"request_start","context":{"uri":"/","method":"POST","sapi":"cli-server","php_version":"8.1.34"}}
{"time":"2026-04-17 01:48:17","label":"request_start","context":{"uri":"/","method":"POST","sapi":"cli-server","php_version":"8.1.34"}}
{"time":"2026-04-17 01:48:18","label":"request_start","context":{"uri":"/","method":"POST","sapi":"cli-server","php_version":"8.1.34"}}
{"time":"2026-04-17 01:48:18","label":"request_start","context":{"uri":"/","method":"POST","sapi":"cli-server","php_version":"8.1.34"}}
{"time":"2026-04-17 01:48:18","label":"request_start","context":{"uri":"/","method":"POST","sapi":"cli-server","php_version":"8.1.34"}}
{"time":"2026-04-17 01:48:18","label":"request_start","context":{"uri":"/","method":"POST","sapi":"cli-server","php_version":"8.1.34"}}
{"time":"2026-04-17 01:48:18","label":"request_start","context":{"uri":"/","method":"POST","sapi":"cli-server","php_version":"8.1.34"}}
{"time":"2026-04-17 01:48:19","label":"request_start","context":{"uri":"/","method":"POST","sapi":"cli-server","php_version":"8.1.34"}}
{"time":"2026-04-17 01:48:19","label":"request_start","context":{"uri":"/","method":"POST","sapi":"cli-server","php_version":"8.1.34"}}
{"time":"2026-04-17 01:48:19","label":"request_start","context":{"uri":"/","method":"POST","sapi":"cli-server","php_version":"8.1.34"}}
{"time":"2026-04-17 01:48:19","label":"request_start","context":{"uri":"/?action=&tab=AWGNK%20MENU&shape=grid","method":"GET","sapi":"cli-server","php_version":"8.1.34"}}
{"time":"2026-04-17 01:48:19","label":"request_start","context":{"uri":"/?action=&tab=BAR%20MENU%20NK&shape=grid","method":"GET","sapi":"cli-server","php_version":"8.1.34"}}
{"time":"2026-04-17 01:48:19","label":"request_start","context":{"uri":"/","method":"POST","sapi":"cli-server","php_version":"8.1.34"}}
{"time":"2026-04-17 01:48:19","label":"request_start","context":{"uri":"/?action=verify&token=eyJhbGciOiJIUzI1NiIsInR5cCI6IkpXVCJ9.eyJzdWIiOiI5MTg3MjE3MjAyMSIsInJvbGUiOiJhZG1pbiIsIm5hbWUiOiJRQSBBZG1pbiIsImlhdCI6MTc3NjM5MDQ5NiwiZXhwIjoxNzc2NDE5Mjk2fQ.3Zvl7DISgFHX_f9mgFXi-ulfD4-VfdIfJLvxTGpK3DA&phone=8578260671","method":"GET","sapi":"cli-server","php_version":"8.1.34"}}
{"time":"2026-04-17 01:48:19","label":"request_start","context":{"uri":"/?action=regen_coupon&token=eyJhbGciOiJIUzI1NiIsInR5cCI6IkpXVCJ9.eyJzdWIiOiI5MTg3MjE3MjAyMSIsInJvbGUiOiJhZG1pbiIsIm5hbWUiOiJRQSBBZG1pbiIsImlhdCI6MTc3NjM5MDQ5NiwiZXhwIjoxNzc2NDE5Mjk2fQ.3Zvl7DISgFHX_f9mgFXi-ulfD4-VfdIfJLvxTGpK3DA&phone=8578260671","method":"GET","sapi":"cli-server","php_version":"8.1.34"}}
{"time":"2026-04-17 01:48:19","label":"request_start","context":{"uri":"/?action=redeem&token=eyJhbGciOiJIUzI1NiIsInR5cCI6IkpXVCJ9.eyJzdWIiOiI5MTg3MjE3MjAyMSIsInJvbGUiOiJhZG1pbiIsIm5hbWUiOiJRQSBBZG1pbiIsImlhdCI6MTc3NjM5MDQ5NiwiZXhwIjoxNzc2NDE5Mjk2fQ.3Zvl7DISgFHX_f9mgFXi-ulfD4-VfdIfJLvxTGpK3DA&phone=8578260671","method":"GET","sapi":"cli-server","php_version":"8.1.34"}}
{"time":"2026-04-17 01:48:20","label":"request_start","context":{"uri":"/?action=counter","method":"GET","sapi":"cli-server","php_version":"8.1.34"}}
{"time":"2026-04-17 01:48:20","label":"request_start","context":{"uri":"/","method":"POST","sapi":"cli-server","php_version":"8.1.34"}}
{"time":"2026-04-17 01:48:20","label":"request_start","context":{"uri":"/?action=qr_report&token=eyJhbGciOiJIUzI1NiIsInR5cCI6IkpXVCJ9.eyJzdWIiOiI5MTg3MjE3MjAyMSIsInJvbGUiOiJhZG1pbiIsIm5hbWUiOiJRQSBBZG1pbiIsImlhdCI6MTc3NjM5MDQ5NiwiZXhwIjoxNzc2NDE5Mjk2fQ.3Zvl7DISgFHX_f9mgFXi-ulfD4-VfdIfJLvxTGpK3DA","method":"GET","sapi":"cli-server","php_version":"8.1.34"}}
{"time":"2026-04-17 01:48:20","label":"request_start","context":{"uri":"/?action=init_schema&token=eyJhbGciOiJIUzI1NiIsInR5cCI6IkpXVCJ9.eyJzdWIiOiI5MzcxNTE5OTk5Iiwicm9sZSI6InN1cGVyYWRtaW4iLCJuYW1lIjoiU3VwZXIgQWRtaW4iLCJpYXQiOjE3NzYzOTA0OTYsImV4cCI6MTc3NjQxOTI5Nn0.lYUCR4PUL2uU3igif9HD3goDX3jKbhPWsmkhYBmuZyQ","method":"GET","sapi":"cli-server","php_version":"8.1.34"}}
{"time":"2026-04-17 01:48:20","label":"request_start","context":{"uri":"/?action=schema&token=eyJhbGciOiJIUzI1NiIsInR5cCI6IkpXVCJ9.eyJzdWIiOiI5MzcxNTE5OTk5Iiwicm9sZSI6InN1cGVyYWRtaW4iLCJuYW1lIjoiU3VwZXIgQWRtaW4iLCJpYXQiOjE3NzYzOTA0OTYsImV4cCI6MTc3NjQxOTI5Nn0.lYUCR4PUL2uU3igif9HD3goDX3jKbhPWsmkhYBmuZyQ","method":"GET","sapi":"cli-server","php_version":"8.1.34"}}
{"time":"2026-04-17 01:48:20","label":"request_start","context":{"uri":"/?action=ensure_qr_sheet&token=eyJhbGciOiJIUzI1NiIsInR5cCI6IkpXVCJ9.eyJzdWIiOiI5MzcxNTE5OTk5Iiwicm9sZSI6InN1cGVyYWRtaW4iLCJuYW1lIjoiU3VwZXIgQWRtaW4iLCJpYXQiOjE3NzYzOTA0OTYsImV4cCI6MTc3NjQxOTI5Nn0.lYUCR4PUL2uU3igif9HD3goDX3jKbhPWsmkhYBmuZyQ","method":"GET","sapi":"cli-server","php_version":"8.1.34"}}
{"time":"2026-04-17 01:48:20","label":"request_start","context":{"uri":"/?action=init_qr_sheet&token=eyJhbGciOiJIUzI1NiIsInR5cCI6IkpXVCJ9.eyJzdWIiOiI5MzcxNTE5OTk5Iiwicm9sZSI6InN1cGVyYWRtaW4iLCJuYW1lIjoiU3VwZXIgQWRtaW4iLCJpYXQiOjE3NzYzOTA0OTYsImV4cCI6MTc3NjQxOTI5Nn0.lYUCR4PUL2uU3igif9HD3goDX3jKbhPWsmkhYBmuZyQ","method":"GET","sapi":"cli-server","php_version":"8.1.34"}}
{"time":"2026-04-17 01:48:20","label":"request_start","context":{"uri":"/?action=create_qr_sheet&token=eyJhbGciOiJIUzI1NiIsInR5cCI6IkpXVCJ9.eyJzdWIiOiI5MzcxNTE5OTk5Iiwicm9sZSI6InN1cGVyYWRtaW4iLCJuYW1lIjoiU3VwZXIgQWRtaW4iLCJpYXQiOjE3NzYzOTA0OTYsImV4cCI6MTc3NjQxOTI5Nn0.lYUCR4PUL2uU3igif9HD3goDX3jKbhPWsmkhYBmuZyQ","method":"GET","sapi":"cli-server","php_version":"8.1.34"}}
{"time":"2026-04-17 01:48:20","label":"request_start","context":{"uri":"/?action=create_test_paid_tx&token=eyJhbGciOiJIUzI1NiIsInR5cCI6IkpXVCJ9.eyJzdWIiOiI5MzcxNTE5OTk5Iiwicm9sZSI6InN1cGVyYWRtaW4iLCJuYW1lIjoiU3VwZXIgQWRtaW4iLCJpYXQiOjE3NzYzOTA0OTYsImV4cCI6MTc3NjQxOTI5Nn0.lYUCR4PUL2uU3igif9HD3goDX3jKbhPWsmkhYBmuZyQ","method":"GET","sapi":"cli-server","php_version":"8.1.34"}}
{"time":"2026-04-17 01:48:20","label":"request_start","context":{"uri":"/?action=seed_test_paid_tx&token=eyJhbGciOiJIUzI1NiIsInR5cCI6IkpXVCJ9.eyJzdWIiOiI5MzcxNTE5OTk5Iiwicm9sZSI6InN1cGVyYWRtaW4iLCJuYW1lIjoiU3VwZXIgQWRtaW4iLCJpYXQiOjE3NzYzOTA0OTYsImV4cCI6MTc3NjQxOTI5Nn0.lYUCR4PUL2uU3igif9HD3goDX3jKbhPWsmkhYBmuZyQ","method":"GET","sapi":"cli-server","php_version":"8.1.34"}}
{"time":"2026-04-17 01:48:20","label":"request_start","context":{"uri":"/?action=download_qr_code&token=eyJhbGciOiJIUzI1NiIsInR5cCI6IkpXVCJ9.eyJzdWIiOiI5MzcxNTE5OTk5Iiwicm9sZSI6InN1cGVyYWRtaW4iLCJuYW1lIjoiU3VwZXIgQWRtaW4iLCJpYXQiOjE3NzYzOTA0OTYsImV4cCI6MTc3NjQxOTI5Nn0.lYUCR4PUL2uU3igif9HD3goDX3jKbhPWsmkhYBmuZyQ","method":"GET","sapi":"cli-server","php_version":"8.1.34"}}
{"time":"2026-04-17 01:48:20","label":"request_start","context":{"uri":"/?action=qr_scan_report_html&token=eyJhbGciOiJIUzI1NiIsInR5cCI6IkpXVCJ9.eyJzdWIiOiI5MzcxNTE5OTk5Iiwicm9sZSI6InN1cGVyYWRtaW4iLCJuYW1lIjoiU3VwZXIgQWRtaW4iLCJpYXQiOjE3NzYzOTA0OTYsImV4cCI6MTc3NjQxOTI5Nn0.lYUCR4PUL2uU3igif9HD3goDX3jKbhPWsmkhYBmuZyQ","method":"GET","sapi":"cli-server","php_version":"8.1.34"}}
{"time":"2026-04-17 01:48:20","label":"request_start","context":{"uri":"/?action=qr-scan-report-html&token=eyJhbGciOiJIUzI1NiIsInR5cCI6IkpXVCJ9.eyJzdWIiOiI5MzcxNTE5OTk5Iiwicm9sZSI6InN1cGVyYWRtaW4iLCJuYW1lIjoiU3VwZXIgQWRtaW4iLCJpYXQiOjE3NzYzOTA0OTYsImV4cCI6MTc3NjQxOTI5Nn0.lYUCR4PUL2uU3igif9HD3goDX3jKbhPWsmkhYBmuZyQ","method":"GET","sapi":"cli-server","php_version":"8.1.34"}}
{"time":"2026-04-17 01:48:20","label":"request_start","context":{"uri":"/?action=migrate_events_sheet_format&token=eyJhbGciOiJIUzI1NiIsInR5cCI6IkpXVCJ9.eyJzdWIiOiI5MzcxNTE5OTk5Iiwicm9sZSI6InN1cGVyYWRtaW4iLCJuYW1lIjoiU3VwZXIgQWRtaW4iLCJpYXQiOjE3NzYzOTA0OTYsImV4cCI6MTc3NjQxOTI5Nn0.lYUCR4PUL2uU3igif9HD3goDX3jKbhPWsmkhYBmuZyQ","method":"GET","sapi":"cli-server","php_version":"8.1.34"}}
{"time":"2026-04-17 01:48:20","label":"request_start","context":{"uri":"/?action=migrate_event_sheet_format&token=eyJhbGciOiJIUzI1NiIsInR5cCI6IkpXVCJ9.eyJzdWIiOiI5MzcxNTE5OTk5Iiwicm9sZSI6InN1cGVyYWRtaW4iLCJuYW1lIjoiU3VwZXIgQWRtaW4iLCJpYXQiOjE3NzYzOTA0OTYsImV4cCI6MTc3NjQxOTI5Nn0.lYUCR4PUL2uU3igif9HD3goDX3jKbhPWsmkhYBmuZyQ","method":"GET","sapi":"cli-server","php_version":"8.1.34"}}
{"time":"2026-04-17 01:48:20","label":"request_start","context":{"uri":"/?action=reset_events_sheet_format&token=eyJhbGciOiJIUzI1NiIsInR5cCI6IkpXVCJ9.eyJzdWIiOiI5MzcxNTE5OTk5Iiwicm9sZSI6InN1cGVyYWRtaW4iLCJuYW1lIjoiU3VwZXIgQWRtaW4iLCJpYXQiOjE3NzYzOTA0OTYsImV4cCI6MTc3NjQxOTI5Nn0.lYUCR4PUL2uU3igif9HD3goDX3jKbhPWsmkhYBmuZyQ","method":"GET","sapi":"cli-server","php_version":"8.1.34"}}
{"time":"2026-04-17 01:48:20","label":"request_start","context":{"uri":"/?action=reset_events_data&token=eyJhbGciOiJIUzI1NiIsInR5cCI6IkpXVCJ9.eyJzdWIiOiI5MzcxNTE5OTk5Iiwicm9sZSI6InN1cGVyYWRtaW4iLCJuYW1lIjoiU3VwZXIgQWRtaW4iLCJpYXQiOjE3NzYzOTA0OTYsImV4cCI6MTc3NjQxOTI5Nn0.lYUCR4PUL2uU3igif9HD3goDX3jKbhPWsmkhYBmuZyQ","method":"GET","sapi":"cli-server","php_version":"8.1.34"}}
{"time":"2026-04-17 01:48:20","label":"request_start","context":{"uri":"/?action=seed_events_sample&token=eyJhbGciOiJIUzI1NiIsInR5cCI6IkpXVCJ9.eyJzdWIiOiI5MzcxNTE5OTk5Iiwicm9sZSI6InN1cGVyYWRtaW4iLCJuYW1lIjoiU3VwZXIgQWRtaW4iLCJpYXQiOjE3NzYzOTA0OTYsImV4cCI6MTc3NjQxOTI5Nn0.lYUCR4PUL2uU3igif9HD3goDX3jKbhPWsmkhYBmuZyQ","method":"GET","sapi":"cli-server","php_version":"8.1.34"}}
{"time":"2026-04-17 01:48:20","label":"request_start","context":{"uri":"/?action=seed_event_sample&token=eyJhbGciOiJIUzI1NiIsInR5cCI6IkpXVCJ9.eyJzdWIiOiI5MzcxNTE5OTk5Iiwicm9sZSI6InN1cGVyYWRtaW4iLCJuYW1lIjoiU3VwZXIgQWRtaW4iLCJpYXQiOjE3NzYzOTA0OTYsImV4cCI6MTc3NjQxOTI5Nn0.lYUCR4PUL2uU3igif9HD3goDX3jKbhPWsmkhYBmuZyQ","method":"GET","sapi":"cli-server","php_version":"8.1.34"}}
{"time":"2026-04-17 01:48:20","label":"request_start","context":{"uri":"/?action=seed_dj_events_apr_2026&token=eyJhbGciOiJIUzI1NiIsInR5cCI6IkpXVCJ9.eyJzdWIiOiI5MzcxNTE5OTk5Iiwicm9sZSI6InN1cGVyYWRtaW4iLCJuYW1lIjoiU3VwZXIgQWRtaW4iLCJpYXQiOjE3NzYzOTA0OTYsImV4cCI6MTc3NjQxOTI5Nn0.lYUCR4PUL2uU3igif9HD3goDX3jKbhPWsmkhYBmuZyQ","method":"GET","sapi":"cli-server","php_version":"8.1.34"}}
{"time":"2026-04-17 01:48:20","label":"request_start","context":{"uri":"/?action=seed_dj_events&token=eyJhbGciOiJIUzI1NiIsInR5cCI6IkpXVCJ9.eyJzdWIiOiI5MzcxNTE5OTk5Iiwicm9sZSI6InN1cGVyYWRtaW4iLCJuYW1lIjoiU3VwZXIgQWRtaW4iLCJpYXQiOjE3NzYzOTA0OTYsImV4cCI6MTc3NjQxOTI5Nn0.lYUCR4PUL2uU3igif9HD3goDX3jKbhPWsmkhYBmuZyQ","method":"GET","sapi":"cli-server","php_version":"8.1.34"}}
{"time":"2026-04-17 01:48:20","label":"request_start","context":{"uri":"/?action=seed_paid_event_sample&token=eyJhbGciOiJIUzI1NiIsInR5cCI6IkpXVCJ9.eyJzdWIiOiI5MzcxNTE5OTk5Iiwicm9sZSI6InN1cGVyYWRtaW4iLCJuYW1lIjoiU3VwZXIgQWRtaW4iLCJpYXQiOjE3NzYzOTA0OTYsImV4cCI6MTc3NjQxOTI5Nn0.lYUCR4PUL2uU3igif9HD3goDX3jKbhPWsmkhYBmuZyQ","method":"GET","sapi":"cli-server","php_version":"8.1.34"}}
{"time":"2026-04-17 01:48:20","label":"request_start","context":{"uri":"/?action=seed_paid_event&token=eyJhbGciOiJIUzI1NiIsInR5cCI6IkpXVCJ9.eyJzdWIiOiI5MzcxNTE5OTk5Iiwicm9sZSI6InN1cGVyYWRtaW4iLCJuYW1lIjoiU3VwZXIgQWRtaW4iLCJpYXQiOjE3NzYzOTA0OTYsImV4cCI6MTc3NjQxOTI5Nn0.lYUCR4PUL2uU3igif9HD3goDX3jKbhPWsmkhYBmuZyQ","method":"GET","sapi":"cli-server","php_version":"8.1.34"}}
{"time":"2026-04-17 01:48:20","label":"request_start","context":{"uri":"/?action=send_test_event_email&token=eyJhbGciOiJIUzI1NiIsInR5cCI6IkpXVCJ9.eyJzdWIiOiI5MzcxNTE5OTk5Iiwicm9sZSI6InN1cGVyYWRtaW4iLCJuYW1lIjoiU3VwZXIgQWRtaW4iLCJpYXQiOjE3NzYzOTA0OTYsImV4cCI6MTc3NjQxOTI5Nn0.lYUCR4PUL2uU3igif9HD3goDX3jKbhPWsmkhYBmuZyQ","method":"GET","sapi":"cli-server","php_version":"8.1.34"}}
{"time":"2026-04-17 01:48:20","label":"request_start","context":{"uri":"/?action=test_event_email&token=eyJhbGciOiJIUzI1NiIsInR5cCI6IkpXVCJ9.eyJzdWIiOiI5MzcxNTE5OTk5Iiwicm9sZSI6InN1cGVyYWRtaW4iLCJuYW1lIjoiU3VwZXIgQWRtaW4iLCJpYXQiOjE3NzYzOTA0OTYsImV4cCI6MTc3NjQxOTI5Nn0.lYUCR4PUL2uU3igif9HD3goDX3jKbhPWsmkhYBmuZyQ","method":"GET","sapi":"cli-server","php_version":"8.1.34"}}
{"time":"2026-04-17 01:48:20","label":"request_start","context":{"uri":"/","method":"POST","sapi":"cli-server","php_version":"8.1.34"}}
{"time":"2026-04-17 01:48:21","label":"request_start","context":{"uri":"/","method":"POST","sapi":"cli-server","php_version":"8.1.34"}}
{"time":"2026-04-17 01:48:21","label":"request_start","context":{"uri":"/","method":"POST","sapi":"cli-server","php_version":"8.1.34"}}
{"time":"2026-04-17 01:48:21","label":"request_start","context":{"uri":"/","method":"POST","sapi":"cli-server","php_version":"8.1.34"}}
{"time":"2026-04-17 01:48:21","label":"request_start","context":{"uri":"/","method":"POST","sapi":"cli-server","php_version":"8.1.34"}}
{"time":"2026-04-17 01:48:21","label":"request_start","context":{"uri":"/","method":"POST","sapi":"cli-server","php_version":"8.1.34"}}
{"time":"2026-04-17 01:48:21","label":"request_start","context":{"uri":"/","method":"POST","sapi":"cli-server","php_version":"8.1.34"}}
{"time":"2026-04-17 01:48:21","label":"request_start","context":{"uri":"/","method":"POST","sapi":"cli-server","php_version":"8.1.34"}}
{"time":"2026-04-17 01:48:21","label":"request_start","context":{"uri":"/?action=events_list&limit=20","method":"GET","sapi":"cli-server","php_version":"8.1.34"}}
{"time":"2026-04-17 01:48:21","label":"request_start","context":{"uri":"/?action=event_popup","method":"GET","sapi":"cli-server","php_version":"8.1.34"}}
{"time":"2026-04-17 01:48:21","label":"request_start","context":{"uri":"/?action=admin_cash_summary&token=eyJhbGciOiJIUzI1NiIsInR5cCI6IkpXVCJ9.eyJzdWIiOiI5MTg3MjE3MjAyMSIsInJvbGUiOiJhZG1pbiIsIm5hbWUiOiJRQSBBZG1pbiIsImlhdCI6MTc3NjM5MDQ5NiwiZXhwIjoxNzc2NDE5Mjk2fQ.3Zvl7DISgFHX_f9mgFXi-ulfD4-VfdIfJLvxTGpK3DA","method":"GET","sapi":"cli-server","php_version":"8.1.34"}}
{"time":"2026-04-17 01:48:21","label":"request_start","context":{"uri":"/","method":"POST","sapi":"cli-server","php_version":"8.1.34"}}
{"time":"2026-04-17 01:48:21","label":"request_start","context":{"uri":"/?action=superadmin_cash_dashboard&token=eyJhbGciOiJIUzI1NiIsInR5cCI6IkpXVCJ9.eyJzdWIiOiI5MzcxNTE5OTk5Iiwicm9sZSI6InN1cGVyYWRtaW4iLCJuYW1lIjoiU3VwZXIgQWRtaW4iLCJpYXQiOjE3NzYzOTA0OTYsImV4cCI6MTc3NjQxOTI5Nn0.lYUCR4PUL2uU3igif9HD3goDX3jKbhPWsmkhYBmuZyQ","method":"GET","sapi":"cli-server","php_version":"8.1.34"}}
{"time":"2026-04-17 01:48:21","label":"request_start","context":{"uri":"/","method":"POST","sapi":"cli-server","php_version":"8.1.34"}}
{"time":"2026-04-17 01:48:21","label":"request_start","context":{"uri":"/","method":"POST","sapi":"cli-server","php_version":"8.1.34"}}
{"time":"2026-04-17 01:48:21","label":"request_start","context":{"uri":"/","method":"POST","sapi":"cli-server","php_version":"8.1.34"}}
{"time":"2026-04-17 01:48:21","label":"request_start","context":{"uri":"/?action=non_existing_action_qa","method":"GET","sapi":"cli-server","php_version":"8.1.34"}}
{"time":"2026-04-17 01:48:21","label":"request_start","context":{"uri":"/","method":"POST","sapi":"cli-server","php_version":"8.1.34"}}
{"time":"2026-04-17 01:48:21","label":"request_start","context":{"uri":"/","method":"POST","sapi":"cli-server","php_version":"8.1.34"}}
{"time":"2026-04-17 01:48:22","label":"request_start","context":{"uri":"/","method":"POST","sapi":"cli-server","php_version":"8.1.34"}}
{"time":"2026-04-17 01:50:27","label":"request_start","context":{"uri":"/?action=auth_bootstrap_status","method":"GET","sapi":"cli-server","php_version":"8.1.34"}}
{"time":"2026-04-17 01:50:27","label":"request_start","context":{"uri":"/","method":"POST","sapi":"cli-server","php_version":"8.1.34"}}
{"time":"2026-04-17 01:50:28","label":"request_start","context":{"uri":"/","method":"POST","sapi":"cli-server","php_version":"8.1.34"}}
{"time":"2026-04-17 01:50:28","label":"request_start","context":{"uri":"/","method":"POST","sapi":"cli-server","php_version":"8.1.34"}}
{"time":"2026-04-17 01:50:28","label":"request_start","context":{"uri":"/","method":"POST","sapi":"cli-server","php_version":"8.1.34"}}
{"time":"2026-04-17 01:50:28","label":"request_start","context":{"uri":"/","method":"POST","sapi":"cli-server","php_version":"8.1.34"}}
{"time":"2026-04-17 01:50:28","label":"request_start","context":{"uri":"/","method":"POST","sapi":"cli-server","php_version":"8.1.34"}}
{"time":"2026-04-17 01:50:29","label":"request_start","context":{"uri":"/","method":"POST","sapi":"cli-server","php_version":"8.1.34"}}
{"time":"2026-04-17 01:50:30","label":"request_start","context":{"uri":"/","method":"POST","sapi":"cli-server","php_version":"8.1.34"}}
{"time":"2026-04-17 01:50:30","label":"request_start","context":{"uri":"/","method":"POST","sapi":"cli-server","php_version":"8.1.34"}}
{"time":"2026-04-17 01:50:30","label":"request_start","context":{"uri":"/","method":"POST","sapi":"cli-server","php_version":"8.1.34"}}
{"time":"2026-04-17 01:50:30","label":"request_start","context":{"uri":"/","method":"POST","sapi":"cli-server","php_version":"8.1.34"}}
{"time":"2026-04-17 01:50:30","label":"request_start","context":{"uri":"/","method":"POST","sapi":"cli-server","php_version":"8.1.34"}}
{"time":"2026-04-17 01:50:30","label":"request_start","context":{"uri":"/","method":"POST","sapi":"cli-server","php_version":"8.1.34"}}
{"time":"2026-04-17 01:50:30","label":"request_start","context":{"uri":"/?action=auth_list_users&token=eyJhbGciOiJIUzI1NiIsInR5cCI6IkpXVCJ9.eyJzdWIiOiI5MzcxNTE5OTk5Iiwicm9sZSI6InN1cGVyYWRtaW4iLCJuYW1lIjoiU3VwZXIgQWRtaW4iLCJpYXQiOjE3NzYzOTA2MjksImV4cCI6MTc3NjQxOTQyOX0.xmUEqSjuZCCswPGtboq8VS32Gc_BzEoek_4MaP_BMSg","method":"GET","sapi":"cli-server","php_version":"8.1.34"}}
{"time":"2026-04-17 01:50:30","label":"request_start","context":{"uri":"/","method":"POST","sapi":"cli-server","php_version":"8.1.34"}}
{"time":"2026-04-17 01:50:31","label":"request_start","context":{"uri":"/","method":"POST","sapi":"cli-server","php_version":"8.1.34"}}
{"time":"2026-04-17 01:50:31","label":"request_start","context":{"uri":"/","method":"POST","sapi":"cli-server","php_version":"8.1.34"}}
{"time":"2026-04-17 01:50:31","label":"request_start","context":{"uri":"/","method":"POST","sapi":"cli-server","php_version":"8.1.34"}}
{"time":"2026-04-17 01:50:31","label":"request_start","context":{"uri":"/","method":"POST","sapi":"cli-server","php_version":"8.1.34"}}
{"time":"2026-04-17 01:50:32","label":"request_start","context":{"uri":"/","method":"POST","sapi":"cli-server","php_version":"8.1.34"}}
{"time":"2026-04-17 01:50:32","label":"request_start","context":{"uri":"/","method":"POST","sapi":"cli-server","php_version":"8.1.34"}}
{"time":"2026-04-17 01:50:32","label":"request_start","context":{"uri":"/","method":"POST","sapi":"cli-server","php_version":"8.1.34"}}
{"time":"2026-04-17 01:50:32","label":"request_start","context":{"uri":"/","method":"POST","sapi":"cli-server","php_version":"8.1.34"}}
{"time":"2026-04-17 01:50:32","label":"request_start","context":{"uri":"/","method":"POST","sapi":"cli-server","php_version":"8.1.34"}}
{"time":"2026-04-17 01:50:32","label":"request_start","context":{"uri":"/","method":"POST","sapi":"cli-server","php_version":"8.1.34"}}
{"time":"2026-04-17 01:50:32","label":"request_start","context":{"uri":"/","method":"POST","sapi":"cli-server","php_version":"8.1.34"}}
{"time":"2026-04-17 01:50:33","label":"request_start","context":{"uri":"/","method":"POST","sapi":"cli-server","php_version":"8.1.34"}}
{"time":"2026-04-17 01:50:33","label":"request_start","context":{"uri":"/?action=&tab=AWGNK%20MENU&shape=grid","method":"GET","sapi":"cli-server","php_version":"8.1.34"}}
{"time":"2026-04-17 01:50:33","label":"request_start","context":{"uri":"/?action=&tab=BAR%20MENU%20NK&shape=grid","method":"GET","sapi":"cli-server","php_version":"8.1.34"}}
{"time":"2026-04-17 01:50:33","label":"request_start","context":{"uri":"/","method":"POST","sapi":"cli-server","php_version":"8.1.34"}}
{"time":"2026-04-17 01:50:33","label":"request_start","context":{"uri":"/?action=verify&phone=9964576575&token=eyJhbGciOiJIUzI1NiIsInR5cCI6IkpXVCJ9.eyJzdWIiOiI5MTUwNTg5ODYyNyIsInJvbGUiOiJhZG1pbiIsIm5hbWUiOiJRQSBBZG1pbiIsImlhdCI6MTc3NjM5MDYzMCwiZXhwIjoxNzc2NDE5NDMwfQ.M2MdccrdFwpGkijGNC6xACFCI4PaLINO_h3H8UqAhqo","method":"GET","sapi":"cli-server","php_version":"8.1.34"}}
{"time":"2026-04-17 01:50:33","label":"request_start","context":{"uri":"/?action=regen_coupon&phone=9964576575&token=eyJhbGciOiJIUzI1NiIsInR5cCI6IkpXVCJ9.eyJzdWIiOiI5MTUwNTg5ODYyNyIsInJvbGUiOiJhZG1pbiIsIm5hbWUiOiJRQSBBZG1pbiIsImlhdCI6MTc3NjM5MDYzMCwiZXhwIjoxNzc2NDE5NDMwfQ.M2MdccrdFwpGkijGNC6xACFCI4PaLINO_h3H8UqAhqo","method":"GET","sapi":"cli-server","php_version":"8.1.34"}}
{"time":"2026-04-17 01:50:33","label":"request_start","context":{"uri":"/?action=redeem&phone=9964576575&token=eyJhbGciOiJIUzI1NiIsInR5cCI6IkpXVCJ9.eyJzdWIiOiI5MTUwNTg5ODYyNyIsInJvbGUiOiJhZG1pbiIsIm5hbWUiOiJRQSBBZG1pbiIsImlhdCI6MTc3NjM5MDYzMCwiZXhwIjoxNzc2NDE5NDMwfQ.M2MdccrdFwpGkijGNC6xACFCI4PaLINO_h3H8UqAhqo","method":"GET","sapi":"cli-server","php_version":"8.1.34"}}
{"time":"2026-04-17 01:50:33","label":"request_start","context":{"uri":"/?action=counter","method":"GET","sapi":"cli-server","php_version":"8.1.34"}}
{"time":"2026-04-17 01:50:33","label":"request_start","context":{"uri":"/","method":"POST","sapi":"cli-server","php_version":"8.1.34"}}
{"time":"2026-04-17 01:50:34","label":"request_start","context":{"uri":"/?action=qr_report&token=eyJhbGciOiJIUzI1NiIsInR5cCI6IkpXVCJ9.eyJzdWIiOiI5MTUwNTg5ODYyNyIsInJvbGUiOiJhZG1pbiIsIm5hbWUiOiJRQSBBZG1pbiIsImlhdCI6MTc3NjM5MDYzMCwiZXhwIjoxNzc2NDE5NDMwfQ.M2MdccrdFwpGkijGNC6xACFCI4PaLINO_h3H8UqAhqo","method":"GET","sapi":"cli-server","php_version":"8.1.34"}}
{"time":"2026-04-17 01:50:34","label":"request_start","context":{"uri":"/?action=init_schema&token=eyJhbGciOiJIUzI1NiIsInR5cCI6IkpXVCJ9.eyJzdWIiOiI5MzcxNTE5OTk5Iiwicm9sZSI6InN1cGVyYWRtaW4iLCJuYW1lIjoiU3VwZXIgQWRtaW4iLCJpYXQiOjE3NzYzOTA2MjksImV4cCI6MTc3NjQxOTQyOX0.xmUEqSjuZCCswPGtboq8VS32Gc_BzEoek_4MaP_BMSg","method":"GET","sapi":"cli-server","php_version":"8.1.34"}}
{"time":"2026-04-17 01:50:34","label":"request_start","context":{"uri":"/?action=schema&token=eyJhbGciOiJIUzI1NiIsInR5cCI6IkpXVCJ9.eyJzdWIiOiI5MzcxNTE5OTk5Iiwicm9sZSI6InN1cGVyYWRtaW4iLCJuYW1lIjoiU3VwZXIgQWRtaW4iLCJpYXQiOjE3NzYzOTA2MjksImV4cCI6MTc3NjQxOTQyOX0.xmUEqSjuZCCswPGtboq8VS32Gc_BzEoek_4MaP_BMSg","method":"GET","sapi":"cli-server","php_version":"8.1.34"}}
{"time":"2026-04-17 01:50:34","label":"request_start","context":{"uri":"/?action=ensure_qr_sheet&token=eyJhbGciOiJIUzI1NiIsInR5cCI6IkpXVCJ9.eyJzdWIiOiI5MzcxNTE5OTk5Iiwicm9sZSI6InN1cGVyYWRtaW4iLCJuYW1lIjoiU3VwZXIgQWRtaW4iLCJpYXQiOjE3NzYzOTA2MjksImV4cCI6MTc3NjQxOTQyOX0.xmUEqSjuZCCswPGtboq8VS32Gc_BzEoek_4MaP_BMSg","method":"GET","sapi":"cli-server","php_version":"8.1.34"}}
{"time":"2026-04-17 01:50:34","label":"request_start","context":{"uri":"/?action=init_qr_sheet&token=eyJhbGciOiJIUzI1NiIsInR5cCI6IkpXVCJ9.eyJzdWIiOiI5MzcxNTE5OTk5Iiwicm9sZSI6InN1cGVyYWRtaW4iLCJuYW1lIjoiU3VwZXIgQWRtaW4iLCJpYXQiOjE3NzYzOTA2MjksImV4cCI6MTc3NjQxOTQyOX0.xmUEqSjuZCCswPGtboq8VS32Gc_BzEoek_4MaP_BMSg","method":"GET","sapi":"cli-server","php_version":"8.1.34"}}
{"time":"2026-04-17 01:50:34","label":"request_start","context":{"uri":"/?action=create_qr_sheet&token=eyJhbGciOiJIUzI1NiIsInR5cCI6IkpXVCJ9.eyJzdWIiOiI5MzcxNTE5OTk5Iiwicm9sZSI6InN1cGVyYWRtaW4iLCJuYW1lIjoiU3VwZXIgQWRtaW4iLCJpYXQiOjE3NzYzOTA2MjksImV4cCI6MTc3NjQxOTQyOX0.xmUEqSjuZCCswPGtboq8VS32Gc_BzEoek_4MaP_BMSg","method":"GET","sapi":"cli-server","php_version":"8.1.34"}}
{"time":"2026-04-17 01:50:34","label":"request_start","context":{"uri":"/?action=create_test_paid_tx&token=eyJhbGciOiJIUzI1NiIsInR5cCI6IkpXVCJ9.eyJzdWIiOiI5MzcxNTE5OTk5Iiwicm9sZSI6InN1cGVyYWRtaW4iLCJuYW1lIjoiU3VwZXIgQWRtaW4iLCJpYXQiOjE3NzYzOTA2MjksImV4cCI6MTc3NjQxOTQyOX0.xmUEqSjuZCCswPGtboq8VS32Gc_BzEoek_4MaP_BMSg","method":"GET","sapi":"cli-server","php_version":"8.1.34"}}
{"time":"2026-04-17 01:50:34","label":"request_start","context":{"uri":"/?action=seed_test_paid_tx&token=eyJhbGciOiJIUzI1NiIsInR5cCI6IkpXVCJ9.eyJzdWIiOiI5MzcxNTE5OTk5Iiwicm9sZSI6InN1cGVyYWRtaW4iLCJuYW1lIjoiU3VwZXIgQWRtaW4iLCJpYXQiOjE3NzYzOTA2MjksImV4cCI6MTc3NjQxOTQyOX0.xmUEqSjuZCCswPGtboq8VS32Gc_BzEoek_4MaP_BMSg","method":"GET","sapi":"cli-server","php_version":"8.1.34"}}
{"time":"2026-04-17 01:50:34","label":"request_start","context":{"uri":"/?action=download_qr_code&token=eyJhbGciOiJIUzI1NiIsInR5cCI6IkpXVCJ9.eyJzdWIiOiI5MzcxNTE5OTk5Iiwicm9sZSI6InN1cGVyYWRtaW4iLCJuYW1lIjoiU3VwZXIgQWRtaW4iLCJpYXQiOjE3NzYzOTA2MjksImV4cCI6MTc3NjQxOTQyOX0.xmUEqSjuZCCswPGtboq8VS32Gc_BzEoek_4MaP_BMSg","method":"GET","sapi":"cli-server","php_version":"8.1.34"}}
{"time":"2026-04-17 01:50:34","label":"request_start","context":{"uri":"/?action=qr_scan_report_html&token=eyJhbGciOiJIUzI1NiIsInR5cCI6IkpXVCJ9.eyJzdWIiOiI5MzcxNTE5OTk5Iiwicm9sZSI6InN1cGVyYWRtaW4iLCJuYW1lIjoiU3VwZXIgQWRtaW4iLCJpYXQiOjE3NzYzOTA2MjksImV4cCI6MTc3NjQxOTQyOX0.xmUEqSjuZCCswPGtboq8VS32Gc_BzEoek_4MaP_BMSg","method":"GET","sapi":"cli-server","php_version":"8.1.34"}}
{"time":"2026-04-17 01:50:34","label":"request_start","context":{"uri":"/?action=qr-scan-report-html&token=eyJhbGciOiJIUzI1NiIsInR5cCI6IkpXVCJ9.eyJzdWIiOiI5MzcxNTE5OTk5Iiwicm9sZSI6InN1cGVyYWRtaW4iLCJuYW1lIjoiU3VwZXIgQWRtaW4iLCJpYXQiOjE3NzYzOTA2MjksImV4cCI6MTc3NjQxOTQyOX0.xmUEqSjuZCCswPGtboq8VS32Gc_BzEoek_4MaP_BMSg","method":"GET","sapi":"cli-server","php_version":"8.1.34"}}
{"time":"2026-04-17 01:50:34","label":"request_start","context":{"uri":"/?action=migrate_events_sheet_format&token=eyJhbGciOiJIUzI1NiIsInR5cCI6IkpXVCJ9.eyJzdWIiOiI5MzcxNTE5OTk5Iiwicm9sZSI6InN1cGVyYWRtaW4iLCJuYW1lIjoiU3VwZXIgQWRtaW4iLCJpYXQiOjE3NzYzOTA2MjksImV4cCI6MTc3NjQxOTQyOX0.xmUEqSjuZCCswPGtboq8VS32Gc_BzEoek_4MaP_BMSg","method":"GET","sapi":"cli-server","php_version":"8.1.34"}}
{"time":"2026-04-17 01:50:34","label":"request_start","context":{"uri":"/?action=migrate_event_sheet_format&token=eyJhbGciOiJIUzI1NiIsInR5cCI6IkpXVCJ9.eyJzdWIiOiI5MzcxNTE5OTk5Iiwicm9sZSI6InN1cGVyYWRtaW4iLCJuYW1lIjoiU3VwZXIgQWRtaW4iLCJpYXQiOjE3NzYzOTA2MjksImV4cCI6MTc3NjQxOTQyOX0.xmUEqSjuZCCswPGtboq8VS32Gc_BzEoek_4MaP_BMSg","method":"GET","sapi":"cli-server","php_version":"8.1.34"}}
{"time":"2026-04-17 01:50:34","label":"request_start","context":{"uri":"/?action=reset_events_sheet_format&token=eyJhbGciOiJIUzI1NiIsInR5cCI6IkpXVCJ9.eyJzdWIiOiI5MzcxNTE5OTk5Iiwicm9sZSI6InN1cGVyYWRtaW4iLCJuYW1lIjoiU3VwZXIgQWRtaW4iLCJpYXQiOjE3NzYzOTA2MjksImV4cCI6MTc3NjQxOTQyOX0.xmUEqSjuZCCswPGtboq8VS32Gc_BzEoek_4MaP_BMSg","method":"GET","sapi":"cli-server","php_version":"8.1.34"}}
{"time":"2026-04-17 01:50:34","label":"request_start","context":{"uri":"/?action=reset_events_data&token=eyJhbGciOiJIUzI1NiIsInR5cCI6IkpXVCJ9.eyJzdWIiOiI5MzcxNTE5OTk5Iiwicm9sZSI6InN1cGVyYWRtaW4iLCJuYW1lIjoiU3VwZXIgQWRtaW4iLCJpYXQiOjE3NzYzOTA2MjksImV4cCI6MTc3NjQxOTQyOX0.xmUEqSjuZCCswPGtboq8VS32Gc_BzEoek_4MaP_BMSg","method":"GET","sapi":"cli-server","php_version":"8.1.34"}}
{"time":"2026-04-17 01:50:34","label":"request_start","context":{"uri":"/?action=seed_events_sample&token=eyJhbGciOiJIUzI1NiIsInR5cCI6IkpXVCJ9.eyJzdWIiOiI5MzcxNTE5OTk5Iiwicm9sZSI6InN1cGVyYWRtaW4iLCJuYW1lIjoiU3VwZXIgQWRtaW4iLCJpYXQiOjE3NzYzOTA2MjksImV4cCI6MTc3NjQxOTQyOX0.xmUEqSjuZCCswPGtboq8VS32Gc_BzEoek_4MaP_BMSg","method":"GET","sapi":"cli-server","php_version":"8.1.34"}}
{"time":"2026-04-17 01:50:34","label":"request_start","context":{"uri":"/?action=seed_event_sample&token=eyJhbGciOiJIUzI1NiIsInR5cCI6IkpXVCJ9.eyJzdWIiOiI5MzcxNTE5OTk5Iiwicm9sZSI6InN1cGVyYWRtaW4iLCJuYW1lIjoiU3VwZXIgQWRtaW4iLCJpYXQiOjE3NzYzOTA2MjksImV4cCI6MTc3NjQxOTQyOX0.xmUEqSjuZCCswPGtboq8VS32Gc_BzEoek_4MaP_BMSg","method":"GET","sapi":"cli-server","php_version":"8.1.34"}}
{"time":"2026-04-17 01:50:34","label":"request_start","context":{"uri":"/?action=seed_dj_events_apr_2026&token=eyJhbGciOiJIUzI1NiIsInR5cCI6IkpXVCJ9.eyJzdWIiOiI5MzcxNTE5OTk5Iiwicm9sZSI6InN1cGVyYWRtaW4iLCJuYW1lIjoiU3VwZXIgQWRtaW4iLCJpYXQiOjE3NzYzOTA2MjksImV4cCI6MTc3NjQxOTQyOX0.xmUEqSjuZCCswPGtboq8VS32Gc_BzEoek_4MaP_BMSg","method":"GET","sapi":"cli-server","php_version":"8.1.34"}}
{"time":"2026-04-17 01:50:34","label":"request_start","context":{"uri":"/?action=seed_dj_events&token=eyJhbGciOiJIUzI1NiIsInR5cCI6IkpXVCJ9.eyJzdWIiOiI5MzcxNTE5OTk5Iiwicm9sZSI6InN1cGVyYWRtaW4iLCJuYW1lIjoiU3VwZXIgQWRtaW4iLCJpYXQiOjE3NzYzOTA2MjksImV4cCI6MTc3NjQxOTQyOX0.xmUEqSjuZCCswPGtboq8VS32Gc_BzEoek_4MaP_BMSg","method":"GET","sapi":"cli-server","php_version":"8.1.34"}}
{"time":"2026-04-17 01:50:34","label":"request_start","context":{"uri":"/?action=seed_paid_event_sample&token=eyJhbGciOiJIUzI1NiIsInR5cCI6IkpXVCJ9.eyJzdWIiOiI5MzcxNTE5OTk5Iiwicm9sZSI6InN1cGVyYWRtaW4iLCJuYW1lIjoiU3VwZXIgQWRtaW4iLCJpYXQiOjE3NzYzOTA2MjksImV4cCI6MTc3NjQxOTQyOX0.xmUEqSjuZCCswPGtboq8VS32Gc_BzEoek_4MaP_BMSg","method":"GET","sapi":"cli-server","php_version":"8.1.34"}}
{"time":"2026-04-17 01:50:34","label":"request_start","context":{"uri":"/?action=seed_paid_event&token=eyJhbGciOiJIUzI1NiIsInR5cCI6IkpXVCJ9.eyJzdWIiOiI5MzcxNTE5OTk5Iiwicm9sZSI6InN1cGVyYWRtaW4iLCJuYW1lIjoiU3VwZXIgQWRtaW4iLCJpYXQiOjE3NzYzOTA2MjksImV4cCI6MTc3NjQxOTQyOX0.xmUEqSjuZCCswPGtboq8VS32Gc_BzEoek_4MaP_BMSg","method":"GET","sapi":"cli-server","php_version":"8.1.34"}}
{"time":"2026-04-17 01:50:34","label":"request_start","context":{"uri":"/?action=send_test_event_email&token=eyJhbGciOiJIUzI1NiIsInR5cCI6IkpXVCJ9.eyJzdWIiOiI5MzcxNTE5OTk5Iiwicm9sZSI6InN1cGVyYWRtaW4iLCJuYW1lIjoiU3VwZXIgQWRtaW4iLCJpYXQiOjE3NzYzOTA2MjksImV4cCI6MTc3NjQxOTQyOX0.xmUEqSjuZCCswPGtboq8VS32Gc_BzEoek_4MaP_BMSg","method":"GET","sapi":"cli-server","php_version":"8.1.34"}}
{"time":"2026-04-17 01:50:34","label":"request_start","context":{"uri":"/?action=test_event_email&token=eyJhbGciOiJIUzI1NiIsInR5cCI6IkpXVCJ9.eyJzdWIiOiI5MzcxNTE5OTk5Iiwicm9sZSI6InN1cGVyYWRtaW4iLCJuYW1lIjoiU3VwZXIgQWRtaW4iLCJpYXQiOjE3NzYzOTA2MjksImV4cCI6MTc3NjQxOTQyOX0.xmUEqSjuZCCswPGtboq8VS32Gc_BzEoek_4MaP_BMSg","method":"GET","sapi":"cli-server","php_version":"8.1.34"}}
{"time":"2026-04-17 01:50:34","label":"request_start","context":{"uri":"/","method":"POST","sapi":"cli-server","php_version":"8.1.34"}}
{"time":"2026-04-17 01:50:34","label":"request_start","context":{"uri":"/","method":"POST","sapi":"cli-server","php_version":"8.1.34"}}
{"time":"2026-04-17 01:50:34","label":"request_start","context":{"uri":"/","method":"POST","sapi":"cli-server","php_version":"8.1.34"}}
{"time":"2026-04-17 01:50:35","label":"request_start","context":{"uri":"/","method":"POST","sapi":"cli-server","php_version":"8.1.34"}}
{"time":"2026-04-17 01:50:35","label":"request_start","context":{"uri":"/","method":"POST","sapi":"cli-server","php_version":"8.1.34"}}
{"time":"2026-04-17 01:50:35","label":"request_start","context":{"uri":"/","method":"POST","sapi":"cli-server","php_version":"8.1.34"}}
{"time":"2026-04-17 01:50:35","label":"request_start","context":{"uri":"/","method":"POST","sapi":"cli-server","php_version":"8.1.34"}}
{"time":"2026-04-17 01:50:35","label":"request_start","context":{"uri":"/","method":"POST","sapi":"cli-server","php_version":"8.1.34"}}
{"time":"2026-04-17 01:50:35","label":"request_start","context":{"uri":"/?action=events_list&limit=20","method":"GET","sapi":"cli-server","php_version":"8.1.34"}}
{"time":"2026-04-17 01:50:35","label":"request_start","context":{"uri":"/?action=event_popup","method":"GET","sapi":"cli-server","php_version":"8.1.34"}}
{"time":"2026-04-17 01:50:35","label":"request_start","context":{"uri":"/?action=admin_cash_summary&token=eyJhbGciOiJIUzI1NiIsInR5cCI6IkpXVCJ9.eyJzdWIiOiI5MTUwNTg5ODYyNyIsInJvbGUiOiJhZG1pbiIsIm5hbWUiOiJRQSBBZG1pbiIsImlhdCI6MTc3NjM5MDYzMCwiZXhwIjoxNzc2NDE5NDMwfQ.M2MdccrdFwpGkijGNC6xACFCI4PaLINO_h3H8UqAhqo","method":"GET","sapi":"cli-server","php_version":"8.1.34"}}
{"time":"2026-04-17 01:50:35","label":"request_start","context":{"uri":"/","method":"POST","sapi":"cli-server","php_version":"8.1.34"}}
{"time":"2026-04-17 01:50:35","label":"request_start","context":{"uri":"/","method":"POST","sapi":"cli-server","php_version":"8.1.34"}}
{"time":"2026-04-17 01:50:35","label":"request_start","context":{"uri":"/","method":"POST","sapi":"cli-server","php_version":"8.1.34"}}
{"time":"2026-04-17 01:50:35","label":"request_start","context":{"uri":"/?action=superadmin_cash_dashboard&token=eyJhbGciOiJIUzI1NiIsInR5cCI6IkpXVCJ9.eyJzdWIiOiI5MzcxNTE5OTk5Iiwicm9sZSI6InN1cGVyYWRtaW4iLCJuYW1lIjoiU3VwZXIgQWRtaW4iLCJpYXQiOjE3NzYzOTA2MjksImV4cCI6MTc3NjQxOTQyOX0.xmUEqSjuZCCswPGtboq8VS32Gc_BzEoek_4MaP_BMSg","method":"GET","sapi":"cli-server","php_version":"8.1.34"}}
{"time":"2026-04-17 01:50:36","label":"request_start","context":{"uri":"/","method":"POST","sapi":"cli-server","php_version":"8.1.34"}}
{"time":"2026-04-17 01:50:36","label":"request_start","context":{"uri":"/","method":"POST","sapi":"cli-server","php_version":"8.1.34"}}
{"time":"2026-04-17 01:50:36","label":"request_start","context":{"uri":"/","method":"POST","sapi":"cli-server","php_version":"8.1.34"}}
{"time":"2026-04-17 01:50:36","label":"request_start","context":{"uri":"/?action=non_existing_action_qa","method":"GET","sapi":"cli-server","php_version":"8.1.34"}}
{"time":"2026-04-17 01:50:36","label":"request_start","context":{"uri":"/","method":"POST","sapi":"cli-server","php_version":"8.1.34"}}
{"time":"2026-04-17 01:50:36","label":"request_start","context":{"uri":"/","method":"POST","sapi":"cli-server","php_version":"8.1.34"}}
{"time":"2026-04-17 01:50:36","label":"request_start","context":{"uri":"/","method":"POST","sapi":"cli-server","php_version":"8.1.34"}}
{"time":"2026-04-17 01:51:26","label":"request_start","context":{"uri":"/?action=auth_bootstrap_status","method":"GET","sapi":"cli-server","php_version":"8.1.34"}}
{"time":"2026-04-17 01:51:26","label":"request_start","context":{"uri":"/","method":"POST","sapi":"cli-server","php_version":"8.1.34"}}
{"time":"2026-04-17 01:51:26","label":"request_start","context":{"uri":"/","method":"POST","sapi":"cli-server","php_version":"8.1.34"}}
{"time":"2026-04-17 01:51:26","label":"request_start","context":{"uri":"/","method":"POST","sapi":"cli-server","php_version":"8.1.34"}}
{"time":"2026-04-17 01:51:26","label":"request_start","context":{"uri":"/","method":"POST","sapi":"cli-server","php_version":"8.1.34"}}
{"time":"2026-04-17 01:51:26","label":"request_start","context":{"uri":"/","method":"POST","sapi":"cli-server","php_version":"8.1.34"}}
{"time":"2026-04-17 01:51:27","label":"request_start","context":{"uri":"/","method":"POST","sapi":"cli-server","php_version":"8.1.34"}}
{"time":"2026-04-17 01:51:27","label":"request_start","context":{"uri":"/","method":"POST","sapi":"cli-server","php_version":"8.1.34"}}
{"time":"2026-04-17 01:51:27","label":"request_start","context":{"uri":"/","method":"POST","sapi":"cli-server","php_version":"8.1.34"}}
{"time":"2026-04-17 01:51:27","label":"request_start","context":{"uri":"/","method":"POST","sapi":"cli-server","php_version":"8.1.34"}}
{"time":"2026-04-17 01:51:27","label":"request_start","context":{"uri":"/","method":"POST","sapi":"cli-server","php_version":"8.1.34"}}
{"time":"2026-04-17 01:51:27","label":"request_start","context":{"uri":"/","method":"POST","sapi":"cli-server","php_version":"8.1.34"}}
{"time":"2026-04-17 01:51:28","label":"request_start","context":{"uri":"/?action=auth_list_users&token=eyJhbGciOiJIUzI1NiIsInR5cCI6IkpXVCJ9.eyJzdWIiOiI5MzcxNTE5OTk5Iiwicm9sZSI6InN1cGVyYWRtaW4iLCJuYW1lIjoiU3VwZXIgQWRtaW4iLCJpYXQiOjE3NzYzOTA2ODcsImV4cCI6MTc3NjQxOTQ4N30.AY9d_GWcwlv90BV43p3KpvEGhH2DEGc4qM_sBa1fEVs","method":"GET","sapi":"cli-server","php_version":"8.1.34"}}
{"time":"2026-04-17 01:51:28","label":"request_start","context":{"uri":"/","method":"POST","sapi":"cli-server","php_version":"8.1.34"}}
{"time":"2026-04-17 01:51:28","label":"request_start","context":{"uri":"/","method":"POST","sapi":"cli-server","php_version":"8.1.34"}}
{"time":"2026-04-17 01:51:28","label":"request_start","context":{"uri":"/","method":"POST","sapi":"cli-server","php_version":"8.1.34"}}
{"time":"2026-04-17 01:51:28","label":"request_start","context":{"uri":"/","method":"POST","sapi":"cli-server","php_version":"8.1.34"}}
{"time":"2026-04-17 01:51:28","label":"request_start","context":{"uri":"/","method":"POST","sapi":"cli-server","php_version":"8.1.34"}}
{"time":"2026-04-17 01:51:29","label":"request_start","context":{"uri":"/","method":"POST","sapi":"cli-server","php_version":"8.1.34"}}
{"time":"2026-04-17 01:51:29","label":"request_start","context":{"uri":"/","method":"POST","sapi":"cli-server","php_version":"8.1.34"}}
{"time":"2026-04-17 01:51:29","label":"request_start","context":{"uri":"/","method":"POST","sapi":"cli-server","php_version":"8.1.34"}}
{"time":"2026-04-17 01:51:29","label":"request_start","context":{"uri":"/","method":"POST","sapi":"cli-server","php_version":"8.1.34"}}
{"time":"2026-04-17 01:51:29","label":"request_start","context":{"uri":"/","method":"POST","sapi":"cli-server","php_version":"8.1.34"}}
{"time":"2026-04-17 01:51:29","label":"request_start","context":{"uri":"/","method":"POST","sapi":"cli-server","php_version":"8.1.34"}}
{"time":"2026-04-17 01:51:30","label":"request_start","context":{"uri":"/","method":"POST","sapi":"cli-server","php_version":"8.1.34"}}
{"time":"2026-04-17 01:51:30","label":"request_start","context":{"uri":"/","method":"POST","sapi":"cli-server","php_version":"8.1.34"}}
{"time":"2026-04-17 01:51:30","label":"request_start","context":{"uri":"/?action=&tab=AWGNK%20MENU&shape=grid","method":"GET","sapi":"cli-server","php_version":"8.1.34"}}
{"time":"2026-04-17 01:51:30","label":"request_start","context":{"uri":"/?action=&tab=BAR%20MENU%20NK&shape=grid","method":"GET","sapi":"cli-server","php_version":"8.1.34"}}
{"time":"2026-04-17 01:51:30","label":"request_start","context":{"uri":"/","method":"POST","sapi":"cli-server","php_version":"8.1.34"}}
{"time":"2026-04-17 01:51:30","label":"request_start","context":{"uri":"/?action=verify&phone=8827721370&token=eyJhbGciOiJIUzI1NiIsInR5cCI6IkpXVCJ9.eyJzdWIiOiI5MTcyNjgxMTk2MSIsInJvbGUiOiJhZG1pbiIsIm5hbWUiOiJRQSBBZG1pbiIsImlhdCI6MTc3NjM5MDY4NywiZXhwIjoxNzc2NDE5NDg3fQ.kxAMlKf4yxil5uLLkIsWL9qIGEIdYLHnHcImGjE2Nho","method":"GET","sapi":"cli-server","php_version":"8.1.34"}}
{"time":"2026-04-17 01:51:30","label":"request_start","context":{"uri":"/?action=regen_coupon&phone=8827721370&token=eyJhbGciOiJIUzI1NiIsInR5cCI6IkpXVCJ9.eyJzdWIiOiI5MTcyNjgxMTk2MSIsInJvbGUiOiJhZG1pbiIsIm5hbWUiOiJRQSBBZG1pbiIsImlhdCI6MTc3NjM5MDY4NywiZXhwIjoxNzc2NDE5NDg3fQ.kxAMlKf4yxil5uLLkIsWL9qIGEIdYLHnHcImGjE2Nho","method":"GET","sapi":"cli-server","php_version":"8.1.34"}}
{"time":"2026-04-17 01:51:30","label":"request_start","context":{"uri":"/?action=redeem&phone=8827721370&token=eyJhbGciOiJIUzI1NiIsInR5cCI6IkpXVCJ9.eyJzdWIiOiI5MTcyNjgxMTk2MSIsInJvbGUiOiJhZG1pbiIsIm5hbWUiOiJRQSBBZG1pbiIsImlhdCI6MTc3NjM5MDY4NywiZXhwIjoxNzc2NDE5NDg3fQ.kxAMlKf4yxil5uLLkIsWL9qIGEIdYLHnHcImGjE2Nho","method":"GET","sapi":"cli-server","php_version":"8.1.34"}}
{"time":"2026-04-17 01:51:31","label":"request_start","context":{"uri":"/?action=counter","method":"GET","sapi":"cli-server","php_version":"8.1.34"}}
{"time":"2026-04-17 01:51:31","label":"request_start","context":{"uri":"/","method":"POST","sapi":"cli-server","php_version":"8.1.34"}}
{"time":"2026-04-17 01:51:31","label":"request_start","context":{"uri":"/?action=qr_report&token=eyJhbGciOiJIUzI1NiIsInR5cCI6IkpXVCJ9.eyJzdWIiOiI5MTcyNjgxMTk2MSIsInJvbGUiOiJhZG1pbiIsIm5hbWUiOiJRQSBBZG1pbiIsImlhdCI6MTc3NjM5MDY4NywiZXhwIjoxNzc2NDE5NDg3fQ.kxAMlKf4yxil5uLLkIsWL9qIGEIdYLHnHcImGjE2Nho","method":"GET","sapi":"cli-server","php_version":"8.1.34"}}
{"time":"2026-04-17 01:51:31","label":"request_start","context":{"uri":"/?action=init_schema&token=eyJhbGciOiJIUzI1NiIsInR5cCI6IkpXVCJ9.eyJzdWIiOiI5MzcxNTE5OTk5Iiwicm9sZSI6InN1cGVyYWRtaW4iLCJuYW1lIjoiU3VwZXIgQWRtaW4iLCJpYXQiOjE3NzYzOTA2ODcsImV4cCI6MTc3NjQxOTQ4N30.AY9d_GWcwlv90BV43p3KpvEGhH2DEGc4qM_sBa1fEVs","method":"GET","sapi":"cli-server","php_version":"8.1.34"}}
{"time":"2026-04-17 01:51:31","label":"request_start","context":{"uri":"/?action=schema&token=eyJhbGciOiJIUzI1NiIsInR5cCI6IkpXVCJ9.eyJzdWIiOiI5MzcxNTE5OTk5Iiwicm9sZSI6InN1cGVyYWRtaW4iLCJuYW1lIjoiU3VwZXIgQWRtaW4iLCJpYXQiOjE3NzYzOTA2ODcsImV4cCI6MTc3NjQxOTQ4N30.AY9d_GWcwlv90BV43p3KpvEGhH2DEGc4qM_sBa1fEVs","method":"GET","sapi":"cli-server","php_version":"8.1.34"}}
{"time":"2026-04-17 01:51:31","label":"request_start","context":{"uri":"/?action=ensure_qr_sheet&token=eyJhbGciOiJIUzI1NiIsInR5cCI6IkpXVCJ9.eyJzdWIiOiI5MzcxNTE5OTk5Iiwicm9sZSI6InN1cGVyYWRtaW4iLCJuYW1lIjoiU3VwZXIgQWRtaW4iLCJpYXQiOjE3NzYzOTA2ODcsImV4cCI6MTc3NjQxOTQ4N30.AY9d_GWcwlv90BV43p3KpvEGhH2DEGc4qM_sBa1fEVs","method":"GET","sapi":"cli-server","php_version":"8.1.34"}}
{"time":"2026-04-17 01:51:31","label":"request_start","context":{"uri":"/?action=init_qr_sheet&token=eyJhbGciOiJIUzI1NiIsInR5cCI6IkpXVCJ9.eyJzdWIiOiI5MzcxNTE5OTk5Iiwicm9sZSI6InN1cGVyYWRtaW4iLCJuYW1lIjoiU3VwZXIgQWRtaW4iLCJpYXQiOjE3NzYzOTA2ODcsImV4cCI6MTc3NjQxOTQ4N30.AY9d_GWcwlv90BV43p3KpvEGhH2DEGc4qM_sBa1fEVs","method":"GET","sapi":"cli-server","php_version":"8.1.34"}}
{"time":"2026-04-17 01:51:31","label":"request_start","context":{"uri":"/?action=create_qr_sheet&token=eyJhbGciOiJIUzI1NiIsInR5cCI6IkpXVCJ9.eyJzdWIiOiI5MzcxNTE5OTk5Iiwicm9sZSI6InN1cGVyYWRtaW4iLCJuYW1lIjoiU3VwZXIgQWRtaW4iLCJpYXQiOjE3NzYzOTA2ODcsImV4cCI6MTc3NjQxOTQ4N30.AY9d_GWcwlv90BV43p3KpvEGhH2DEGc4qM_sBa1fEVs","method":"GET","sapi":"cli-server","php_version":"8.1.34"}}
{"time":"2026-04-17 01:51:31","label":"request_start","context":{"uri":"/?action=create_test_paid_tx&token=eyJhbGciOiJIUzI1NiIsInR5cCI6IkpXVCJ9.eyJzdWIiOiI5MzcxNTE5OTk5Iiwicm9sZSI6InN1cGVyYWRtaW4iLCJuYW1lIjoiU3VwZXIgQWRtaW4iLCJpYXQiOjE3NzYzOTA2ODcsImV4cCI6MTc3NjQxOTQ4N30.AY9d_GWcwlv90BV43p3KpvEGhH2DEGc4qM_sBa1fEVs","method":"GET","sapi":"cli-server","php_version":"8.1.34"}}
{"time":"2026-04-17 01:51:31","label":"request_start","context":{"uri":"/?action=seed_test_paid_tx&token=eyJhbGciOiJIUzI1NiIsInR5cCI6IkpXVCJ9.eyJzdWIiOiI5MzcxNTE5OTk5Iiwicm9sZSI6InN1cGVyYWRtaW4iLCJuYW1lIjoiU3VwZXIgQWRtaW4iLCJpYXQiOjE3NzYzOTA2ODcsImV4cCI6MTc3NjQxOTQ4N30.AY9d_GWcwlv90BV43p3KpvEGhH2DEGc4qM_sBa1fEVs","method":"GET","sapi":"cli-server","php_version":"8.1.34"}}
{"time":"2026-04-17 01:51:31","label":"request_start","context":{"uri":"/?action=download_qr_code&token=eyJhbGciOiJIUzI1NiIsInR5cCI6IkpXVCJ9.eyJzdWIiOiI5MzcxNTE5OTk5Iiwicm9sZSI6InN1cGVyYWRtaW4iLCJuYW1lIjoiU3VwZXIgQWRtaW4iLCJpYXQiOjE3NzYzOTA2ODcsImV4cCI6MTc3NjQxOTQ4N30.AY9d_GWcwlv90BV43p3KpvEGhH2DEGc4qM_sBa1fEVs","method":"GET","sapi":"cli-server","php_version":"8.1.34"}}
{"time":"2026-04-17 01:51:31","label":"request_start","context":{"uri":"/?action=qr_scan_report_html&token=eyJhbGciOiJIUzI1NiIsInR5cCI6IkpXVCJ9.eyJzdWIiOiI5MzcxNTE5OTk5Iiwicm9sZSI6InN1cGVyYWRtaW4iLCJuYW1lIjoiU3VwZXIgQWRtaW4iLCJpYXQiOjE3NzYzOTA2ODcsImV4cCI6MTc3NjQxOTQ4N30.AY9d_GWcwlv90BV43p3KpvEGhH2DEGc4qM_sBa1fEVs","method":"GET","sapi":"cli-server","php_version":"8.1.34"}}
{"time":"2026-04-17 01:51:31","label":"request_start","context":{"uri":"/?action=qr-scan-report-html&token=eyJhbGciOiJIUzI1NiIsInR5cCI6IkpXVCJ9.eyJzdWIiOiI5MzcxNTE5OTk5Iiwicm9sZSI6InN1cGVyYWRtaW4iLCJuYW1lIjoiU3VwZXIgQWRtaW4iLCJpYXQiOjE3NzYzOTA2ODcsImV4cCI6MTc3NjQxOTQ4N30.AY9d_GWcwlv90BV43p3KpvEGhH2DEGc4qM_sBa1fEVs","method":"GET","sapi":"cli-server","php_version":"8.1.34"}}
{"time":"2026-04-17 01:51:31","label":"request_start","context":{"uri":"/?action=migrate_events_sheet_format&token=eyJhbGciOiJIUzI1NiIsInR5cCI6IkpXVCJ9.eyJzdWIiOiI5MzcxNTE5OTk5Iiwicm9sZSI6InN1cGVyYWRtaW4iLCJuYW1lIjoiU3VwZXIgQWRtaW4iLCJpYXQiOjE3NzYzOTA2ODcsImV4cCI6MTc3NjQxOTQ4N30.AY9d_GWcwlv90BV43p3KpvEGhH2DEGc4qM_sBa1fEVs","method":"GET","sapi":"cli-server","php_version":"8.1.34"}}
{"time":"2026-04-17 01:51:31","label":"request_start","context":{"uri":"/?action=migrate_event_sheet_format&token=eyJhbGciOiJIUzI1NiIsInR5cCI6IkpXVCJ9.eyJzdWIiOiI5MzcxNTE5OTk5Iiwicm9sZSI6InN1cGVyYWRtaW4iLCJuYW1lIjoiU3VwZXIgQWRtaW4iLCJpYXQiOjE3NzYzOTA2ODcsImV4cCI6MTc3NjQxOTQ4N30.AY9d_GWcwlv90BV43p3KpvEGhH2DEGc4qM_sBa1fEVs","method":"GET","sapi":"cli-server","php_version":"8.1.34"}}
{"time":"2026-04-17 01:51:31","label":"request_start","context":{"uri":"/?action=reset_events_sheet_format&token=eyJhbGciOiJIUzI1NiIsInR5cCI6IkpXVCJ9.eyJzdWIiOiI5MzcxNTE5OTk5Iiwicm9sZSI6InN1cGVyYWRtaW4iLCJuYW1lIjoiU3VwZXIgQWRtaW4iLCJpYXQiOjE3NzYzOTA2ODcsImV4cCI6MTc3NjQxOTQ4N30.AY9d_GWcwlv90BV43p3KpvEGhH2DEGc4qM_sBa1fEVs","method":"GET","sapi":"cli-server","php_version":"8.1.34"}}
{"time":"2026-04-17 01:51:31","label":"request_start","context":{"uri":"/?action=reset_events_data&token=eyJhbGciOiJIUzI1NiIsInR5cCI6IkpXVCJ9.eyJzdWIiOiI5MzcxNTE5OTk5Iiwicm9sZSI6InN1cGVyYWRtaW4iLCJuYW1lIjoiU3VwZXIgQWRtaW4iLCJpYXQiOjE3NzYzOTA2ODcsImV4cCI6MTc3NjQxOTQ4N30.AY9d_GWcwlv90BV43p3KpvEGhH2DEGc4qM_sBa1fEVs","method":"GET","sapi":"cli-server","php_version":"8.1.34"}}
{"time":"2026-04-17 01:51:31","label":"request_start","context":{"uri":"/?action=seed_events_sample&token=eyJhbGciOiJIUzI1NiIsInR5cCI6IkpXVCJ9.eyJzdWIiOiI5MzcxNTE5OTk5Iiwicm9sZSI6InN1cGVyYWRtaW4iLCJuYW1lIjoiU3VwZXIgQWRtaW4iLCJpYXQiOjE3NzYzOTA2ODcsImV4cCI6MTc3NjQxOTQ4N30.AY9d_GWcwlv90BV43p3KpvEGhH2DEGc4qM_sBa1fEVs","method":"GET","sapi":"cli-server","php_version":"8.1.34"}}
{"time":"2026-04-17 01:51:31","label":"request_start","context":{"uri":"/?action=seed_event_sample&token=eyJhbGciOiJIUzI1NiIsInR5cCI6IkpXVCJ9.eyJzdWIiOiI5MzcxNTE5OTk5Iiwicm9sZSI6InN1cGVyYWRtaW4iLCJuYW1lIjoiU3VwZXIgQWRtaW4iLCJpYXQiOjE3NzYzOTA2ODcsImV4cCI6MTc3NjQxOTQ4N30.AY9d_GWcwlv90BV43p3KpvEGhH2DEGc4qM_sBa1fEVs","method":"GET","sapi":"cli-server","php_version":"8.1.34"}}
{"time":"2026-04-17 01:51:31","label":"request_start","context":{"uri":"/?action=seed_dj_events_apr_2026&token=eyJhbGciOiJIUzI1NiIsInR5cCI6IkpXVCJ9.eyJzdWIiOiI5MzcxNTE5OTk5Iiwicm9sZSI6InN1cGVyYWRtaW4iLCJuYW1lIjoiU3VwZXIgQWRtaW4iLCJpYXQiOjE3NzYzOTA2ODcsImV4cCI6MTc3NjQxOTQ4N30.AY9d_GWcwlv90BV43p3KpvEGhH2DEGc4qM_sBa1fEVs","method":"GET","sapi":"cli-server","php_version":"8.1.34"}}
{"time":"2026-04-17 01:51:31","label":"request_start","context":{"uri":"/?action=seed_dj_events&token=eyJhbGciOiJIUzI1NiIsInR5cCI6IkpXVCJ9.eyJzdWIiOiI5MzcxNTE5OTk5Iiwicm9sZSI6InN1cGVyYWRtaW4iLCJuYW1lIjoiU3VwZXIgQWRtaW4iLCJpYXQiOjE3NzYzOTA2ODcsImV4cCI6MTc3NjQxOTQ4N30.AY9d_GWcwlv90BV43p3KpvEGhH2DEGc4qM_sBa1fEVs","method":"GET","sapi":"cli-server","php_version":"8.1.34"}}
{"time":"2026-04-17 01:51:31","label":"request_start","context":{"uri":"/?action=seed_paid_event_sample&token=eyJhbGciOiJIUzI1NiIsInR5cCI6IkpXVCJ9.eyJzdWIiOiI5MzcxNTE5OTk5Iiwicm9sZSI6InN1cGVyYWRtaW4iLCJuYW1lIjoiU3VwZXIgQWRtaW4iLCJpYXQiOjE3NzYzOTA2ODcsImV4cCI6MTc3NjQxOTQ4N30.AY9d_GWcwlv90BV43p3KpvEGhH2DEGc4qM_sBa1fEVs","method":"GET","sapi":"cli-server","php_version":"8.1.34"}}
{"time":"2026-04-17 01:51:31","label":"request_start","context":{"uri":"/?action=seed_paid_event&token=eyJhbGciOiJIUzI1NiIsInR5cCI6IkpXVCJ9.eyJzdWIiOiI5MzcxNTE5OTk5Iiwicm9sZSI6InN1cGVyYWRtaW4iLCJuYW1lIjoiU3VwZXIgQWRtaW4iLCJpYXQiOjE3NzYzOTA2ODcsImV4cCI6MTc3NjQxOTQ4N30.AY9d_GWcwlv90BV43p3KpvEGhH2DEGc4qM_sBa1fEVs","method":"GET","sapi":"cli-server","php_version":"8.1.34"}}
{"time":"2026-04-17 01:51:31","label":"request_start","context":{"uri":"/?action=send_test_event_email&token=eyJhbGciOiJIUzI1NiIsInR5cCI6IkpXVCJ9.eyJzdWIiOiI5MzcxNTE5OTk5Iiwicm9sZSI6InN1cGVyYWRtaW4iLCJuYW1lIjoiU3VwZXIgQWRtaW4iLCJpYXQiOjE3NzYzOTA2ODcsImV4cCI6MTc3NjQxOTQ4N30.AY9d_GWcwlv90BV43p3KpvEGhH2DEGc4qM_sBa1fEVs","method":"GET","sapi":"cli-server","php_version":"8.1.34"}}
{"time":"2026-04-17 01:51:31","label":"request_start","context":{"uri":"/?action=test_event_email&token=eyJhbGciOiJIUzI1NiIsInR5cCI6IkpXVCJ9.eyJzdWIiOiI5MzcxNTE5OTk5Iiwicm9sZSI6InN1cGVyYWRtaW4iLCJuYW1lIjoiU3VwZXIgQWRtaW4iLCJpYXQiOjE3NzYzOTA2ODcsImV4cCI6MTc3NjQxOTQ4N30.AY9d_GWcwlv90BV43p3KpvEGhH2DEGc4qM_sBa1fEVs","method":"GET","sapi":"cli-server","php_version":"8.1.34"}}
{"time":"2026-04-17 01:51:31","label":"request_start","context":{"uri":"/","method":"POST","sapi":"cli-server","php_version":"8.1.34"}}
{"time":"2026-04-17 01:51:32","label":"request_start","context":{"uri":"/","method":"POST","sapi":"cli-server","php_version":"8.1.34"}}
{"time":"2026-04-17 01:51:32","label":"request_start","context":{"uri":"/","method":"POST","sapi":"cli-server","php_version":"8.1.34"}}
{"time":"2026-04-17 01:51:32","label":"request_start","context":{"uri":"/","method":"POST","sapi":"cli-server","php_version":"8.1.34"}}
{"time":"2026-04-17 01:51:32","label":"request_start","context":{"uri":"/","method":"POST","sapi":"cli-server","php_version":"8.1.34"}}
{"time":"2026-04-17 01:51:32","label":"request_start","context":{"uri":"/","method":"POST","sapi":"cli-server","php_version":"8.1.34"}}
{"time":"2026-04-17 01:51:32","label":"request_start","context":{"uri":"/","method":"POST","sapi":"cli-server","php_version":"8.1.34"}}
{"time":"2026-04-17 01:51:32","label":"request_start","context":{"uri":"/","method":"POST","sapi":"cli-server","php_version":"8.1.34"}}
{"time":"2026-04-17 01:51:32","label":"request_start","context":{"uri":"/?action=events_list&limit=20","method":"GET","sapi":"cli-server","php_version":"8.1.34"}}
{"time":"2026-04-17 01:51:32","label":"request_start","context":{"uri":"/?action=event_popup","method":"GET","sapi":"cli-server","php_version":"8.1.34"}}
{"time":"2026-04-17 01:51:32","label":"request_start","context":{"uri":"/?action=admin_cash_summary&token=eyJhbGciOiJIUzI1NiIsInR5cCI6IkpXVCJ9.eyJzdWIiOiI5MTcyNjgxMTk2MSIsInJvbGUiOiJhZG1pbiIsIm5hbWUiOiJRQSBBZG1pbiIsImlhdCI6MTc3NjM5MDY4NywiZXhwIjoxNzc2NDE5NDg3fQ.kxAMlKf4yxil5uLLkIsWL9qIGEIdYLHnHcImGjE2Nho","method":"GET","sapi":"cli-server","php_version":"8.1.34"}}
{"time":"2026-04-17 01:51:32","label":"request_start","context":{"uri":"/","method":"POST","sapi":"cli-server","php_version":"8.1.34"}}
{"time":"2026-04-17 01:51:32","label":"request_start","context":{"uri":"/","method":"POST","sapi":"cli-server","php_version":"8.1.34"}}
{"time":"2026-04-17 01:51:32","label":"request_start","context":{"uri":"/","method":"POST","sapi":"cli-server","php_version":"8.1.34"}}
{"time":"2026-04-17 01:51:33","label":"request_start","context":{"uri":"/","method":"POST","sapi":"cli-server","php_version":"8.1.34"}}
{"time":"2026-04-17 01:51:33","label":"request_start","context":{"uri":"/","method":"POST","sapi":"cli-server","php_version":"8.1.34"}}
{"time":"2026-04-17 01:51:33","label":"request_start","context":{"uri":"/?action=superadmin_cash_dashboard&token=eyJhbGciOiJIUzI1NiIsInR5cCI6IkpXVCJ9.eyJzdWIiOiI5MzcxNTE5OTk5Iiwicm9sZSI6InN1cGVyYWRtaW4iLCJuYW1lIjoiU3VwZXIgQWRtaW4iLCJpYXQiOjE3NzYzOTA2ODcsImV4cCI6MTc3NjQxOTQ4N30.AY9d_GWcwlv90BV43p3KpvEGhH2DEGc4qM_sBa1fEVs","method":"GET","sapi":"cli-server","php_version":"8.1.34"}}
{"time":"2026-04-17 01:51:33","label":"request_start","context":{"uri":"/","method":"POST","sapi":"cli-server","php_version":"8.1.34"}}
{"time":"2026-04-17 01:51:33","label":"request_start","context":{"uri":"/","method":"POST","sapi":"cli-server","php_version":"8.1.34"}}
{"time":"2026-04-17 01:51:33","label":"request_start","context":{"uri":"/","method":"POST","sapi":"cli-server","php_version":"8.1.34"}}
{"time":"2026-04-17 01:51:33","label":"request_start","context":{"uri":"/?action=non_existing_action_qa","method":"GET","sapi":"cli-server","php_version":"8.1.34"}}
{"time":"2026-04-17 01:51:33","label":"request_start","context":{"uri":"/","method":"POST","sapi":"cli-server","php_version":"8.1.34"}}
{"time":"2026-04-17 01:51:33","label":"request_start","context":{"uri":"/","method":"POST","sapi":"cli-server","php_version":"8.1.34"}}
{"time":"2026-04-17 01:51:33","label":"request_start","context":{"uri":"/","method":"POST","sapi":"cli-server","php_version":"8.1.34"}}
{"time":"2026-04-17 01:52:24","label":"request_start","context":{"uri":"/?action=auth_bootstrap_status","method":"GET","sapi":"cli-server","php_version":"8.1.34"}}
{"time":"2026-04-17 01:52:24","label":"request_start","context":{"uri":"/","method":"POST","sapi":"cli-server","php_version":"8.1.34"}}
{"time":"2026-04-17 01:52:24","label":"request_start","context":{"uri":"/","method":"POST","sapi":"cli-server","php_version":"8.1.34"}}
{"time":"2026-04-17 01:52:24","label":"request_start","context":{"uri":"/","method":"POST","sapi":"cli-server","php_version":"8.1.34"}}
{"time":"2026-04-17 01:52:24","label":"request_start","context":{"uri":"/","method":"POST","sapi":"cli-server","php_version":"8.1.34"}}
{"time":"2026-04-17 01:52:24","label":"request_start","context":{"uri":"/","method":"POST","sapi":"cli-server","php_version":"8.1.34"}}
{"time":"2026-04-17 01:52:24","label":"request_start","context":{"uri":"/","method":"POST","sapi":"cli-server","php_version":"8.1.34"}}
{"time":"2026-04-17 01:52:26","label":"request_start","context":{"uri":"/","method":"POST","sapi":"cli-server","php_version":"8.1.34"}}
{"time":"2026-04-17 01:52:26","label":"request_start","context":{"uri":"/","method":"POST","sapi":"cli-server","php_version":"8.1.34"}}
{"time":"2026-04-17 01:52:26","label":"request_start","context":{"uri":"/","method":"POST","sapi":"cli-server","php_version":"8.1.34"}}
{"time":"2026-04-17 01:52:26","label":"request_start","context":{"uri":"/","method":"POST","sapi":"cli-server","php_version":"8.1.34"}}
{"time":"2026-04-17 01:52:26","label":"request_start","context":{"uri":"/","method":"POST","sapi":"cli-server","php_version":"8.1.34"}}
{"time":"2026-04-17 01:52:27","label":"request_start","context":{"uri":"/","method":"POST","sapi":"cli-server","php_version":"8.1.34"}}
{"time":"2026-04-17 01:52:27","label":"request_start","context":{"uri":"/","method":"POST","sapi":"cli-server","php_version":"8.1.34"}}
{"time":"2026-04-17 01:52:27","label":"request_start","context":{"uri":"/?action=auth_list_users&token=eyJhbGciOiJIUzI1NiIsInR5cCI6IkpXVCJ9.eyJzdWIiOiI5MzcxNTE5OTk5Iiwicm9sZSI6InN1cGVyYWRtaW4iLCJuYW1lIjoiU3VwZXIgQWRtaW4iLCJpYXQiOjE3NzYzOTA3NDYsImV4cCI6MTc3NjQxOTU0Nn0.fk96xV-Ti1BrtWgCzF4RWu__7ksQUlRUhVLHAhWZFQs","method":"GET","sapi":"cli-server","php_version":"8.1.34"}}
{"time":"2026-04-17 01:52:27","label":"request_start","context":{"uri":"/","method":"POST","sapi":"cli-server","php_version":"8.1.34"}}
{"time":"2026-04-17 01:52:27","label":"request_start","context":{"uri":"/","method":"POST","sapi":"cli-server","php_version":"8.1.34"}}
{"time":"2026-04-17 01:52:27","label":"request_start","context":{"uri":"/","method":"POST","sapi":"cli-server","php_version":"8.1.34"}}
{"time":"2026-04-17 01:52:27","label":"request_start","context":{"uri":"/","method":"POST","sapi":"cli-server","php_version":"8.1.34"}}
{"time":"2026-04-17 01:52:28","label":"request_start","context":{"uri":"/","method":"POST","sapi":"cli-server","php_version":"8.1.34"}}
{"time":"2026-04-17 01:52:28","label":"request_start","context":{"uri":"/","method":"POST","sapi":"cli-server","php_version":"8.1.34"}}
{"time":"2026-04-17 01:52:28","label":"request_start","context":{"uri":"/","method":"POST","sapi":"cli-server","php_version":"8.1.34"}}
{"time":"2026-04-17 01:52:28","label":"request_start","context":{"uri":"/","method":"POST","sapi":"cli-server","php_version":"8.1.34"}}
{"time":"2026-04-17 01:52:28","label":"request_start","context":{"uri":"/","method":"POST","sapi":"cli-server","php_version":"8.1.34"}}
{"time":"2026-04-17 01:52:28","label":"request_start","context":{"uri":"/","method":"POST","sapi":"cli-server","php_version":"8.1.34"}}
{"time":"2026-04-17 01:52:29","label":"request_start","context":{"uri":"/","method":"POST","sapi":"cli-server","php_version":"8.1.34"}}
{"time":"2026-04-17 01:52:29","label":"request_start","context":{"uri":"/","method":"POST","sapi":"cli-server","php_version":"8.1.34"}}
{"time":"2026-04-17 01:52:29","label":"request_start","context":{"uri":"/","method":"POST","sapi":"cli-server","php_version":"8.1.34"}}
{"time":"2026-04-17 01:52:29","label":"request_start","context":{"uri":"/?action=&tab=AWGNK%20MENU&shape=grid","method":"GET","sapi":"cli-server","php_version":"8.1.34"}}
{"time":"2026-04-17 01:52:29","label":"request_start","context":{"uri":"/?action=&tab=BAR%20MENU%20NK&shape=grid","method":"GET","sapi":"cli-server","php_version":"8.1.34"}}
{"time":"2026-04-17 01:52:29","label":"request_start","context":{"uri":"/","method":"POST","sapi":"cli-server","php_version":"8.1.34"}}
{"time":"2026-04-17 01:52:29","label":"request_start","context":{"uri":"/?action=verify&phone=8956731613&token=eyJhbGciOiJIUzI1NiIsInR5cCI6IkpXVCJ9.eyJzdWIiOiI5MTc1NjczODEwNSIsInJvbGUiOiJhZG1pbiIsIm5hbWUiOiJRQSBBZG1pbiIsImlhdCI6MTc3NjM5MDc0NiwiZXhwIjoxNzc2NDE5NTQ2fQ.DLi2wh2TNMQXnHGSexgvurUT_OvHlaSMkMDsv2W_IGg","method":"GET","sapi":"cli-server","php_version":"8.1.34"}}
{"time":"2026-04-17 01:52:29","label":"request_start","context":{"uri":"/?action=regen_coupon&phone=8956731613&token=eyJhbGciOiJIUzI1NiIsInR5cCI6IkpXVCJ9.eyJzdWIiOiI5MTc1NjczODEwNSIsInJvbGUiOiJhZG1pbiIsIm5hbWUiOiJRQSBBZG1pbiIsImlhdCI6MTc3NjM5MDc0NiwiZXhwIjoxNzc2NDE5NTQ2fQ.DLi2wh2TNMQXnHGSexgvurUT_OvHlaSMkMDsv2W_IGg","method":"GET","sapi":"cli-server","php_version":"8.1.34"}}
{"time":"2026-04-17 01:52:30","label":"request_start","context":{"uri":"/?action=redeem&phone=8956731613&token=eyJhbGciOiJIUzI1NiIsInR5cCI6IkpXVCJ9.eyJzdWIiOiI5MTc1NjczODEwNSIsInJvbGUiOiJhZG1pbiIsIm5hbWUiOiJRQSBBZG1pbiIsImlhdCI6MTc3NjM5MDc0NiwiZXhwIjoxNzc2NDE5NTQ2fQ.DLi2wh2TNMQXnHGSexgvurUT_OvHlaSMkMDsv2W_IGg","method":"GET","sapi":"cli-server","php_version":"8.1.34"}}
{"time":"2026-04-17 01:52:30","label":"request_start","context":{"uri":"/?action=counter","method":"GET","sapi":"cli-server","php_version":"8.1.34"}}
{"time":"2026-04-17 01:52:30","label":"request_start","context":{"uri":"/","method":"POST","sapi":"cli-server","php_version":"8.1.34"}}
{"time":"2026-04-17 01:52:30","label":"request_start","context":{"uri":"/?action=qr_report&token=eyJhbGciOiJIUzI1NiIsInR5cCI6IkpXVCJ9.eyJzdWIiOiI5MTc1NjczODEwNSIsInJvbGUiOiJhZG1pbiIsIm5hbWUiOiJRQSBBZG1pbiIsImlhdCI6MTc3NjM5MDc0NiwiZXhwIjoxNzc2NDE5NTQ2fQ.DLi2wh2TNMQXnHGSexgvurUT_OvHlaSMkMDsv2W_IGg","method":"GET","sapi":"cli-server","php_version":"8.1.34"}}
{"time":"2026-04-17 01:52:30","label":"request_start","context":{"uri":"/?action=init_schema&token=eyJhbGciOiJIUzI1NiIsInR5cCI6IkpXVCJ9.eyJzdWIiOiI5MzcxNTE5OTk5Iiwicm9sZSI6InN1cGVyYWRtaW4iLCJuYW1lIjoiU3VwZXIgQWRtaW4iLCJpYXQiOjE3NzYzOTA3NDYsImV4cCI6MTc3NjQxOTU0Nn0.fk96xV-Ti1BrtWgCzF4RWu__7ksQUlRUhVLHAhWZFQs","method":"GET","sapi":"cli-server","php_version":"8.1.34"}}
{"time":"2026-04-17 01:52:30","label":"request_start","context":{"uri":"/?action=schema&token=eyJhbGciOiJIUzI1NiIsInR5cCI6IkpXVCJ9.eyJzdWIiOiI5MzcxNTE5OTk5Iiwicm9sZSI6InN1cGVyYWRtaW4iLCJuYW1lIjoiU3VwZXIgQWRtaW4iLCJpYXQiOjE3NzYzOTA3NDYsImV4cCI6MTc3NjQxOTU0Nn0.fk96xV-Ti1BrtWgCzF4RWu__7ksQUlRUhVLHAhWZFQs","method":"GET","sapi":"cli-server","php_version":"8.1.34"}}
{"time":"2026-04-17 01:52:30","label":"request_start","context":{"uri":"/?action=ensure_qr_sheet&token=eyJhbGciOiJIUzI1NiIsInR5cCI6IkpXVCJ9.eyJzdWIiOiI5MzcxNTE5OTk5Iiwicm9sZSI6InN1cGVyYWRtaW4iLCJuYW1lIjoiU3VwZXIgQWRtaW4iLCJpYXQiOjE3NzYzOTA3NDYsImV4cCI6MTc3NjQxOTU0Nn0.fk96xV-Ti1BrtWgCzF4RWu__7ksQUlRUhVLHAhWZFQs","method":"GET","sapi":"cli-server","php_version":"8.1.34"}}
{"time":"2026-04-17 01:52:30","label":"request_start","context":{"uri":"/?action=init_qr_sheet&token=eyJhbGciOiJIUzI1NiIsInR5cCI6IkpXVCJ9.eyJzdWIiOiI5MzcxNTE5OTk5Iiwicm9sZSI6InN1cGVyYWRtaW4iLCJuYW1lIjoiU3VwZXIgQWRtaW4iLCJpYXQiOjE3NzYzOTA3NDYsImV4cCI6MTc3NjQxOTU0Nn0.fk96xV-Ti1BrtWgCzF4RWu__7ksQUlRUhVLHAhWZFQs","method":"GET","sapi":"cli-server","php_version":"8.1.34"}}
{"time":"2026-04-17 01:52:30","label":"request_start","context":{"uri":"/?action=create_qr_sheet&token=eyJhbGciOiJIUzI1NiIsInR5cCI6IkpXVCJ9.eyJzdWIiOiI5MzcxNTE5OTk5Iiwicm9sZSI6InN1cGVyYWRtaW4iLCJuYW1lIjoiU3VwZXIgQWRtaW4iLCJpYXQiOjE3NzYzOTA3NDYsImV4cCI6MTc3NjQxOTU0Nn0.fk96xV-Ti1BrtWgCzF4RWu__7ksQUlRUhVLHAhWZFQs","method":"GET","sapi":"cli-server","php_version":"8.1.34"}}
{"time":"2026-04-17 01:52:30","label":"request_start","context":{"uri":"/?action=create_test_paid_tx&token=eyJhbGciOiJIUzI1NiIsInR5cCI6IkpXVCJ9.eyJzdWIiOiI5MzcxNTE5OTk5Iiwicm9sZSI6InN1cGVyYWRtaW4iLCJuYW1lIjoiU3VwZXIgQWRtaW4iLCJpYXQiOjE3NzYzOTA3NDYsImV4cCI6MTc3NjQxOTU0Nn0.fk96xV-Ti1BrtWgCzF4RWu__7ksQUlRUhVLHAhWZFQs","method":"GET","sapi":"cli-server","php_version":"8.1.34"}}
{"time":"2026-04-17 01:52:30","label":"request_start","context":{"uri":"/?action=seed_test_paid_tx&token=eyJhbGciOiJIUzI1NiIsInR5cCI6IkpXVCJ9.eyJzdWIiOiI5MzcxNTE5OTk5Iiwicm9sZSI6InN1cGVyYWRtaW4iLCJuYW1lIjoiU3VwZXIgQWRtaW4iLCJpYXQiOjE3NzYzOTA3NDYsImV4cCI6MTc3NjQxOTU0Nn0.fk96xV-Ti1BrtWgCzF4RWu__7ksQUlRUhVLHAhWZFQs","method":"GET","sapi":"cli-server","php_version":"8.1.34"}}
{"time":"2026-04-17 01:52:30","label":"request_start","context":{"uri":"/?action=download_qr_code&token=eyJhbGciOiJIUzI1NiIsInR5cCI6IkpXVCJ9.eyJzdWIiOiI5MzcxNTE5OTk5Iiwicm9sZSI6InN1cGVyYWRtaW4iLCJuYW1lIjoiU3VwZXIgQWRtaW4iLCJpYXQiOjE3NzYzOTA3NDYsImV4cCI6MTc3NjQxOTU0Nn0.fk96xV-Ti1BrtWgCzF4RWu__7ksQUlRUhVLHAhWZFQs","method":"GET","sapi":"cli-server","php_version":"8.1.34"}}
{"time":"2026-04-17 01:52:30","label":"request_start","context":{"uri":"/?action=qr_scan_report_html&token=eyJhbGciOiJIUzI1NiIsInR5cCI6IkpXVCJ9.eyJzdWIiOiI5MzcxNTE5OTk5Iiwicm9sZSI6InN1cGVyYWRtaW4iLCJuYW1lIjoiU3VwZXIgQWRtaW4iLCJpYXQiOjE3NzYzOTA3NDYsImV4cCI6MTc3NjQxOTU0Nn0.fk96xV-Ti1BrtWgCzF4RWu__7ksQUlRUhVLHAhWZFQs","method":"GET","sapi":"cli-server","php_version":"8.1.34"}}
{"time":"2026-04-17 01:52:30","label":"request_start","context":{"uri":"/?action=qr-scan-report-html&token=eyJhbGciOiJIUzI1NiIsInR5cCI6IkpXVCJ9.eyJzdWIiOiI5MzcxNTE5OTk5Iiwicm9sZSI6InN1cGVyYWRtaW4iLCJuYW1lIjoiU3VwZXIgQWRtaW4iLCJpYXQiOjE3NzYzOTA3NDYsImV4cCI6MTc3NjQxOTU0Nn0.fk96xV-Ti1BrtWgCzF4RWu__7ksQUlRUhVLHAhWZFQs","method":"GET","sapi":"cli-server","php_version":"8.1.34"}}
{"time":"2026-04-17 01:52:30","label":"request_start","context":{"uri":"/?action=migrate_events_sheet_format&token=eyJhbGciOiJIUzI1NiIsInR5cCI6IkpXVCJ9.eyJzdWIiOiI5MzcxNTE5OTk5Iiwicm9sZSI6InN1cGVyYWRtaW4iLCJuYW1lIjoiU3VwZXIgQWRtaW4iLCJpYXQiOjE3NzYzOTA3NDYsImV4cCI6MTc3NjQxOTU0Nn0.fk96xV-Ti1BrtWgCzF4RWu__7ksQUlRUhVLHAhWZFQs","method":"GET","sapi":"cli-server","php_version":"8.1.34"}}
{"time":"2026-04-17 01:52:30","label":"request_start","context":{"uri":"/?action=migrate_event_sheet_format&token=eyJhbGciOiJIUzI1NiIsInR5cCI6IkpXVCJ9.eyJzdWIiOiI5MzcxNTE5OTk5Iiwicm9sZSI6InN1cGVyYWRtaW4iLCJuYW1lIjoiU3VwZXIgQWRtaW4iLCJpYXQiOjE3NzYzOTA3NDYsImV4cCI6MTc3NjQxOTU0Nn0.fk96xV-Ti1BrtWgCzF4RWu__7ksQUlRUhVLHAhWZFQs","method":"GET","sapi":"cli-server","php_version":"8.1.34"}}
{"time":"2026-04-17 01:52:30","label":"request_start","context":{"uri":"/?action=reset_events_sheet_format&token=eyJhbGciOiJIUzI1NiIsInR5cCI6IkpXVCJ9.eyJzdWIiOiI5MzcxNTE5OTk5Iiwicm9sZSI6InN1cGVyYWRtaW4iLCJuYW1lIjoiU3VwZXIgQWRtaW4iLCJpYXQiOjE3NzYzOTA3NDYsImV4cCI6MTc3NjQxOTU0Nn0.fk96xV-Ti1BrtWgCzF4RWu__7ksQUlRUhVLHAhWZFQs","method":"GET","sapi":"cli-server","php_version":"8.1.34"}}
{"time":"2026-04-17 01:52:30","label":"request_start","context":{"uri":"/?action=reset_events_data&token=eyJhbGciOiJIUzI1NiIsInR5cCI6IkpXVCJ9.eyJzdWIiOiI5MzcxNTE5OTk5Iiwicm9sZSI6InN1cGVyYWRtaW4iLCJuYW1lIjoiU3VwZXIgQWRtaW4iLCJpYXQiOjE3NzYzOTA3NDYsImV4cCI6MTc3NjQxOTU0Nn0.fk96xV-Ti1BrtWgCzF4RWu__7ksQUlRUhVLHAhWZFQs","method":"GET","sapi":"cli-server","php_version":"8.1.34"}}
{"time":"2026-04-17 01:52:30","label":"request_start","context":{"uri":"/?action=seed_events_sample&token=eyJhbGciOiJIUzI1NiIsInR5cCI6IkpXVCJ9.eyJzdWIiOiI5MzcxNTE5OTk5Iiwicm9sZSI6InN1cGVyYWRtaW4iLCJuYW1lIjoiU3VwZXIgQWRtaW4iLCJpYXQiOjE3NzYzOTA3NDYsImV4cCI6MTc3NjQxOTU0Nn0.fk96xV-Ti1BrtWgCzF4RWu__7ksQUlRUhVLHAhWZFQs","method":"GET","sapi":"cli-server","php_version":"8.1.34"}}
{"time":"2026-04-17 01:52:30","label":"request_start","context":{"uri":"/?action=seed_event_sample&token=eyJhbGciOiJIUzI1NiIsInR5cCI6IkpXVCJ9.eyJzdWIiOiI5MzcxNTE5OTk5Iiwicm9sZSI6InN1cGVyYWRtaW4iLCJuYW1lIjoiU3VwZXIgQWRtaW4iLCJpYXQiOjE3NzYzOTA3NDYsImV4cCI6MTc3NjQxOTU0Nn0.fk96xV-Ti1BrtWgCzF4RWu__7ksQUlRUhVLHAhWZFQs","method":"GET","sapi":"cli-server","php_version":"8.1.34"}}
{"time":"2026-04-17 01:52:30","label":"request_start","context":{"uri":"/?action=seed_dj_events_apr_2026&token=eyJhbGciOiJIUzI1NiIsInR5cCI6IkpXVCJ9.eyJzdWIiOiI5MzcxNTE5OTk5Iiwicm9sZSI6InN1cGVyYWRtaW4iLCJuYW1lIjoiU3VwZXIgQWRtaW4iLCJpYXQiOjE3NzYzOTA3NDYsImV4cCI6MTc3NjQxOTU0Nn0.fk96xV-Ti1BrtWgCzF4RWu__7ksQUlRUhVLHAhWZFQs","method":"GET","sapi":"cli-server","php_version":"8.1.34"}}
{"time":"2026-04-17 01:52:30","label":"request_start","context":{"uri":"/?action=seed_dj_events&token=eyJhbGciOiJIUzI1NiIsInR5cCI6IkpXVCJ9.eyJzdWIiOiI5MzcxNTE5OTk5Iiwicm9sZSI6InN1cGVyYWRtaW4iLCJuYW1lIjoiU3VwZXIgQWRtaW4iLCJpYXQiOjE3NzYzOTA3NDYsImV4cCI6MTc3NjQxOTU0Nn0.fk96xV-Ti1BrtWgCzF4RWu__7ksQUlRUhVLHAhWZFQs","method":"GET","sapi":"cli-server","php_version":"8.1.34"}}
{"time":"2026-04-17 01:52:30","label":"request_start","context":{"uri":"/?action=seed_paid_event_sample&token=eyJhbGciOiJIUzI1NiIsInR5cCI6IkpXVCJ9.eyJzdWIiOiI5MzcxNTE5OTk5Iiwicm9sZSI6InN1cGVyYWRtaW4iLCJuYW1lIjoiU3VwZXIgQWRtaW4iLCJpYXQiOjE3NzYzOTA3NDYsImV4cCI6MTc3NjQxOTU0Nn0.fk96xV-Ti1BrtWgCzF4RWu__7ksQUlRUhVLHAhWZFQs","method":"GET","sapi":"cli-server","php_version":"8.1.34"}}
{"time":"2026-04-17 01:52:30","label":"request_start","context":{"uri":"/?action=seed_paid_event&token=eyJhbGciOiJIUzI1NiIsInR5cCI6IkpXVCJ9.eyJzdWIiOiI5MzcxNTE5OTk5Iiwicm9sZSI6InN1cGVyYWRtaW4iLCJuYW1lIjoiU3VwZXIgQWRtaW4iLCJpYXQiOjE3NzYzOTA3NDYsImV4cCI6MTc3NjQxOTU0Nn0.fk96xV-Ti1BrtWgCzF4RWu__7ksQUlRUhVLHAhWZFQs","method":"GET","sapi":"cli-server","php_version":"8.1.34"}}
{"time":"2026-04-17 01:52:30","label":"request_start","context":{"uri":"/?action=send_test_event_email&token=eyJhbGciOiJIUzI1NiIsInR5cCI6IkpXVCJ9.eyJzdWIiOiI5MzcxNTE5OTk5Iiwicm9sZSI6InN1cGVyYWRtaW4iLCJuYW1lIjoiU3VwZXIgQWRtaW4iLCJpYXQiOjE3NzYzOTA3NDYsImV4cCI6MTc3NjQxOTU0Nn0.fk96xV-Ti1BrtWgCzF4RWu__7ksQUlRUhVLHAhWZFQs","method":"GET","sapi":"cli-server","php_version":"8.1.34"}}
{"time":"2026-04-17 01:52:30","label":"request_start","context":{"uri":"/?action=test_event_email&token=eyJhbGciOiJIUzI1NiIsInR5cCI6IkpXVCJ9.eyJzdWIiOiI5MzcxNTE5OTk5Iiwicm9sZSI6InN1cGVyYWRtaW4iLCJuYW1lIjoiU3VwZXIgQWRtaW4iLCJpYXQiOjE3NzYzOTA3NDYsImV4cCI6MTc3NjQxOTU0Nn0.fk96xV-Ti1BrtWgCzF4RWu__7ksQUlRUhVLHAhWZFQs","method":"GET","sapi":"cli-server","php_version":"8.1.34"}}
{"time":"2026-04-17 01:52:30","label":"request_start","context":{"uri":"/","method":"POST","sapi":"cli-server","php_version":"8.1.34"}}
{"time":"2026-04-17 01:52:31","label":"request_start","context":{"uri":"/","method":"POST","sapi":"cli-server","php_version":"8.1.34"}}
{"time":"2026-04-17 01:52:31","label":"request_start","context":{"uri":"/","method":"POST","sapi":"cli-server","php_version":"8.1.34"}}
{"time":"2026-04-17 01:52:31","label":"request_start","context":{"uri":"/","method":"POST","sapi":"cli-server","php_version":"8.1.34"}}
{"time":"2026-04-17 01:52:31","label":"request_start","context":{"uri":"/","method":"POST","sapi":"cli-server","php_version":"8.1.34"}}
{"time":"2026-04-17 01:52:31","label":"request_start","context":{"uri":"/","method":"POST","sapi":"cli-server","php_version":"8.1.34"}}
{"time":"2026-04-17 01:52:31","label":"request_start","context":{"uri":"/","method":"POST","sapi":"cli-server","php_version":"8.1.34"}}
{"time":"2026-04-17 01:52:31","label":"request_start","context":{"uri":"/","method":"POST","sapi":"cli-server","php_version":"8.1.34"}}
{"time":"2026-04-17 01:52:31","label":"request_start","context":{"uri":"/?action=events_list&limit=20","method":"GET","sapi":"cli-server","php_version":"8.1.34"}}
{"time":"2026-04-17 01:52:31","label":"request_start","context":{"uri":"/?action=event_popup","method":"GET","sapi":"cli-server","php_version":"8.1.34"}}
{"time":"2026-04-17 01:52:31","label":"request_start","context":{"uri":"/?action=admin_cash_summary&token=eyJhbGciOiJIUzI1NiIsInR5cCI6IkpXVCJ9.eyJzdWIiOiI5MTc1NjczODEwNSIsInJvbGUiOiJhZG1pbiIsIm5hbWUiOiJRQSBBZG1pbiIsImlhdCI6MTc3NjM5MDc0NiwiZXhwIjoxNzc2NDE5NTQ2fQ.DLi2wh2TNMQXnHGSexgvurUT_OvHlaSMkMDsv2W_IGg","method":"GET","sapi":"cli-server","php_version":"8.1.34"}}
{"time":"2026-04-17 01:52:31","label":"request_start","context":{"uri":"/","method":"POST","sapi":"cli-server","php_version":"8.1.34"}}
{"time":"2026-04-17 01:52:31","label":"request_start","context":{"uri":"/","method":"POST","sapi":"cli-server","php_version":"8.1.34"}}
{"time":"2026-04-17 01:52:32","label":"request_start","context":{"uri":"/","method":"POST","sapi":"cli-server","php_version":"8.1.34"}}
{"time":"2026-04-17 01:52:32","label":"request_start","context":{"uri":"/","method":"POST","sapi":"cli-server","php_version":"8.1.34"}}
{"time":"2026-04-17 01:52:32","label":"request_start","context":{"uri":"/","method":"POST","sapi":"cli-server","php_version":"8.1.34"}}
{"time":"2026-04-17 01:52:32","label":"request_start","context":{"uri":"/?action=superadmin_cash_dashboard&token=eyJhbGciOiJIUzI1NiIsInR5cCI6IkpXVCJ9.eyJzdWIiOiI5MzcxNTE5OTk5Iiwicm9sZSI6InN1cGVyYWRtaW4iLCJuYW1lIjoiU3VwZXIgQWRtaW4iLCJpYXQiOjE3NzYzOTA3NDYsImV4cCI6MTc3NjQxOTU0Nn0.fk96xV-Ti1BrtWgCzF4RWu__7ksQUlRUhVLHAhWZFQs","method":"GET","sapi":"cli-server","php_version":"8.1.34"}}
{"time":"2026-04-17 01:52:32","label":"request_start","context":{"uri":"/","method":"POST","sapi":"cli-server","php_version":"8.1.34"}}
{"time":"2026-04-17 01:52:32","label":"request_start","context":{"uri":"/","method":"POST","sapi":"cli-server","php_version":"8.1.34"}}
{"time":"2026-04-17 01:52:32","label":"request_start","context":{"uri":"/","method":"POST","sapi":"cli-server","php_version":"8.1.34"}}
{"time":"2026-04-17 01:52:32","label":"request_start","context":{"uri":"/?action=non_existing_action_qa","method":"GET","sapi":"cli-server","php_version":"8.1.34"}}
{"time":"2026-04-17 01:52:32","label":"request_start","context":{"uri":"/","method":"POST","sapi":"cli-server","php_version":"8.1.34"}}
{"time":"2026-04-17 01:52:32","label":"request_start","context":{"uri":"/","method":"POST","sapi":"cli-server","php_version":"8.1.34"}}
{"time":"2026-04-17 01:52:32","label":"request_start","context":{"uri":"/","method":"POST","sapi":"cli-server","php_version":"8.1.34"}}
{"time":"2026-04-17 01:52:43","label":"request_start","context":{"uri":"/","method":"POST","sapi":"cli-server","php_version":"8.1.34"}}
{"time":"2026-04-17 01:52:43","label":"request_start","context":{"uri":"/","method":"POST","sapi":"cli-server","php_version":"8.1.34"}}
{"time":"2026-04-17 01:52:43","label":"request_start","context":{"uri":"/","method":"POST","sapi":"cli-server","php_version":"8.1.34"}}
{"time":"2026-04-17 01:52:44","label":"request_start","context":{"uri":"/","method":"POST","sapi":"cli-server","php_version":"8.1.34"}}
{"time":"2026-04-17 01:52:44","label":"request_start","context":{"uri":"/","method":"POST","sapi":"cli-server","php_version":"8.1.34"}}
{"time":"2026-04-17 01:52:53","label":"request_start","context":{"uri":"/","method":"POST","sapi":"cli-server","php_version":"8.1.34"}}
{"time":"2026-04-17 01:52:53","label":"request_start","context":{"uri":"/","method":"POST","sapi":"cli-server","php_version":"8.1.34"}}
{"time":"2026-04-17 01:52:53","label":"request_start","context":{"uri":"/","method":"POST","sapi":"cli-server","php_version":"8.1.34"}}
{"time":"2026-04-17 01:52:53","label":"request_start","context":{"uri":"/","method":"POST","sapi":"cli-server","php_version":"8.1.34"}}
{"time":"2026-04-17 01:52:53","label":"request_start","context":{"uri":"/","method":"POST","sapi":"cli-server","php_version":"8.1.34"}}
{"time":"2026-04-17 01:52:54","label":"request_start","context":{"uri":"/?action=auth_list_users&token=eyJhbGciOiJIUzI1NiIsInR5cCI6IkpXVCJ9.eyJzdWIiOiI5MzcxNTE5OTk5Iiwicm9sZSI6InN1cGVyYWRtaW4iLCJuYW1lIjoiU3VwZXIgQWRtaW4iLCJpYXQiOjE3NzYzOTA3NzMsImV4cCI6MTc3NjQxOTU3M30.HBrmUfWaJlvxi_T4n3uthCDaaS2e4D8hW0gxprWAvk0","method":"GET","sapi":"cli-server","php_version":"8.1.34"}}
{"time":"2026-04-17 01:52:54","label":"request_start","context":{"uri":"/?action=admin_list_events&token=eyJhbGciOiJIUzI1NiIsInR5cCI6IkpXVCJ9.eyJzdWIiOiI5MzcxNTE5OTk5Iiwicm9sZSI6InN1cGVyYWRtaW4iLCJuYW1lIjoiU3VwZXIgQWRtaW4iLCJpYXQiOjE3NzYzOTA3NzMsImV4cCI6MTc3NjQxOTU3M30.HBrmUfWaJlvxi_T4n3uthCDaaS2e4D8hW0gxprWAvk0","method":"GET","sapi":"cli-server","php_version":"8.1.34"}}
{"time":"2026-04-17 01:52:54","label":"request_start","context":{"uri":"/?action=admin_cash_summary&token=eyJhbGciOiJIUzI1NiIsInR5cCI6IkpXVCJ9.eyJzdWIiOiI5MzcxNTE5OTk5Iiwicm9sZSI6InN1cGVyYWRtaW4iLCJuYW1lIjoiU3VwZXIgQWRtaW4iLCJpYXQiOjE3NzYzOTA3NzMsImV4cCI6MTc3NjQxOTU3M30.HBrmUfWaJlvxi_T4n3uthCDaaS2e4D8hW0gxprWAvk0","method":"GET","sapi":"cli-server","php_version":"8.1.34"}}
{"time":"2026-04-17 01:58:44","label":"request_start","context":{"uri":"/?tab=AWGNK%20MENU&shape=grid","method":"GET","sapi":"cli-server","php_version":"8.1.34"}}
{"time":"2026-04-17 01:59:16","label":"request_start","context":{"uri":"/?action=events_list&limit=20","method":"GET","sapi":"cli-server","php_version":"8.1.34"}}
{"time":"2026-04-17 01:59:18","label":"request_start","context":{"uri":"/?action=events_list&limit=24","method":"GET","sapi":"cli-server","php_version":"8.1.34"}}
{"time":"2026-04-17 01:59:23","label":"request_start","context":{"uri":"/","method":"POST","sapi":"cli-server","php_version":"8.1.34"}}
{"time":"2026-04-17 01:59:26","label":"request_start","context":{"uri":"/?action=auth_me&token=eyJhbGciOiJIUzI1NiIsInR5cCI6IkpXVCJ9.eyJzdWIiOiI5MzcxNTE5OTk5Iiwicm9sZSI6InN1cGVyYWRtaW4iLCJuYW1lIjoiU3VwZXIgQWRtaW4iLCJpYXQiOjE3NzYzOTExNjMsImV4cCI6MTc3NjQxOTk2M30.-FhWyJLHe9AVuLtktKN0Wzl2-xHPOCb4YPiWzLxYm5I","method":"GET","sapi":"cli-server","php_version":"8.1.34"}}
{"time":"2026-04-17 02:00:10","label":"request_start","context":{"uri":"/?action=ensure_qr_sheet","method":"GET","sapi":"cli-server","php_version":"8.1.34"}}
{"time":"2026-04-17 02:00:10","label":"request_start","context":{"uri":"/?action=qr_report","method":"GET","sapi":"cli-server","php_version":"8.1.34"}}
{"time":"2026-04-17 02:00:13","label":"request_start","context":{"uri":"/?action=auth_me&token=eyJhbGciOiJIUzI1NiIsInR5cCI6IkpXVCJ9.eyJzdWIiOiI5MzcxNTE5OTk5Iiwicm9sZSI6InN1cGVyYWRtaW4iLCJuYW1lIjoiU3VwZXIgQWRtaW4iLCJpYXQiOjE3NzYzOTExNjMsImV4cCI6MTc3NjQxOTk2M30.-FhWyJLHe9AVuLtktKN0Wzl2-xHPOCb4YPiWzLxYm5I","method":"GET","sapi":"cli-server","php_version":"8.1.34"}}
{"time":"2026-04-17 02:00:15","label":"request_start","context":{"uri":"/?action=auth_me&token=eyJhbGciOiJIUzI1NiIsInR5cCI6IkpXVCJ9.eyJzdWIiOiI5MzcxNTE5OTk5Iiwicm9sZSI6InN1cGVyYWRtaW4iLCJuYW1lIjoiU3VwZXIgQWRtaW4iLCJpYXQiOjE3NzYzOTExNjMsImV4cCI6MTc3NjQxOTk2M30.-FhWyJLHe9AVuLtktKN0Wzl2-xHPOCb4YPiWzLxYm5I","method":"GET","sapi":"cli-server","php_version":"8.1.34"}}
{"time":"2026-04-17 02:01:11","label":"request_start","context":{"uri":"/?action=qr_report","method":"GET","sapi":"cli-server","php_version":"8.1.34"}}
{"time":"2026-04-17 02:02:11","label":"request_start","context":{"uri":"/?action=qr_report","method":"GET","sapi":"cli-server","php_version":"8.1.34"}}
{"time":"2026-04-17 02:03:11","label":"request_start","context":{"uri":"/?action=qr_report","method":"GET","sapi":"cli-server","php_version":"8.1.34"}}
{"time":"2026-04-17 02:03:44","label":"request_start","context":{"uri":"/backend/index.php","method":"POST","sapi":"cli-server","php_version":"8.1.34"}}
{"time":"2026-04-17 02:03:45","label":"request_start","context":{"uri":"/backend/index.php","method":"POST","sapi":"cli-server","php_version":"8.1.34"}}
{"time":"2026-04-17 02:03:45","label":"request_start","context":{"uri":"/backend/index.php","method":"POST","sapi":"cli-server","php_version":"8.1.34"}}
{"time":"2026-04-17 02:03:45","label":"request_start","context":{"uri":"/backend/index.php?action=auth_list_users&token=eyJhbGciOiJIUzI1NiIsInR5cCI6IkpXVCJ9.eyJzdWIiOiI5MzcxNTE5OTk5Iiwicm9sZSI6InN1cGVyYWRtaW4iLCJuYW1lIjoiU3VwZXIgQWRtaW4iLCJpYXQiOjE3NzYzOTE0MjUsImV4cCI6MTc3NjQyMDIyNX0.5HF1EtExOXBdeigsYvCAK2bkvfw76lCH5FBMhlkmPhU","method":"GET","sapi":"cli-server","php_version":"8.1.34"}}
{"time":"2026-04-17 02:03:51","label":"request_start","context":{"uri":"/backend/index.php","method":"POST","sapi":"cli-server","php_version":"8.1.34"}}
{"time":"2026-04-17 02:03:52","label":"request_start","context":{"uri":"/backend/index.php","method":"POST","sapi":"cli-server","php_version":"8.1.34"}}
{"time":"2026-04-17 02:03:52","label":"request_start","context":{"uri":"/backend/index.php","method":"POST","sapi":"cli-server","php_version":"8.1.34"}}
{"time":"2026-04-17 02:03:52","label":"request_start","context":{"uri":"/backend/index.php?action=auth_list_users&token=eyJhbGciOiJIUzI1NiIsInR5cCI6IkpXVCJ9.eyJzdWIiOiI5MzcxNTE5OTk5Iiwicm9sZSI6InN1cGVyYWRtaW4iLCJuYW1lIjoiU3VwZXIgQWRtaW4iLCJpYXQiOjE3NzYzOTE0MzIsImV4cCI6MTc3NjQyMDIzMn0.N-v0MLI-mFgF_FG1f8BZMDMdzsGPHSxsYJMunoqo7kY","method":"GET","sapi":"cli-server","php_version":"8.1.34"}}
{"time":"2026-04-17 02:04:11","label":"request_start","context":{"uri":"/?action=qr_report","method":"GET","sapi":"cli-server","php_version":"8.1.34"}}
{"time":"2026-04-17 02:04:57","label":"request_start","context":{"uri":"/backend/index.php","method":"POST","sapi":"cli-server","php_version":"8.1.34"}}
{"time":"2026-04-17 02:04:57","label":"request_start","context":{"uri":"/backend/index.php","method":"POST","sapi":"cli-server","php_version":"8.1.34"}}
{"time":"2026-04-17 02:05:11","label":"request_start","context":{"uri":"/?action=qr_report","method":"GET","sapi":"cli-server","php_version":"8.1.34"}}
{"time":"2026-04-17 02:06:11","label":"request_start","context":{"uri":"/?action=qr_report","method":"GET","sapi":"cli-server","php_version":"8.1.34"}}
{"time":"2026-04-17 02:06:36","label":"request_start","context":{"uri":"/backend/","method":"POST","sapi":"cli-server","php_version":"8.1.34"}}
{"time":"2026-04-17 02:06:38","label":"request_start","context":{"uri":"/backend/?action=auth_me&token=eyJhbGciOiJIUzI1NiIsInR5cCI6IkpXVCJ9.eyJzdWIiOiI5MzcxNTE5OTk5Iiwicm9sZSI6InN1cGVyYWRtaW4iLCJuYW1lIjoiU3VwZXIgQWRtaW4iLCJpYXQiOjE3NzYzOTE1OTYsImV4cCI6MTc3NjQyMDM5Nn0._5sxSx7-sG44Mb6SlVcKl-GNZfTTIb-44wfUO1vHmUQ","method":"GET","sapi":"cli-server","php_version":"8.1.34"}}
{"time":"2026-04-17 02:06:42","label":"request_start","context":{"uri":"/backend/?action=auth_me&token=eyJhbGciOiJIUzI1NiIsInR5cCI6IkpXVCJ9.eyJzdWIiOiI5MzcxNTE5OTk5Iiwicm9sZSI6InN1cGVyYWRtaW4iLCJuYW1lIjoiU3VwZXIgQWRtaW4iLCJpYXQiOjE3NzYzOTE1OTYsImV4cCI6MTc3NjQyMDM5Nn0._5sxSx7-sG44Mb6SlVcKl-GNZfTTIb-44wfUO1vHmUQ","method":"GET","sapi":"cli-server","php_version":"8.1.34"}}
{"time":"2026-04-17 02:06:46","label":"request_start","context":{"uri":"/backend/?action=auth_me&token=eyJhbGciOiJIUzI1NiIsInR5cCI6IkpXVCJ9.eyJzdWIiOiI5MzcxNTE5OTk5Iiwicm9sZSI6InN1cGVyYWRtaW4iLCJuYW1lIjoiU3VwZXIgQWRtaW4iLCJpYXQiOjE3NzYzOTE1OTYsImV4cCI6MTc3NjQyMDM5Nn0._5sxSx7-sG44Mb6SlVcKl-GNZfTTIb-44wfUO1vHmUQ","method":"GET","sapi":"cli-server","php_version":"8.1.34"}}
{"time":"2026-04-17 02:06:47","label":"request_start","context":{"uri":"/backend/?action=auth_me&token=eyJhbGciOiJIUzI1NiIsInR5cCI6IkpXVCJ9.eyJzdWIiOiI5MzcxNTE5OTk5Iiwicm9sZSI6InN1cGVyYWRtaW4iLCJuYW1lIjoiU3VwZXIgQWRtaW4iLCJpYXQiOjE3NzYzOTE1OTYsImV4cCI6MTc3NjQyMDM5Nn0._5sxSx7-sG44Mb6SlVcKl-GNZfTTIb-44wfUO1vHmUQ","method":"GET","sapi":"cli-server","php_version":"8.1.34"}}
{"time":"2026-04-17 02:06:48","label":"request_start","context":{"uri":"/backend/?action=auth_me&token=eyJhbGciOiJIUzI1NiIsInR5cCI6IkpXVCJ9.eyJzdWIiOiI5MzcxNTE5OTk5Iiwicm9sZSI6InN1cGVyYWRtaW4iLCJuYW1lIjoiU3VwZXIgQWRtaW4iLCJpYXQiOjE3NzYzOTE1OTYsImV4cCI6MTc3NjQyMDM5Nn0._5sxSx7-sG44Mb6SlVcKl-GNZfTTIb-44wfUO1vHmUQ","method":"GET","sapi":"cli-server","php_version":"8.1.34"}}
{"time":"2026-04-17 02:07:10","label":"request_start","context":{"uri":"/backend/?action=auth_me&token=eyJhbGciOiJIUzI1NiIsInR5cCI6IkpXVCJ9.eyJzdWIiOiI5MzcxNTE5OTk5Iiwicm9sZSI6InN1cGVyYWRtaW4iLCJuYW1lIjoiU3VwZXIgQWRtaW4iLCJpYXQiOjE3NzYzOTE1OTYsImV4cCI6MTc3NjQyMDM5Nn0._5sxSx7-sG44Mb6SlVcKl-GNZfTTIb-44wfUO1vHmUQ","method":"GET","sapi":"cli-server","php_version":"8.1.34"}}
{"time":"2026-04-17 02:08:57","label":"request_start","context":{"uri":"/backend/?action=qr_report","method":"GET","sapi":"cli-server","php_version":"8.1.34"}}
{"time":"2026-04-17 02:08:58","label":"request_start","context":{"uri":"/backend/?action=ensure_qr_sheet","method":"GET","sapi":"cli-server","php_version":"8.1.34"}}
{"time":"2026-04-17 02:08:59","label":"request_start","context":{"uri":"/backend/?action=auth_me&token=eyJhbGciOiJIUzI1NiIsInR5cCI6IkpXVCJ9.eyJzdWIiOiI5MzcxNTE5OTk5Iiwicm9sZSI6InN1cGVyYWRtaW4iLCJuYW1lIjoiU3VwZXIgQWRtaW4iLCJpYXQiOjE3NzYzOTE1OTYsImV4cCI6MTc3NjQyMDM5Nn0._5sxSx7-sG44Mb6SlVcKl-GNZfTTIb-44wfUO1vHmUQ","method":"GET","sapi":"cli-server","php_version":"8.1.34"}}
{"time":"2026-04-17 02:09:16","label":"request_start","context":{"uri":"/backend/?action=auth_me&token=eyJhbGciOiJIUzI1NiIsInR5cCI6IkpXVCJ9.eyJzdWIiOiI5MzcxNTE5OTk5Iiwicm9sZSI6InN1cGVyYWRtaW4iLCJuYW1lIjoiU3VwZXIgQWRtaW4iLCJpYXQiOjE3NzYzOTE1OTYsImV4cCI6MTc3NjQyMDM5Nn0._5sxSx7-sG44Mb6SlVcKl-GNZfTTIb-44wfUO1vHmUQ","method":"GET","sapi":"cli-server","php_version":"8.1.34"}}
{"time":"2026-04-17 02:09:57","label":"request_start","context":{"uri":"/backend/?action=auth_me&token=eyJhbGciOiJIUzI1NiIsInR5cCI6IkpXVCJ9.eyJzdWIiOiI5MzcxNTE5OTk5Iiwicm9sZSI6InN1cGVyYWRtaW4iLCJuYW1lIjoiU3VwZXIgQWRtaW4iLCJpYXQiOjE3NzYzOTE1OTYsImV4cCI6MTc3NjQyMDM5Nn0._5sxSx7-sG44Mb6SlVcKl-GNZfTTIb-44wfUO1vHmUQ","method":"GET","sapi":"cli-server","php_version":"8.1.34"}}
{"time":"2026-04-17 02:09:57","label":"request_start","context":{"uri":"/backend/","method":"POST","sapi":"cli-server","php_version":"8.1.34"}}
{"time":"2026-04-17 02:09:57","label":"request_start","context":{"uri":"/backend/?action=qr_report","method":"GET","sapi":"cli-server","php_version":"8.1.34"}}
{"time":"2026-04-17 02:10:11","label":"request_start","context":{"uri":"/backend/","method":"POST","sapi":"cli-server","php_version":"8.1.34"}}
{"time":"2026-04-17 02:10:58","label":"request_start","context":{"uri":"/backend/?action=qr_report","method":"GET","sapi":"cli-server","php_version":"8.1.34"}}
{"time":"2026-04-17 02:11:11","label":"request_start","context":{"uri":"/backend/","method":"POST","sapi":"cli-server","php_version":"8.1.34"}}
{"time":"2026-04-17 02:15:17","label":"request_start","context":{"uri":"/backend/","method":"POST","sapi":"cli-server","php_version":"8.1.34"}}
{"time":"2026-04-17 02:15:19","label":"request_start","context":{"uri":"/backend/?action=auth_me&token=eyJhbGciOiJIUzI1NiIsInR5cCI6IkpXVCJ9.eyJzdWIiOiI5MzcxNTE5OTk5Iiwicm9sZSI6InN1cGVyYWRtaW4iLCJuYW1lIjoiU3VwZXIgQWRtaW4iLCJpYXQiOjE3NzYzOTIxMTcsImV4cCI6MTc3NjQyMDkxN30.pazboTiqWDQmE1Wz8b6uIXOboXk2GsZa-cba-wziCtU","method":"GET","sapi":"cli-server","php_version":"8.1.34"}}
{"time":"2026-04-17 02:15:22","label":"request_start","context":{"uri":"/backend/?action=auth_me&token=eyJhbGciOiJIUzI1NiIsInR5cCI6IkpXVCJ9.eyJzdWIiOiI5MzcxNTE5OTk5Iiwicm9sZSI6InN1cGVyYWRtaW4iLCJuYW1lIjoiU3VwZXIgQWRtaW4iLCJpYXQiOjE3NzYzOTIxMTcsImV4cCI6MTc3NjQyMDkxN30.pazboTiqWDQmE1Wz8b6uIXOboXk2GsZa-cba-wziCtU","method":"GET","sapi":"cli-server","php_version":"8.1.34"}}
{"time":"2026-04-17 04:23:01","label":"request_start","context":{"uri":"/backend/?tab=AWGNK%20MENU&shape=grid","method":"GET","sapi":"cli-server","php_version":"8.1.34"}}
{"time":"2026-04-17 04:23:01","label":"request_start","context":{"uri":"/backend/?tab=BAR%20MENU%20NK&shape=grid","method":"GET","sapi":"cli-server","php_version":"8.1.34"}}
{"time":"2026-04-17 04:23:01","label":"request_start","context":{"uri":"/backend/?tab=AWGNK%20MENU&shape=grid","method":"GET","sapi":"cli-server","php_version":"8.1.34"}}
{"time":"2026-04-17 04:24:05","label":"request_start","context":{"uri":"/backend/","method":"POST","sapi":"cli-server","php_version":"8.1.34"}}
{"time":"2026-04-17 04:24:28","label":"request_start","context":{"uri":"/backend/","method":"POST","sapi":"cli-server","php_version":"8.1.34"}}
{"time":"2026-04-17 04:24:30","label":"request_start","context":{"uri":"/backend/","method":"POST","sapi":"cli-server","php_version":"8.1.34"}}
{"time":"2026-04-17 04:24:53","label":"request_start","context":{"uri":"/backend/","method":"POST","sapi":"cli-server","php_version":"8.1.34"}}
{"time":"2026-04-17 04:25:53","label":"request_start","context":{"uri":"/backend/","method":"POST","sapi":"cli-server","php_version":"8.1.34"}}
{"time":"2026-04-17 04:27:31","label":"request_start","context":{"uri":"/backend/","method":"POST","sapi":"cli-server","php_version":"8.1.34"}}
{"time":"2026-04-17 04:27:38","label":"request_start","context":{"uri":"/backend/","method":"POST","sapi":"cli-server","php_version":"8.1.34"}}
{"time":"2026-04-17 04:27:42","label":"request_start","context":{"uri":"/backend/","method":"POST","sapi":"cli-server","php_version":"8.1.34"}}
{"time":"2026-04-17 04:32:02","label":"request_start","context":{"uri":"/backend/?action=qr_report","method":"GET","sapi":"cli-server","php_version":"8.1.34"}}
{"time":"2026-04-17 04:32:03","label":"request_start","context":{"uri":"/backend/?action=ensure_qr_sheet","method":"GET","sapi":"cli-server","php_version":"8.1.34"}}
{"time":"2026-04-17 04:32:10","label":"request_start","context":{"uri":"/backend/?action=superadmin_cash_dashboard&ledgerDate=2026-04-17&token=eyJhbGciOiJIUzI1NiIsInR5cCI6IkpXVCJ9.eyJzdWIiOiI5MzcxNTE5OTk5Iiwicm9sZSI6InN1cGVyYWRtaW4iLCJuYW1lIjoiU3VwZXIgQWRtaW4iLCJpYXQiOjE3NzYzOTk4NjgsImV4cCI6MTc3NjQyODY2OH0.l9bP072p2Ts29Do-Xd5M-SSF6jYj_IPgYwG_BDbAtuk","method":"GET","sapi":"cli-server","php_version":"8.1.34"}}
{"time":"2026-04-17 04:32:17","label":"request_start","context":{"uri":"/backend/","method":"POST","sapi":"cli-server","php_version":"8.1.34"}}
{"time":"2026-04-17 04:32:18","label":"request_start","context":{"uri":"/backend/","method":"POST","sapi":"cli-server","php_version":"8.1.34"}}
{"time":"2026-04-17 04:32:47","label":"request_start","context":{"uri":"/backend/","method":"POST","sapi":"cli-server","php_version":"8.1.34"}}
{"time":"2026-04-17 04:39:48","label":"request_start","context":{"uri":"/backend/","method":"POST","sapi":"cli-server","php_version":"8.1.34"}}
{"time":"2026-04-17 04:39:58","label":"request_start","context":{"uri":"/backend/","method":"POST","sapi":"cli-server","php_version":"8.1.34"}}
{"time":"2026-04-17 04:40:03","label":"request_start","context":{"uri":"/backend/","method":"POST","sapi":"cli-server","php_version":"8.1.34"}}
{"time":"2026-04-17 05:12:06","label":"request_start","context":{"uri":"/backend/","method":"POST","sapi":"cli-server","php_version":"8.1.34"}}
{"time":"2026-04-17 05:12:13","label":"request_start","context":{"uri":"/backend/","method":"POST","sapi":"cli-server","php_version":"8.1.34"}}
{"time":"2026-04-17 05:12:13","label":"request_start","context":{"uri":"/backend/","method":"POST","sapi":"cli-server","php_version":"8.1.34"}}
{"time":"2026-04-17 05:12:27","label":"request_start","context":{"uri":"/backend/","method":"POST","sapi":"cli-server","php_version":"8.1.34"}}
{"time":"2026-04-17 05:15:18","label":"request_start","context":{"uri":"/backend/","method":"POST","sapi":"cli-server","php_version":"8.1.34"}}
{"time":"2026-04-17 05:15:21","label":"request_start","context":{"uri":"/backend/","method":"POST","sapi":"cli-server","php_version":"8.1.34"}}
{"time":"2026-04-17 05:15:28","label":"request_start","context":{"uri":"/backend/","method":"POST","sapi":"cli-server","php_version":"8.1.34"}}
{"time":"2026-04-17 05:15:30","label":"request_start","context":{"uri":"/backend/","method":"POST","sapi":"cli-server","php_version":"8.1.34"}}
{"time":"2026-04-17 05:15:31","label":"request_start","context":{"uri":"/backend/","method":"POST","sapi":"cli-server","php_version":"8.1.34"}}
{"time":"2026-04-17 05:15:32","label":"request_start","context":{"uri":"/backend/","method":"POST","sapi":"cli-server","php_version":"8.1.34"}}
{"time":"2026-04-17 05:15:33","label":"request_start","context":{"uri":"/backend/","method":"POST","sapi":"cli-server","php_version":"8.1.34"}}
{"time":"2026-04-17 05:15:34","label":"request_start","context":{"uri":"/backend/","method":"POST","sapi":"cli-server","php_version":"8.1.34"}}
{"time":"2026-04-17 05:15:35","label":"request_start","context":{"uri":"/backend/","method":"POST","sapi":"cli-server","php_version":"8.1.34"}}
{"time":"2026-04-17 05:15:36","label":"request_start","context":{"uri":"/backend/","method":"POST","sapi":"cli-server","php_version":"8.1.34"}}
{"time":"2026-04-17 05:15:38","label":"request_start","context":{"uri":"/backend/","method":"POST","sapi":"cli-server","php_version":"8.1.34"}}
{"time":"2026-04-17 05:15:40","label":"request_start","context":{"uri":"/backend/","method":"POST","sapi":"cli-server","php_version":"8.1.34"}}
{"time":"2026-04-17 05:15:41","label":"request_start","context":{"uri":"/backend/","method":"POST","sapi":"cli-server","php_version":"8.1.34"}}
{"time":"2026-04-17 05:15:42","label":"request_start","context":{"uri":"/backend/","method":"POST","sapi":"cli-server","php_version":"8.1.34"}}
{"time":"2026-04-17 05:15:42","label":"request_start","context":{"uri":"/backend/","method":"POST","sapi":"cli-server","php_version":"8.1.34"}}
{"time":"2026-04-17 05:15:43","label":"request_start","context":{"uri":"/backend/","method":"POST","sapi":"cli-server","php_version":"8.1.34"}}
{"time":"2026-04-17 05:15:44","label":"request_start","context":{"uri":"/backend/","method":"POST","sapi":"cli-server","php_version":"8.1.34"}}
{"time":"2026-04-17 05:15:44","label":"request_start","context":{"uri":"/backend/","method":"POST","sapi":"cli-server","php_version":"8.1.34"}}
{"time":"2026-04-17 05:15:45","label":"request_start","context":{"uri":"/backend/","method":"POST","sapi":"cli-server","php_version":"8.1.34"}}
{"time":"2026-04-17 05:15:46","label":"request_start","context":{"uri":"/backend/","method":"POST","sapi":"cli-server","php_version":"8.1.34"}}
{"time":"2026-04-17 05:15:49","label":"request_start","context":{"uri":"/backend/","method":"POST","sapi":"cli-server","php_version":"8.1.34"}}
{"time":"2026-04-17 05:15:50","label":"request_start","context":{"uri":"/backend/","method":"POST","sapi":"cli-server","php_version":"8.1.34"}}
{"time":"2026-04-17 05:15:51","label":"request_start","context":{"uri":"/backend/","method":"POST","sapi":"cli-server","php_version":"8.1.34"}}
{"time":"2026-04-17 05:15:52","label":"request_start","context":{"uri":"/backend/","method":"POST","sapi":"cli-server","php_version":"8.1.34"}}
{"time":"2026-04-17 05:15:52","label":"request_start","context":{"uri":"/backend/","method":"POST","sapi":"cli-server","php_version":"8.1.34"}}
{"time":"2026-04-17 05:15:57","label":"request_start","context":{"uri":"/backend/","method":"POST","sapi":"cli-server","php_version":"8.1.34"}}
{"time":"2026-04-17 05:15:58","label":"request_start","context":{"uri":"/backend/","method":"POST","sapi":"cli-server","php_version":"8.1.34"}}
{"time":"2026-04-17 05:15:59","label":"request_start","context":{"uri":"/backend/","method":"POST","sapi":"cli-server","php_version":"8.1.34"}}
{"time":"2026-04-17 05:16:00","label":"request_start","context":{"uri":"/backend/","method":"POST","sapi":"cli-server","php_version":"8.1.34"}}
{"time":"2026-04-17 05:16:00","label":"request_start","context":{"uri":"/backend/","method":"POST","sapi":"cli-server","php_version":"8.1.34"}}
{"time":"2026-04-17 05:16:01","label":"request_start","context":{"uri":"/backend/","method":"POST","sapi":"cli-server","php_version":"8.1.34"}}
{"time":"2026-04-17 05:16:02","label":"request_start","context":{"uri":"/backend/","method":"POST","sapi":"cli-server","php_version":"8.1.34"}}
{"time":"2026-04-17 05:16:03","label":"request_start","context":{"uri":"/backend/","method":"POST","sapi":"cli-server","php_version":"8.1.34"}}
{"time":"2026-04-17 05:16:03","label":"request_start","context":{"uri":"/backend/","method":"POST","sapi":"cli-server","php_version":"8.1.34"}}
{"time":"2026-04-17 05:16:06","label":"request_start","context":{"uri":"/backend/","method":"POST","sapi":"cli-server","php_version":"8.1.34"}}
{"time":"2026-04-17 05:16:07","label":"request_start","context":{"uri":"/backend/","method":"POST","sapi":"cli-server","php_version":"8.1.34"}}
{"time":"2026-04-17 05:16:08","label":"request_start","context":{"uri":"/backend/","method":"POST","sapi":"cli-server","php_version":"8.1.34"}}
{"time":"2026-04-17 05:16:09","label":"request_start","context":{"uri":"/backend/","method":"POST","sapi":"cli-server","php_version":"8.1.34"}}
{"time":"2026-04-17 05:16:09","label":"request_start","context":{"uri":"/backend/","method":"POST","sapi":"cli-server","php_version":"8.1.34"}}
{"time":"2026-04-17 05:16:10","label":"request_start","context":{"uri":"/backend/","method":"POST","sapi":"cli-server","php_version":"8.1.34"}}
{"time":"2026-04-17 05:16:10","label":"request_start","context":{"uri":"/backend/","method":"POST","sapi":"cli-server","php_version":"8.1.34"}}
{"time":"2026-04-17 05:16:11","label":"request_start","context":{"uri":"/backend/","method":"POST","sapi":"cli-server","php_version":"8.1.34"}}
{"time":"2026-04-17 05:16:12","label":"request_start","context":{"uri":"/backend/","method":"POST","sapi":"cli-server","php_version":"8.1.34"}}
{"time":"2026-04-17 05:16:13","label":"request_start","context":{"uri":"/backend/","method":"POST","sapi":"cli-server","php_version":"8.1.34"}}
{"time":"2026-04-17 05:17:17","label":"request_start","context":{"uri":"/backend/","method":"POST","sapi":"cli-server","php_version":"8.1.34"}}
{"time":"2026-04-17 05:29:38","label":"request_start","context":{"uri":"/backend/","method":"POST","sapi":"cli-server","php_version":"8.1.34"}}
{"time":"2026-04-17 05:29:50","label":"request_start","context":{"uri":"/backend/","method":"POST","sapi":"cli-server","php_version":"8.1.34"}}
{"time":"2026-04-17 05:29:52","label":"request_start","context":{"uri":"/backend/","method":"POST","sapi":"cli-server","php_version":"8.1.34"}}
{"time":"2026-04-17 08:09:22","label":"request_start","context":{"uri":"/?action=auth_bootstrap_status","method":"GET","sapi":"cli-server","php_version":"8.1.34"}}
{"time":"2026-04-17 08:09:48","label":"request_start","context":{"uri":"/","method":"POST","sapi":"cli-server","php_version":"8.1.34"}}
{"time":"2026-04-17 08:09:49","label":"request_start","context":{"uri":"/","method":"POST","sapi":"cli-server","php_version":"8.1.34"}}
{"time":"2026-04-17 08:09:49","label":"request_start","context":{"uri":"/","method":"POST","sapi":"cli-server","php_version":"8.1.34"}}
{"time":"2026-04-17 13:39:49","label":"unhandled_exception","context":{"message":"SQLSTATE[42S22]: Column not found: 1054 Unknown column 'primary_diet' in 'field list'","file":"D:\\GITHUB Projects\\Namaste Kalyan\\namastekalyan\\backend\\src\\Repositories\\MenuRepository.php","line":208}}
{"time":"2026-04-17 08:10:27","label":"request_start","context":{"uri":"/","method":"POST","sapi":"cli-server","php_version":"8.1.34"}}
{"time":"2026-04-17 08:10:27","label":"request_start","context":{"uri":"/","method":"POST","sapi":"cli-server","php_version":"8.1.34"}}
{"time":"2026-04-17 08:10:28","label":"request_start","context":{"uri":"/","method":"POST","sapi":"cli-server","php_version":"8.1.34"}}
{"time":"2026-04-17 13:40:28","label":"unhandled_exception","context":{"message":"SQLSTATE[42S22]: Column not found: 1054 Unknown column 'primary_diet' in 'field list'","file":"D:\\GITHUB Projects\\Namaste Kalyan\\namastekalyan\\backend\\src\\Repositories\\MenuRepository.php","line":208}}
{"time":"2026-04-17 08:10:38","label":"request_start","context":{"uri":"/","method":"POST","sapi":"cli-server","php_version":"8.1.34"}}
{"time":"2026-04-17 08:10:46","label":"request_start","context":{"uri":"/","method":"POST","sapi":"cli-server","php_version":"8.1.34"}}
{"time":"2026-04-17 08:11:20","label":"request_start","context":{"uri":"/","method":"POST","sapi":"cli-server","php_version":"8.1.34"}}
{"time":"2026-04-17 08:11:20","label":"request_start","context":{"uri":"/","method":"POST","sapi":"cli-server","php_version":"8.1.34"}}
{"time":"2026-04-17 08:11:20","label":"request_start","context":{"uri":"/","method":"POST","sapi":"cli-server","php_version":"8.1.34"}}
{"time":"2026-04-17 13:41:21","label":"unhandled_exception","context":{"message":"SQLSTATE[42S22]: Column not found: 1054 Unknown column 'primary_diet' in 'field list'","file":"D:\\GITHUB Projects\\Namaste Kalyan\\namastekalyan\\backend\\src\\Repositories\\MenuRepository.php","line":208}}
{"time":"2026-04-17 08:11:50","label":"request_start","context":{"uri":"/","method":"POST","sapi":"cli-server","php_version":"8.1.34"}}
{"time":"2026-04-17 08:11:50","label":"request_start","context":{"uri":"/","method":"POST","sapi":"cli-server","php_version":"8.1.34"}}
{"time":"2026-04-17 13:41:51","label":"unhandled_exception","context":{"message":"SQLSTATE[42S22]: Column not found: 1054 Unknown column 'primary_diet' in 'field list'","file":"D:\\GITHUB Projects\\Namaste Kalyan\\namastekalyan\\backend\\src\\Repositories\\MenuRepository.php","line":208}}
{"time":"2026-04-17 08:12:16","label":"request_start","context":{"uri":"/backend/","method":"POST","sapi":"cli-server","php_version":"8.1.34"}}
{"time":"2026-04-17 08:12:19","label":"request_start","context":{"uri":"/backend/","method":"POST","sapi":"cli-server","php_version":"8.1.34"}}
{"time":"2026-04-17 08:12:22","label":"request_start","context":{"uri":"/backend/","method":"POST","sapi":"cli-server","php_version":"8.1.34"}}
{"time":"2026-04-17 08:12:31","label":"request_start","context":{"uri":"/backend/","method":"POST","sapi":"cli-server","php_version":"8.1.34"}}
{"time":"2026-04-17 08:12:33","label":"request_start","context":{"uri":"/backend/","method":"POST","sapi":"cli-server","php_version":"8.1.34"}}
{"time":"2026-04-17 08:12:52","label":"request_start","context":{"uri":"/backend/?action=event_guest_report&token=eyJhbGciOiJIUzI1NiIsInR5cCI6IkpXVCJ9.eyJzdWIiOiI5MzcxNTE5OTk5Iiwicm9sZSI6InN1cGVyYWRtaW4iLCJuYW1lIjoiU3VwZXIgQWRtaW4iLCJpYXQiOjE3NzY0MTM1MzksImV4cCI6MTc3NjQ0MjMzOX0.VHsP9Wsdr0CkoIhmO7HyoziSIr5G0nSZe_wFa9o_R-w","method":"GET","sapi":"cli-server","php_version":"8.1.34"}}
{"time":"2026-04-17 13:42:53","label":"unhandled_exception","context":{"message":"SQLSTATE[42000]: Syntax error or access violation: 1064 You have an error in your SQL syntax; check the manual that corresponds to your MySQL server version for the right syntax to use near 'BY t.id DESC' at line 22","file":"D:\\GITHUB Projects\\Namaste Kalyan\\namastekalyan\\backend\\src\\Controllers\\EventController.php","line":180}}
{"time":"2026-04-17 08:13:10","label":"request_start","context":{"uri":"/backend/?action=verify&phone=9330033000&token=eyJhbGciOiJIUzI1NiIsInR5cCI6IkpXVCJ9.eyJzdWIiOiI5MzcxNTE5OTk5Iiwicm9sZSI6InN1cGVyYWRtaW4iLCJuYW1lIjoiU3VwZXIgQWRtaW4iLCJpYXQiOjE3NzY0MTM1MzksImV4cCI6MTc3NjQ0MjMzOX0.VHsP9Wsdr0CkoIhmO7HyoziSIr5G0nSZe_wFa9o_R-w","method":"GET","sapi":"cli-server","php_version":"8.1.34"}}
{"time":"2026-04-17 08:13:17","label":"request_start","context":{"uri":"/backend/?action=events_list&limit=20&token=eyJhbGciOiJIUzI1NiIsInR5cCI6IkpXVCJ9.eyJzdWIiOiI5MzcxNTE5OTk5Iiwicm9sZSI6InN1cGVyYWRtaW4iLCJuYW1lIjoiU3VwZXIgQWRtaW4iLCJpYXQiOjE3NzY0MTM1MzksImV4cCI6MTc3NjQ0MjMzOX0.VHsP9Wsdr0CkoIhmO7HyoziSIr5G0nSZe_wFa9o_R-w","method":"GET","sapi":"cli-server","php_version":"8.1.34"}}
{"time":"2026-04-17 08:13:17","label":"request_start","context":{"uri":"/backend/?action=admin_cash_summary&ledgerDate=2026-04-17&token=eyJhbGciOiJIUzI1NiIsInR5cCI6IkpXVCJ9.eyJzdWIiOiI5MzcxNTE5OTk5Iiwicm9sZSI6InN1cGVyYWRtaW4iLCJuYW1lIjoiU3VwZXIgQWRtaW4iLCJpYXQiOjE3NzY0MTM1MzksImV4cCI6MTc3NjQ0MjMzOX0.VHsP9Wsdr0CkoIhmO7HyoziSIr5G0nSZe_wFa9o_R-w","method":"GET","sapi":"cli-server","php_version":"8.1.34"}}
{"time":"2026-04-17 08:13:33","label":"request_start","context":{"uri":"/backend/?action=admin_cash_summary&ledgerDate=2026-04-17&token=eyJhbGciOiJIUzI1NiIsInR5cCI6IkpXVCJ9.eyJzdWIiOiI5MzcxNTE5OTk5Iiwicm9sZSI6InN1cGVyYWRtaW4iLCJuYW1lIjoiU3VwZXIgQWRtaW4iLCJpYXQiOjE3NzY0MTM1MzksImV4cCI6MTc3NjQ0MjMzOX0.VHsP9Wsdr0CkoIhmO7HyoziSIr5G0nSZe_wFa9o_R-w","method":"GET","sapi":"cli-server","php_version":"8.1.34"}}
{"time":"2026-04-17 08:13:36","label":"request_start","context":{"uri":"/backend/","method":"POST","sapi":"cli-server","php_version":"8.1.34"}}
{"time":"2026-04-17 08:13:38","label":"request_start","context":{"uri":"/backend/","method":"POST","sapi":"cli-server","php_version":"8.1.34"}}
{"time":"2026-04-17 08:15:48","label":"request_start","context":{"uri":"/backend/","method":"POST","sapi":"cli-server","php_version":"8.1.34"}}
{"time":"2026-04-17 08:15:53","label":"request_start","context":{"uri":"/backend/","method":"POST","sapi":"cli-server","php_version":"8.1.34"}}
{"time":"2026-04-17 08:15:53","label":"request_start","context":{"uri":"/backend/","method":"POST","sapi":"cli-server","php_version":"8.1.34"}}
{"time":"2026-04-17 08:21:45","label":"request_start","context":{"uri":"/","method":"POST","sapi":"cli-server","php_version":"8.1.34"}}
{"time":"2026-04-17 08:21:45","label":"request_start","context":{"uri":"/","method":"POST","sapi":"cli-server","php_version":"8.1.34"}}
{"time":"2026-04-17 08:21:45","label":"request_start","context":{"uri":"/","method":"POST","sapi":"cli-server","php_version":"8.1.34"}}
{"time":"2026-04-17 08:21:45","label":"request_start","context":{"uri":"/","method":"POST","sapi":"cli-server","php_version":"8.1.34"}}
{"time":"2026-04-17 08:21:46","label":"request_start","context":{"uri":"/","method":"POST","sapi":"cli-server","php_version":"8.1.34"}}
{"time":"2026-04-17 08:21:46","label":"request_start","context":{"uri":"/","method":"POST","sapi":"cli-server","php_version":"8.1.34"}}
{"time":"2026-04-17 08:21:46","label":"request_start","context":{"uri":"/","method":"POST","sapi":"cli-server","php_version":"8.1.34"}}
{"time":"2026-04-17 08:21:46","label":"request_start","context":{"uri":"/","method":"POST","sapi":"cli-server","php_version":"8.1.34"}}
{"time":"2026-04-17 08:49:03","label":"request_start","context":{"uri":"/backend/","method":"POST","sapi":"cli-server","php_version":"8.1.34"}}
{"time":"2026-04-17 08:49:05","label":"request_start","context":{"uri":"/backend/","method":"POST","sapi":"cli-server","php_version":"8.1.34"}}
{"time":"2026-04-17 08:49:07","label":"request_start","context":{"uri":"/backend/","method":"POST","sapi":"cli-server","php_version":"8.1.34"}}
{"time":"2026-04-17 08:49:29","label":"request_start","context":{"uri":"/backend/?action=event_guest_report&token=eyJhbGciOiJIUzI1NiIsInR5cCI6IkpXVCJ9.eyJzdWIiOiI5MzcxNTE5OTk5Iiwicm9sZSI6InN1cGVyYWRtaW4iLCJuYW1lIjoiU3VwZXIgQWRtaW4iLCJpYXQiOjE3NzY0MTM1MzksImV4cCI6MTc3NjQ0MjMzOX0.VHsP9Wsdr0CkoIhmO7HyoziSIr5G0nSZe_wFa9o_R-w","method":"GET","sapi":"cli-server","php_version":"8.1.34"}}
{"time":"2026-04-17 14:19:29","label":"unhandled_exception","context":{"message":"SQLSTATE[42000]: Syntax error or access violation: 1064 You have an error in your SQL syntax; check the manual that corresponds to your MySQL server version for the right syntax to use near 'BY t.id DESC' at line 22","file":"D:\\GITHUB Projects\\Namaste Kalyan\\namastekalyan\\backend\\src\\Controllers\\EventController.php","line":180}}
{"time":"2026-04-17 08:49:32","label":"request_start","context":{"uri":"/backend/","method":"POST","sapi":"cli-server","php_version":"8.1.34"}}
{"time":"2026-04-17 08:50:16","label":"request_start","context":{"uri":"/backend/","method":"POST","sapi":"cli-server","php_version":"8.1.34"}}
{"time":"2026-04-17 08:50:38","label":"request_start","context":{"uri":"/backend/","method":"POST","sapi":"cli-server","php_version":"8.1.34"}}
{"time":"2026-04-17 08:50:51","label":"request_start","context":{"uri":"/backend/","method":"POST","sapi":"cli-server","php_version":"8.1.34"}}
{"time":"2026-04-17 08:50:54","label":"request_start","context":{"uri":"/backend/","method":"POST","sapi":"cli-server","php_version":"8.1.34"}}
{"time":"2026-04-17 08:51:00","label":"request_start","context":{"uri":"/backend/","method":"POST","sapi":"cli-server","php_version":"8.1.34"}}
{"time":"2026-04-17 08:52:07","label":"request_start","context":{"uri":"/backend/","method":"POST","sapi":"cli-server","php_version":"8.1.34"}}
{"time":"2026-04-17 08:52:07","label":"request_start","context":{"uri":"/backend/","method":"POST","sapi":"cli-server","php_version":"8.1.34"}}
{"time":"2026-04-17 08:56:52","label":"request_start","context":{"uri":"/backend/","method":"POST","sapi":"cli-server","php_version":"8.1.34"}}
{"time":"2026-04-17 09:00:34","label":"request_start","context":{"uri":"/backend/","method":"POST","sapi":"cli-server","php_version":"8.1.34"}}
{"time":"2026-04-17 09:01:56","label":"request_start","context":{"uri":"/backend/","method":"POST","sapi":"cli-server","php_version":"8.1.34"}}
{"time":"2026-04-17 09:01:56","label":"request_start","context":{"uri":"/backend/","method":"POST","sapi":"cli-server","php_version":"8.1.34"}}
{"time":"2026-04-17 09:02:05","label":"request_start","context":{"uri":"/backend/","method":"POST","sapi":"cli-server","php_version":"8.1.34"}}
{"time":"2026-04-17 09:02:13","label":"request_start","context":{"uri":"/backend/","method":"POST","sapi":"cli-server","php_version":"8.1.34"}}
{"time":"2026-04-17 09:02:18","label":"request_start","context":{"uri":"/backend/","method":"POST","sapi":"cli-server","php_version":"8.1.34"}}
{"time":"2026-04-17 09:02:47","label":"request_start","context":{"uri":"/backend/","method":"POST","sapi":"cli-server","php_version":"8.1.34"}}
{"time":"2026-04-17 09:02:51","label":"request_start","context":{"uri":"/backend/","method":"POST","sapi":"cli-server","php_version":"8.1.34"}}
{"time":"2026-04-17 09:02:53","label":"request_start","context":{"uri":"/backend/?action=superadmin_cash_dashboard&ledgerDate=2026-04-17&token=eyJhbGciOiJIUzI1NiIsInR5cCI6IkpXVCJ9.eyJzdWIiOiI5MzcxNTE5OTk5Iiwicm9sZSI6InN1cGVyYWRtaW4iLCJuYW1lIjoiU3VwZXIgQWRtaW4iLCJpYXQiOjE3NzY0MTU4NTEsImV4cCI6MTc3NjQ0NDY1MX0.B_p3KbsY5Oc5VUp54Zr-UU8E5bWvACpcDqFXaHlDyFQ","method":"GET","sapi":"cli-server","php_version":"8.1.34"}}
{"time":"2026-04-17 09:02:57","label":"request_start","context":{"uri":"/backend/?action=ensure_qr_sheet","method":"GET","sapi":"cli-server","php_version":"8.1.34"}}
{"time":"2026-04-17 09:02:57","label":"request_start","context":{"uri":"/backend/?action=qr_report","method":"GET","sapi":"cli-server","php_version":"8.1.34"}}
{"time":"2026-04-17 09:03:02","label":"request_start","context":{"uri":"/backend/?action=qr_report","method":"GET","sapi":"cli-server","php_version":"8.1.34"}}
{"time":"2026-04-17 09:03:02","label":"request_start","context":{"uri":"/backend/?action=ensure_qr_sheet","method":"GET","sapi":"cli-server","php_version":"8.1.34"}}
{"time":"2026-04-17 09:03:06","label":"request_start","context":{"uri":"/backend/?action=qr_report","method":"GET","sapi":"cli-server","php_version":"8.1.34"}}
{"time":"2026-04-17 09:04:03","label":"request_start","context":{"uri":"/backend/?action=qr_report","method":"GET","sapi":"cli-server","php_version":"8.1.34"}}
{"time":"2026-04-17 09:05:03","label":"request_start","context":{"uri":"/backend/?action=qr_report","method":"GET","sapi":"cli-server","php_version":"8.1.34"}}
{"time":"2026-04-17 09:06:03","label":"request_start","context":{"uri":"/backend/?action=qr_report","method":"GET","sapi":"cli-server","php_version":"8.1.34"}}
{"time":"2026-04-17 09:07:03","label":"request_start","context":{"uri":"/backend/?action=qr_report","method":"GET","sapi":"cli-server","php_version":"8.1.34"}}
{"time":"2026-04-17 09:08:03","label":"request_start","context":{"uri":"/backend/?action=qr_report","method":"GET","sapi":"cli-server","php_version":"8.1.34"}}
{"time":"2026-04-17 09:09:03","label":"request_start","context":{"uri":"/backend/?action=qr_report","method":"GET","sapi":"cli-server","php_version":"8.1.34"}}
{"time":"2026-04-17 09:10:08","label":"request_start","context":{"uri":"/backend/?action=qr_report","method":"GET","sapi":"cli-server","php_version":"8.1.34"}}
{"time":"2026-04-17 09:11:08","label":"request_start","context":{"uri":"/backend/?action=qr_report","method":"GET","sapi":"cli-server","php_version":"8.1.34"}}
{"time":"2026-04-17 09:11:40","label":"request_start","context":{"uri":"/backend/?action=admin_list_events&token=eyJhbGciOiJIUzI1NiIsInR5cCI6IkpXVCJ9.eyJzdWIiOiI5MzcxNTE5OTk5Iiwicm9sZSI6InN1cGVyYWRtaW4iLCJuYW1lIjoiU3VwZXIgQWRtaW4iLCJpYXQiOjE3NzY0MTU4NTEsImV4cCI6MTc3NjQ0NDY1MX0.B_p3KbsY5Oc5VUp54Zr-UU8E5bWvACpcDqFXaHlDyFQ","method":"GET","sapi":"cli-server","php_version":"8.1.34"}}
{"time":"2026-04-17 09:12:21","label":"request_start","context":{"uri":"/backend/","method":"POST","sapi":"cli-server","php_version":"8.1.34"}}
{"time":"2026-04-17 09:13:28","label":"request_start","context":{"uri":"/backend/?action=admin_list_events&token=eyJhbGciOiJIUzI1NiIsInR5cCI6IkpXVCJ9.eyJzdWIiOiI5MzcxNTE5OTk5Iiwicm9sZSI6InN1cGVyYWRtaW4iLCJuYW1lIjoiU3VwZXIgQWRtaW4iLCJpYXQiOjE3NzY0MTU4NTEsImV4cCI6MTc3NjQ0NDY1MX0.B_p3KbsY5Oc5VUp54Zr-UU8E5bWvACpcDqFXaHlDyFQ","method":"GET","sapi":"cli-server","php_version":"8.1.34"}}
{"time":"2026-04-17 09:13:54","label":"request_start","context":{"uri":"/backend/","method":"POST","sapi":"cli-server","php_version":"8.1.34"}}
{"time":"2026-04-17 09:13:54","label":"request_start","context":{"uri":"/backend/?action=admin_list_events&token=eyJhbGciOiJIUzI1NiIsInR5cCI6IkpXVCJ9.eyJzdWIiOiI5MzcxNTE5OTk5Iiwicm9sZSI6InN1cGVyYWRtaW4iLCJuYW1lIjoiU3VwZXIgQWRtaW4iLCJpYXQiOjE3NzY0MTU4NTEsImV4cCI6MTc3NjQ0NDY1MX0.B_p3KbsY5Oc5VUp54Zr-UU8E5bWvACpcDqFXaHlDyFQ","method":"GET","sapi":"cli-server","php_version":"8.1.34"}}
{"time":"2026-04-17 09:14:03","label":"request_start","context":{"uri":"/backend/","method":"POST","sapi":"cli-server","php_version":"8.1.34"}}
{"time":"2026-04-17 09:14:03","label":"request_start","context":{"uri":"/backend/?action=admin_list_events&token=eyJhbGciOiJIUzI1NiIsInR5cCI6IkpXVCJ9.eyJzdWIiOiI5MzcxNTE5OTk5Iiwicm9sZSI6InN1cGVyYWRtaW4iLCJuYW1lIjoiU3VwZXIgQWRtaW4iLCJpYXQiOjE3NzY0MTU4NTEsImV4cCI6MTc3NjQ0NDY1MX0.B_p3KbsY5Oc5VUp54Zr-UU8E5bWvACpcDqFXaHlDyFQ","method":"GET","sapi":"cli-server","php_version":"8.1.34"}}
{"time":"2026-04-17 09:14:04","label":"request_start","context":{"uri":"/backend/","method":"POST","sapi":"cli-server","php_version":"8.1.34"}}
{"time":"2026-04-17 09:14:04","label":"request_start","context":{"uri":"/backend/?action=admin_list_events&token=eyJhbGciOiJIUzI1NiIsInR5cCI6IkpXVCJ9.eyJzdWIiOiI5MzcxNTE5OTk5Iiwicm9sZSI6InN1cGVyYWRtaW4iLCJuYW1lIjoiU3VwZXIgQWRtaW4iLCJpYXQiOjE3NzY0MTU4NTEsImV4cCI6MTc3NjQ0NDY1MX0.B_p3KbsY5Oc5VUp54Zr-UU8E5bWvACpcDqFXaHlDyFQ","method":"GET","sapi":"cli-server","php_version":"8.1.34"}}
{"time":"2026-04-17 09:14:05","label":"request_start","context":{"uri":"/backend/","method":"POST","sapi":"cli-server","php_version":"8.1.34"}}
{"time":"2026-04-17 09:14:05","label":"request_start","context":{"uri":"/backend/?action=admin_list_events&token=eyJhbGciOiJIUzI1NiIsInR5cCI6IkpXVCJ9.eyJzdWIiOiI5MzcxNTE5OTk5Iiwicm9sZSI6InN1cGVyYWRtaW4iLCJuYW1lIjoiU3VwZXIgQWRtaW4iLCJpYXQiOjE3NzY0MTU4NTEsImV4cCI6MTc3NjQ0NDY1MX0.B_p3KbsY5Oc5VUp54Zr-UU8E5bWvACpcDqFXaHlDyFQ","method":"GET","sapi":"cli-server","php_version":"8.1.34"}}
{"time":"2026-04-17 09:14:07","label":"request_start","context":{"uri":"/backend/","method":"POST","sapi":"cli-server","php_version":"8.1.34"}}
{"time":"2026-04-17 09:14:07","label":"request_start","context":{"uri":"/backend/?action=admin_list_events&token=eyJhbGciOiJIUzI1NiIsInR5cCI6IkpXVCJ9.eyJzdWIiOiI5MzcxNTE5OTk5Iiwicm9sZSI6InN1cGVyYWRtaW4iLCJuYW1lIjoiU3VwZXIgQWRtaW4iLCJpYXQiOjE3NzY0MTU4NTEsImV4cCI6MTc3NjQ0NDY1MX0.B_p3KbsY5Oc5VUp54Zr-UU8E5bWvACpcDqFXaHlDyFQ","method":"GET","sapi":"cli-server","php_version":"8.1.34"}}
{"time":"2026-04-17 09:14:09","label":"request_start","context":{"uri":"/backend/","method":"POST","sapi":"cli-server","php_version":"8.1.34"}}
{"time":"2026-04-17 09:14:10","label":"request_start","context":{"uri":"/backend/?action=admin_list_events&token=eyJhbGciOiJIUzI1NiIsInR5cCI6IkpXVCJ9.eyJzdWIiOiI5MzcxNTE5OTk5Iiwicm9sZSI6InN1cGVyYWRtaW4iLCJuYW1lIjoiU3VwZXIgQWRtaW4iLCJpYXQiOjE3NzY0MTU4NTEsImV4cCI6MTc3NjQ0NDY1MX0.B_p3KbsY5Oc5VUp54Zr-UU8E5bWvACpcDqFXaHlDyFQ","method":"GET","sapi":"cli-server","php_version":"8.1.34"}}
{"time":"2026-04-17 09:14:15","label":"request_start","context":{"uri":"/backend/","method":"POST","sapi":"cli-server","php_version":"8.1.34"}}
{"time":"2026-04-17 09:14:15","label":"request_start","context":{"uri":"/backend/?action=admin_list_events&token=eyJhbGciOiJIUzI1NiIsInR5cCI6IkpXVCJ9.eyJzdWIiOiI5MzcxNTE5OTk5Iiwicm9sZSI6InN1cGVyYWRtaW4iLCJuYW1lIjoiU3VwZXIgQWRtaW4iLCJpYXQiOjE3NzY0MTU4NTEsImV4cCI6MTc3NjQ0NDY1MX0.B_p3KbsY5Oc5VUp54Zr-UU8E5bWvACpcDqFXaHlDyFQ","method":"GET","sapi":"cli-server","php_version":"8.1.34"}}
{"time":"2026-04-17 09:14:18","label":"request_start","context":{"uri":"/backend/","method":"POST","sapi":"cli-server","php_version":"8.1.34"}}
{"time":"2026-04-17 09:14:18","label":"request_start","context":{"uri":"/backend/?action=admin_list_events&token=eyJhbGciOiJIUzI1NiIsInR5cCI6IkpXVCJ9.eyJzdWIiOiI5MzcxNTE5OTk5Iiwicm9sZSI6InN1cGVyYWRtaW4iLCJuYW1lIjoiU3VwZXIgQWRtaW4iLCJpYXQiOjE3NzY0MTU4NTEsImV4cCI6MTc3NjQ0NDY1MX0.B_p3KbsY5Oc5VUp54Zr-UU8E5bWvACpcDqFXaHlDyFQ","method":"GET","sapi":"cli-server","php_version":"8.1.34"}}
{"time":"2026-04-17 09:14:20","label":"request_start","context":{"uri":"/backend/","method":"POST","sapi":"cli-server","php_version":"8.1.34"}}
{"time":"2026-04-17 09:14:20","label":"request_start","context":{"uri":"/backend/?action=admin_list_events&token=eyJhbGciOiJIUzI1NiIsInR5cCI6IkpXVCJ9.eyJzdWIiOiI5MzcxNTE5OTk5Iiwicm9sZSI6InN1cGVyYWRtaW4iLCJuYW1lIjoiU3VwZXIgQWRtaW4iLCJpYXQiOjE3NzY0MTU4NTEsImV4cCI6MTc3NjQ0NDY1MX0.B_p3KbsY5Oc5VUp54Zr-UU8E5bWvACpcDqFXaHlDyFQ","method":"GET","sapi":"cli-server","php_version":"8.1.34"}}
{"time":"2026-04-17 09:14:23","label":"request_start","context":{"uri":"/backend/","method":"POST","sapi":"cli-server","php_version":"8.1.34"}}
{"time":"2026-04-17 09:14:23","label":"request_start","context":{"uri":"/backend/?action=admin_list_events&token=eyJhbGciOiJIUzI1NiIsInR5cCI6IkpXVCJ9.eyJzdWIiOiI5MzcxNTE5OTk5Iiwicm9sZSI6InN1cGVyYWRtaW4iLCJuYW1lIjoiU3VwZXIgQWRtaW4iLCJpYXQiOjE3NzY0MTU4NTEsImV4cCI6MTc3NjQ0NDY1MX0.B_p3KbsY5Oc5VUp54Zr-UU8E5bWvACpcDqFXaHlDyFQ","method":"GET","sapi":"cli-server","php_version":"8.1.34"}}
{"time":"2026-04-17 09:14:28","label":"request_start","context":{"uri":"/backend/?action=admin_list_events&token=eyJhbGciOiJIUzI1NiIsInR5cCI6IkpXVCJ9.eyJzdWIiOiI5MzcxNTE5OTk5Iiwicm9sZSI6InN1cGVyYWRtaW4iLCJuYW1lIjoiU3VwZXIgQWRtaW4iLCJpYXQiOjE3NzY0MTU4NTEsImV4cCI6MTc3NjQ0NDY1MX0.B_p3KbsY5Oc5VUp54Zr-UU8E5bWvACpcDqFXaHlDyFQ","method":"GET","sapi":"cli-server","php_version":"8.1.34"}}
{"time":"2026-04-17 09:18:21","label":"request_start","context":{"uri":"/backend/?action=event_guest_report&token=eyJhbGciOiJIUzI1NiIsInR5cCI6IkpXVCJ9.eyJzdWIiOiI5MzcxNTE5OTk5Iiwicm9sZSI6InN1cGVyYWRtaW4iLCJuYW1lIjoiU3VwZXIgQWRtaW4iLCJpYXQiOjE3NzY0MTU4NTEsImV4cCI6MTc3NjQ0NDY1MX0.B_p3KbsY5Oc5VUp54Zr-UU8E5bWvACpcDqFXaHlDyFQ","method":"GET","sapi":"cli-server","php_version":"8.1.34"}}
{"time":"2026-04-17 14:48:21","label":"unhandled_exception","context":{"message":"SQLSTATE[42000]: Syntax error or access violation: 1064 You have an error in your SQL syntax; check the manual that corresponds to your MySQL server version for the right syntax to use near 'BY t.id DESC' at line 22","file":"D:\\GITHUB Projects\\Namaste Kalyan\\namastekalyan\\backend\\src\\Controllers\\EventController.php","line":180}}
{"time":"2026-04-17 09:18:59","label":"request_start","context":{"uri":"/backend/?action=event_guest_report&token=eyJhbGciOiJIUzI1NiIsInR5cCI6IkpXVCJ9.eyJzdWIiOiI5MzcxNTE5OTk5Iiwicm9sZSI6InN1cGVyYWRtaW4iLCJuYW1lIjoiU3VwZXIgQWRtaW4iLCJpYXQiOjE3NzY0MTU4NTEsImV4cCI6MTc3NjQ0NDY1MX0.B_p3KbsY5Oc5VUp54Zr-UU8E5bWvACpcDqFXaHlDyFQ","method":"GET","sapi":"cli-server","php_version":"8.1.34"}}
{"time":"2026-04-17 14:49:00","label":"unhandled_exception","context":{"message":"SQLSTATE[42000]: Syntax error or access violation: 1064 You have an error in your SQL syntax; check the manual that corresponds to your MySQL server version for the right syntax to use near 'BY t.id DESC' at line 22","file":"D:\\GITHUB Projects\\Namaste Kalyan\\namastekalyan\\backend\\src\\Controllers\\EventController.php","line":180}}
{"time":"2026-04-17 09:19:10","label":"request_start","context":{"uri":"/backend/?action=verify&phone=9330033000&token=eyJhbGciOiJIUzI1NiIsInR5cCI6IkpXVCJ9.eyJzdWIiOiI5MzcxNTE5OTk5Iiwicm9sZSI6InN1cGVyYWRtaW4iLCJuYW1lIjoiU3VwZXIgQWRtaW4iLCJpYXQiOjE3NzY0MTU4NTEsImV4cCI6MTc3NjQ0NDY1MX0.B_p3KbsY5Oc5VUp54Zr-UU8E5bWvACpcDqFXaHlDyFQ","method":"GET","sapi":"cli-server","php_version":"8.1.34"}}
{"time":"2026-04-17 09:19:17","label":"request_start","context":{"uri":"/backend/?action=events_list&limit=20&token=eyJhbGciOiJIUzI1NiIsInR5cCI6IkpXVCJ9.eyJzdWIiOiI5MzcxNTE5OTk5Iiwicm9sZSI6InN1cGVyYWRtaW4iLCJuYW1lIjoiU3VwZXIgQWRtaW4iLCJpYXQiOjE3NzY0MTU4NTEsImV4cCI6MTc3NjQ0NDY1MX0.B_p3KbsY5Oc5VUp54Zr-UU8E5bWvACpcDqFXaHlDyFQ","method":"GET","sapi":"cli-server","php_version":"8.1.34"}}
{"time":"2026-04-17 09:19:17","label":"request_start","context":{"uri":"/backend/?action=admin_cash_summary&ledgerDate=2026-04-17&token=eyJhbGciOiJIUzI1NiIsInR5cCI6IkpXVCJ9.eyJzdWIiOiI5MzcxNTE5OTk5Iiwicm9sZSI6InN1cGVyYWRtaW4iLCJuYW1lIjoiU3VwZXIgQWRtaW4iLCJpYXQiOjE3NzY0MTU4NTEsImV4cCI6MTc3NjQ0NDY1MX0.B_p3KbsY5Oc5VUp54Zr-UU8E5bWvACpcDqFXaHlDyFQ","method":"GET","sapi":"cli-server","php_version":"8.1.34"}}
{"time":"2026-04-17 09:20:21","label":"request_start","context":{"uri":"/backend/?action=event_guest_report&token=eyJhbGciOiJIUzI1NiIsInR5cCI6IkpXVCJ9.eyJzdWIiOiI5MzcxNTE5OTk5Iiwicm9sZSI6InN1cGVyYWRtaW4iLCJuYW1lIjoiU3VwZXIgQWRtaW4iLCJpYXQiOjE3NzY0MTU4NTEsImV4cCI6MTc3NjQ0NDY1MX0.B_p3KbsY5Oc5VUp54Zr-UU8E5bWvACpcDqFXaHlDyFQ","method":"GET","sapi":"cli-server","php_version":"8.1.34"}}
{"time":"2026-04-17 14:50:21","label":"unhandled_exception","context":{"message":"SQLSTATE[42000]: Syntax error or access violation: 1064 You have an error in your SQL syntax; check the manual that corresponds to your MySQL server version for the right syntax to use near 'BY t.id DESC' at line 22","file":"D:\\GITHUB Projects\\Namaste Kalyan\\namastekalyan\\backend\\src\\Controllers\\EventController.php","line":180}}
{"time":"2026-04-17 09:22:43","label":"request_start","context":{"uri":"/backend/?action=events_list&limit=20&token=eyJhbGciOiJIUzI1NiIsInR5cCI6IkpXVCJ9.eyJzdWIiOiI5MzcxNTE5OTk5Iiwicm9sZSI6InN1cGVyYWRtaW4iLCJuYW1lIjoiU3VwZXIgQWRtaW4iLCJpYXQiOjE3NzY0MTU4NTEsImV4cCI6MTc3NjQ0NDY1MX0.B_p3KbsY5Oc5VUp54Zr-UU8E5bWvACpcDqFXaHlDyFQ","method":"GET","sapi":"cli-server","php_version":"8.1.34"}}
{"time":"2026-04-17 09:22:43","label":"request_start","context":{"uri":"/backend/?action=admin_cash_summary&ledgerDate=2026-04-17&token=eyJhbGciOiJIUzI1NiIsInR5cCI6IkpXVCJ9.eyJzdWIiOiI5MzcxNTE5OTk5Iiwicm9sZSI6InN1cGVyYWRtaW4iLCJuYW1lIjoiU3VwZXIgQWRtaW4iLCJpYXQiOjE3NzY0MTU4NTEsImV4cCI6MTc3NjQ0NDY1MX0.B_p3KbsY5Oc5VUp54Zr-UU8E5bWvACpcDqFXaHlDyFQ","method":"GET","sapi":"cli-server","php_version":"8.1.34"}}
{"time":"2026-04-17 09:22:46","label":"request_start","context":{"uri":"/backend/","method":"POST","sapi":"cli-server","php_version":"8.1.34"}}
{"time":"2026-04-17 09:22:48","label":"request_start","context":{"uri":"/backend/","method":"POST","sapi":"cli-server","php_version":"8.1.34"}}
{"time":"2026-04-17 09:46:13","label":"request_start","context":{"uri":"/backend/?action=events_list&limit=20&token=eyJhbGciOiJIUzI1NiIsInR5cCI6IkpXVCJ9.eyJzdWIiOiI5MzcxNTE5OTk5Iiwicm9sZSI6InN1cGVyYWRtaW4iLCJuYW1lIjoiU3VwZXIgQWRtaW4iLCJpYXQiOjE3NzY0MTU4NTEsImV4cCI6MTc3NjQ0NDY1MX0.B_p3KbsY5Oc5VUp54Zr-UU8E5bWvACpcDqFXaHlDyFQ","method":"GET","sapi":"cli-server","php_version":"8.1.34"}}
{"time":"2026-04-17 09:46:13","label":"request_start","context":{"uri":"/backend/?action=admin_cash_summary&ledgerDate=2026-04-17&token=eyJhbGciOiJIUzI1NiIsInR5cCI6IkpXVCJ9.eyJzdWIiOiI5MzcxNTE5OTk5Iiwicm9sZSI6InN1cGVyYWRtaW4iLCJuYW1lIjoiU3VwZXIgQWRtaW4iLCJpYXQiOjE3NzY0MTU4NTEsImV4cCI6MTc3NjQ0NDY1MX0.B_p3KbsY5Oc5VUp54Zr-UU8E5bWvACpcDqFXaHlDyFQ","method":"GET","sapi":"cli-server","php_version":"8.1.34"}}
{"time":"2026-04-17 09:46:17","label":"request_start","context":{"uri":"/backend/?action=events_list&limit=20&token=eyJhbGciOiJIUzI1NiIsInR5cCI6IkpXVCJ9.eyJzdWIiOiI5MzcxNTE5OTk5Iiwicm9sZSI6InN1cGVyYWRtaW4iLCJuYW1lIjoiU3VwZXIgQWRtaW4iLCJpYXQiOjE3NzY0MTU4NTEsImV4cCI6MTc3NjQ0NDY1MX0.B_p3KbsY5Oc5VUp54Zr-UU8E5bWvACpcDqFXaHlDyFQ","method":"GET","sapi":"cli-server","php_version":"8.1.34"}}
{"time":"2026-04-17 09:46:17","label":"request_start","context":{"uri":"/backend/?action=admin_cash_summary&ledgerDate=2026-04-17&token=eyJhbGciOiJIUzI1NiIsInR5cCI6IkpXVCJ9.eyJzdWIiOiI5MzcxNTE5OTk5Iiwicm9sZSI6InN1cGVyYWRtaW4iLCJuYW1lIjoiU3VwZXIgQWRtaW4iLCJpYXQiOjE3NzY0MTU4NTEsImV4cCI6MTc3NjQ0NDY1MX0.B_p3KbsY5Oc5VUp54Zr-UU8E5bWvACpcDqFXaHlDyFQ","method":"GET","sapi":"cli-server","php_version":"8.1.34"}}
{"time":"2026-04-17 09:46:19","label":"request_start","context":{"uri":"/backend/?action=event_guest_report&token=eyJhbGciOiJIUzI1NiIsInR5cCI6IkpXVCJ9.eyJzdWIiOiI5MzcxNTE5OTk5Iiwicm9sZSI6InN1cGVyYWRtaW4iLCJuYW1lIjoiU3VwZXIgQWRtaW4iLCJpYXQiOjE3NzY0MTU4NTEsImV4cCI6MTc3NjQ0NDY1MX0.B_p3KbsY5Oc5VUp54Zr-UU8E5bWvACpcDqFXaHlDyFQ","method":"GET","sapi":"cli-server","php_version":"8.1.34"}}
{"time":"2026-04-17 15:16:19","label":"unhandled_exception","context":{"message":"SQLSTATE[42000]: Syntax error or access violation: 1064 You have an error in your SQL syntax; check the manual that corresponds to your MySQL server version for the right syntax to use near 'BY t.id DESC' at line 22","file":"D:\\GITHUB Projects\\Namaste Kalyan\\namastekalyan\\backend\\src\\Controllers\\EventController.php","line":180}}
{"time":"2026-04-17 09:46:22","label":"request_start","context":{"uri":"/backend/?action=admin_list_events&token=eyJhbGciOiJIUzI1NiIsInR5cCI6IkpXVCJ9.eyJzdWIiOiI5MzcxNTE5OTk5Iiwicm9sZSI6InN1cGVyYWRtaW4iLCJuYW1lIjoiU3VwZXIgQWRtaW4iLCJpYXQiOjE3NzY0MTU4NTEsImV4cCI6MTc3NjQ0NDY1MX0.B_p3KbsY5Oc5VUp54Zr-UU8E5bWvACpcDqFXaHlDyFQ","method":"GET","sapi":"cli-server","php_version":"8.1.34"}}
{"time":"2026-04-17 09:47:48","label":"request_start","context":{"uri":"/backend/","method":"POST","sapi":"cli-server","php_version":"8.1.34"}}
{"time":"2026-04-17 09:47:48","label":"request_start","context":{"uri":"/backend/?action=admin_list_events&token=eyJhbGciOiJIUzI1NiIsInR5cCI6IkpXVCJ9.eyJzdWIiOiI5MzcxNTE5OTk5Iiwicm9sZSI6InN1cGVyYWRtaW4iLCJuYW1lIjoiU3VwZXIgQWRtaW4iLCJpYXQiOjE3NzY0MTU4NTEsImV4cCI6MTc3NjQ0NDY1MX0.B_p3KbsY5Oc5VUp54Zr-UU8E5bWvACpcDqFXaHlDyFQ","method":"GET","sapi":"cli-server","php_version":"8.1.34"}}
{"time":"2026-04-17 09:48:29","label":"request_start","context":{"uri":"/backend/","method":"POST","sapi":"cli-server","php_version":"8.1.34"}}
{"time":"2026-04-17 09:48:29","label":"request_start","context":{"uri":"/backend/?action=admin_list_events&token=eyJhbGciOiJIUzI1NiIsInR5cCI6IkpXVCJ9.eyJzdWIiOiI5MzcxNTE5OTk5Iiwicm9sZSI6InN1cGVyYWRtaW4iLCJuYW1lIjoiU3VwZXIgQWRtaW4iLCJpYXQiOjE3NzY0MTU4NTEsImV4cCI6MTc3NjQ0NDY1MX0.B_p3KbsY5Oc5VUp54Zr-UU8E5bWvACpcDqFXaHlDyFQ","method":"GET","sapi":"cli-server","php_version":"8.1.34"}}
{"time":"2026-04-17 09:49:35","label":"request_start","context":{"uri":"/backend/","method":"POST","sapi":"cli-server","php_version":"8.1.34"}}
{"time":"2026-04-17 09:49:35","label":"request_start","context":{"uri":"/backend/?action=admin_list_events&token=eyJhbGciOiJIUzI1NiIsInR5cCI6IkpXVCJ9.eyJzdWIiOiI5MzcxNTE5OTk5Iiwicm9sZSI6InN1cGVyYWRtaW4iLCJuYW1lIjoiU3VwZXIgQWRtaW4iLCJpYXQiOjE3NzY0MTU4NTEsImV4cCI6MTc3NjQ0NDY1MX0.B_p3KbsY5Oc5VUp54Zr-UU8E5bWvACpcDqFXaHlDyFQ","method":"GET","sapi":"cli-server","php_version":"8.1.34"}}
{"time":"2026-04-17 09:52:43","label":"request_start","context":{"uri":"/backend/","method":"POST","sapi":"cli-server","php_version":"8.1.34"}}
{"time":"2026-04-17 09:52:52","label":"request_start","context":{"uri":"/backend/?action=admin_list_events&token=eyJhbGciOiJIUzI1NiIsInR5cCI6IkpXVCJ9.eyJzdWIiOiI5MzcxNTE5OTk5Iiwicm9sZSI6InN1cGVyYWRtaW4iLCJuYW1lIjoiU3VwZXIgQWRtaW4iLCJpYXQiOjE3NzY0MTU4NTEsImV4cCI6MTc3NjQ0NDY1MX0.B_p3KbsY5Oc5VUp54Zr-UU8E5bWvACpcDqFXaHlDyFQ","method":"GET","sapi":"cli-server","php_version":"8.1.34"}}
{"time":"2026-04-17 09:52:54","label":"request_start","context":{"uri":"/backend/?action=admin_list_events&token=eyJhbGciOiJIUzI1NiIsInR5cCI6IkpXVCJ9.eyJzdWIiOiI5MzcxNTE5OTk5Iiwicm9sZSI6InN1cGVyYWRtaW4iLCJuYW1lIjoiU3VwZXIgQWRtaW4iLCJpYXQiOjE3NzY0MTU4NTEsImV4cCI6MTc3NjQ0NDY1MX0.B_p3KbsY5Oc5VUp54Zr-UU8E5bWvACpcDqFXaHlDyFQ","method":"GET","sapi":"cli-server","php_version":"8.1.34"}}
